PRAGMA foreign_keys=OFF;
BEGIN TRANSACTION;
CREATE TABLE "schema_migrations" ("version" varchar(255) NOT NULL);
INSERT INTO "schema_migrations" VALUES('20130419183529');
INSERT INTO "schema_migrations" VALUES('20130419183530');
INSERT INTO "schema_migrations" VALUES('20130419183531');
INSERT INTO "schema_migrations" VALUES('20130419183532');
INSERT INTO "schema_migrations" VALUES('20130419183533');
INSERT INTO "schema_migrations" VALUES('20130419183534');
INSERT INTO "schema_migrations" VALUES('20130419183535');
INSERT INTO "schema_migrations" VALUES('20130419183536');
INSERT INTO "schema_migrations" VALUES('20130419183537');
INSERT INTO "schema_migrations" VALUES('20130419183538');
INSERT INTO "schema_migrations" VALUES('20130419183539');
INSERT INTO "schema_migrations" VALUES('20130419183540');
INSERT INTO "schema_migrations" VALUES('20130419183541');
INSERT INTO "schema_migrations" VALUES('20130419183542');
INSERT INTO "schema_migrations" VALUES('20130419183543');
INSERT INTO "schema_migrations" VALUES('20130419183544');
INSERT INTO "schema_migrations" VALUES('20130419183545');
INSERT INTO "schema_migrations" VALUES('20130419183546');
INSERT INTO "schema_migrations" VALUES('20130419183547');
INSERT INTO "schema_migrations" VALUES('20130419183548');
INSERT INTO "schema_migrations" VALUES('20130419183549');
INSERT INTO "schema_migrations" VALUES('20130419183550');
INSERT INTO "schema_migrations" VALUES('20130419183551');
INSERT INTO "schema_migrations" VALUES('20130419183552');
INSERT INTO "schema_migrations" VALUES('20130419183553');
INSERT INTO "schema_migrations" VALUES('20130419183554');
INSERT INTO "schema_migrations" VALUES('20130419183555');
INSERT INTO "schema_migrations" VALUES('20130419183556');
INSERT INTO "schema_migrations" VALUES('20130419183557');
INSERT INTO "schema_migrations" VALUES('20130419183558');
INSERT INTO "schema_migrations" VALUES('20130419183559');
INSERT INTO "schema_migrations" VALUES('20130419183560');
CREATE TABLE "spree_activators" ("id" INTEGER PRIMARY KEY AUTOINCREMENT NOT NULL, "description" varchar(255), "expires_at" datetime, "starts_at" datetime, "name" varchar(255), "event_name" varchar(255), "type" varchar(255), "usage_limit" integer, "match_policy" varchar(255) DEFAULT 'all', "code" varchar(255), "advertise" boolean DEFAULT 'f', "path" varchar(255), "created_at" datetime NOT NULL, "updated_at" datetime NOT NULL);
CREATE TABLE "spree_addresses" ("id" INTEGER PRIMARY KEY AUTOINCREMENT NOT NULL, "firstname" varchar(255), "lastname" varchar(255), "address1" varchar(255), "address2" varchar(255), "city" varchar(255), "zipcode" varchar(255), "phone" varchar(255), "state_name" varchar(255), "alternative_phone" varchar(255), "company" varchar(255), "state_id" integer, "country_id" integer, "created_at" datetime NOT NULL, "updated_at" datetime NOT NULL);
INSERT INTO "spree_addresses" VALUES(4255125,'Winona','Kerluke','5041 Sanford Expressway','Apt. 850','Huelsbury','16804','1-130-490-6125',NULL,NULL,NULL,889445952,214,'2013-05-06 20:21:40','2013-05-06 20:21:40');
INSERT INTO "spree_addresses" VALUES(13458289,'Zena','Crooks','28046 Mayer Knolls','Apt. 549','Oletaport','16804','130-144-7933 x8742',NULL,NULL,NULL,889445952,214,'2013-05-06 20:21:40','2013-05-06 20:21:40');
INSERT INTO "spree_addresses" VALUES(14629780,'Elian','Reichert','0941 Camren Overpass','Suite 762','East Rosa','16804','(522)364-8253',NULL,NULL,NULL,889445952,214,'2013-05-06 20:21:40','2013-05-06 20:21:40');
INSERT INTO "spree_addresses" VALUES(19868593,'Wilfrid','Batz','987 Flossie Gardens','Suite 621','Eunaside','16804','(667)918-6796',NULL,NULL,NULL,889445952,214,'2013-05-06 20:21:40','2013-05-06 20:21:40');
INSERT INTO "spree_addresses" VALUES(21308770,'Viola','Cummerata','1235 Cassin Courts','Suite 410','West Kennedy','16804','278-930-9525 x312',NULL,NULL,NULL,889445952,214,'2013-05-06 20:21:40','2013-05-06 20:21:40');
INSERT INTO "spree_addresses" VALUES(42184090,'Madelynn','Vandervort','9163 Yundt Lakes','Apt. 659','New Hermannhaven','16804','911-249-5761',NULL,NULL,NULL,889445952,214,'2013-05-06 20:21:40','2013-05-06 20:21:40');
INSERT INTO "spree_addresses" VALUES(42776516,'Kenya','McClure','647 Marley Common','Suite 057','Kylaton','16804','534.780.6760 x2476',NULL,NULL,NULL,889445952,214,'2013-05-06 20:21:40','2013-05-06 20:21:40');
INSERT INTO "spree_addresses" VALUES(48866121,'Sherwood','Senger','322 Norwood Views','Apt. 399','Laneborough','16804','(449)970-7607',NULL,NULL,NULL,889445952,214,'2013-05-06 20:21:40','2013-05-06 20:21:40');
INSERT INTO "spree_addresses" VALUES(56745288,'Jovani','Altenwerth','279 Heaney Harbors','Apt. 839','New Larissaberg','16804','939.754.9417 x28817',NULL,NULL,NULL,889445952,214,'2013-05-06 20:21:40','2013-05-06 20:21:40');
INSERT INTO "spree_addresses" VALUES(57916861,'Reginald','Kerluke','93624 Pagac Extension','Suite 446','Millsland','16804','398-805-8147',NULL,NULL,NULL,889445952,214,'2013-05-06 20:21:40','2013-05-06 20:21:40');
INSERT INTO "spree_addresses" VALUES(65825724,'Creola','Kautzer','950 Ryan Throughway','Suite 652','Marcofurt','16804','328-549-6849 x0865',NULL,NULL,NULL,889445952,214,'2013-05-06 20:21:40','2013-05-06 20:21:40');
INSERT INTO "spree_addresses" VALUES(67901793,'Haskell','Kohler','27716 Rodriguez Burgs','Suite 991','East Tia','16804','086.410.0174',NULL,NULL,NULL,889445952,214,'2013-05-06 20:21:40','2013-05-06 20:21:40');
INSERT INTO "spree_addresses" VALUES(69106084,'Rodger','Vandervort','20089 Wintheiser Field','Suite 605','New Laila','16804','1-844-277-0788 x66309',NULL,NULL,NULL,889445952,214,'2013-05-06 20:21:40','2013-05-06 20:21:40');
INSERT INTO "spree_addresses" VALUES(74741621,'Velda','Olson','3711 Mazie Drive','Suite 032','Lake Elisamouth','16804','(383)825-5638',NULL,NULL,NULL,889445952,214,'2013-05-06 20:21:40','2013-05-06 20:21:40');
INSERT INTO "spree_addresses" VALUES(99510657,'Keagan','Koepp','93121 Lance Path','Suite 058','North Aliya','16804','225-559-4753 x5272',NULL,NULL,NULL,889445952,214,'2013-05-06 20:21:40','2013-05-06 20:21:40');
INSERT INTO "spree_addresses" VALUES(105050026,'Monroe','Miller','1921 Wilderman Club','Apt. 376','Alexandrineport','16804','(315)231-0102',NULL,NULL,NULL,889445952,214,'2013-05-06 20:21:40','2013-05-06 20:21:40');
INSERT INTO "spree_addresses" VALUES(126041504,'Aubree','Ritchie','227 Anderson Extensions','Suite 017','Port Ryann','16804','585-628-5202',NULL,NULL,NULL,889445952,214,'2013-05-06 20:21:40','2013-05-06 20:21:40');
INSERT INTO "spree_addresses" VALUES(127967096,'Arely','Schinner','298 Maia Dam','Suite 469','Meredithstad','16804','688-450-7342',NULL,NULL,NULL,889445952,214,'2013-05-06 20:21:40','2013-05-06 20:21:40');
INSERT INTO "spree_addresses" VALUES(129171341,'Janick','Stiedemann','56443 Eric Green','Apt. 822','Andreston','16804','631-102-2064 x6834',NULL,NULL,NULL,889445952,214,'2013-05-06 20:21:40','2013-05-06 20:21:40');
INSERT INTO "spree_addresses" VALUES(131658076,'Daphne','Schmidt','568 Cummerata Lane','Apt. 653','Jesseport','16804','936.048.9971',NULL,NULL,NULL,889445952,214,'2013-05-06 20:21:40','2013-05-06 20:21:40');
INSERT INTO "spree_addresses" VALUES(144271260,'Amira','Flatley','6404 Oga Summit','Suite 152','East Gregoriashire','16804','(577)989-7990 x18334',NULL,NULL,NULL,889445952,214,'2013-05-06 20:21:40','2013-05-06 20:21:40');
INSERT INTO "spree_addresses" VALUES(148965812,'Geoffrey','Harris','2306 Huel Plains','Apt. 893','South Jessikaview','16804','547.284.1366',NULL,NULL,NULL,889445952,214,'2013-05-06 20:21:40','2013-05-06 20:21:40');
INSERT INTO "spree_addresses" VALUES(150169931,'Madisen','McCullough','43516 Armstrong Crossing','Suite 837','North Staceytown','16804','1-843-338-7850',NULL,NULL,NULL,889445952,214,'2013-05-06 20:21:40','2013-05-06 20:21:40');
INSERT INTO "spree_addresses" VALUES(151222638,'Solon','Donnelly','079 Pouros Spur','Apt. 960','Tillmanchester','16804','001.512.8599',NULL,NULL,NULL,889445952,214,'2013-05-06 20:21:40','2013-05-06 20:21:40');
INSERT INTO "spree_addresses" VALUES(152115607,'Madison','Hackett','913 Bednar Viaduct','Suite 543','Morissetteberg','16804','1-614-492-7685',NULL,NULL,NULL,889445952,214,'2013-05-06 20:21:40','2013-05-06 20:21:40');
INSERT INTO "spree_addresses" VALUES(165986627,'Alvena','Tillman','9470 Reilly Plaza','Apt. 195','Teresahaven','16804','(499)674-4627',NULL,NULL,NULL,889445952,214,'2013-05-06 20:21:40','2013-05-06 20:21:40');
INSERT INTO "spree_addresses" VALUES(167158202,'Fred','Lesch','27388 Quitzon Lights','Suite 888','West Jeanette','16804','(981)633-8033',NULL,NULL,NULL,889445952,214,'2013-05-06 20:21:40','2013-05-06 20:21:40');
INSERT INTO "spree_addresses" VALUES(171295127,'Maiya','Spencer','865 Rippin Walk','Suite 234','Schustershire','16804','(957)193-5510',NULL,NULL,NULL,889445952,214,'2013-05-06 20:21:40','2013-05-06 20:21:40');
INSERT INTO "spree_addresses" VALUES(172509034,'Lourdes','Gleason','66569 Rosa Dam','Suite 856','Adahborough','16804','1-142-697-0115 x33973',NULL,NULL,NULL,889445952,214,'2013-05-06 20:21:40','2013-05-06 20:21:40');
INSERT INTO "spree_addresses" VALUES(173680531,'Everardo','Rowe','5899 Torphy Spur','Apt. 248','Lake Bryana','16804','977-426-1979 x94979',NULL,NULL,NULL,889445952,214,'2013-05-06 20:21:40','2013-05-06 20:21:40');
INSERT INTO "spree_addresses" VALUES(179306311,'Avery','Larson','2282 Bogan Point','Suite 101','East Dudley','16804','417-015-9178',NULL,NULL,NULL,889445952,214,'2013-05-06 20:21:40','2013-05-06 20:21:40');
INSERT INTO "spree_addresses" VALUES(180199358,'Kathryne','Streich','268 Pouros Way','Suite 694','North Esta','16804','1-322-599-2444',NULL,NULL,NULL,889445952,214,'2013-05-06 20:21:40','2013-05-06 20:21:40');
INSERT INTO "spree_addresses" VALUES(188080563,'Dariana','Friesen','7275 Justine Unions','Suite 526','Lake Javier','16804','502.513.3268 x1532',NULL,NULL,NULL,889445952,214,'2013-05-06 20:21:40','2013-05-06 20:21:40');
INSERT INTO "spree_addresses" VALUES(189632411,'Gay','Feest','364 Hessel Haven','Apt. 482','Lilychester','16804','(438)147-7787 x55343',NULL,NULL,NULL,889445952,214,'2013-05-06 20:21:40','2013-05-06 20:21:40');
INSERT INTO "spree_addresses" VALUES(190836580,'Frederic','Ferry','44367 Ward Expressway','Suite 769','Osinskibury','16804','(429)663-4055 x33662',NULL,NULL,NULL,889445952,214,'2013-05-06 20:21:40','2013-05-06 20:21:40');
INSERT INTO "spree_addresses" VALUES(203443076,'Jasper','Tillman','774 Berniece Glens','Suite 202','West Elsa','16804','338.157.1580',NULL,NULL,NULL,889445952,214,'2013-05-06 20:21:40','2013-05-06 20:21:40');
INSERT INTO "spree_addresses" VALUES(204614523,'Valentin','Mraz','02982 Carmine Road','Suite 710','Ziemannland','16804','156-465-5191 x4679',NULL,NULL,NULL,889445952,214,'2013-05-06 20:21:40','2013-05-06 20:21:40');
INSERT INTO "spree_addresses" VALUES(220562291,'Harry','Wilderman','472 Bert Terrace','Suite 064','Russview','16804','625-659-8718 x80759',NULL,NULL,NULL,889445952,214,'2013-05-06 20:21:40','2013-05-06 20:21:40');
INSERT INTO "spree_addresses" VALUES(221766538,'Kailyn','Goldner','3938 Kshlerin Plain','Apt. 759','South Idellachester','16804','(668)165-2457 x262',NULL,NULL,NULL,889445952,214,'2013-05-06 20:21:40','2013-05-06 20:21:40');
INSERT INTO "spree_addresses" VALUES(223872400,'Torrance','Herman','15791 Altenwerth Road','Apt. 302','West Jessika','16804','(456)100-1379 x632',NULL,NULL,NULL,889445952,214,'2013-05-06 20:21:40','2013-05-06 20:21:40');
INSERT INTO "spree_addresses" VALUES(229127567,'Laverne','Stoltenberg','502 Derek Row','Suite 927','Cormierview','16804','957-053-7642 x57239',NULL,NULL,NULL,889445952,214,'2013-05-06 20:21:40','2013-05-06 20:21:40');
INSERT INTO "spree_addresses" VALUES(230832990,'Stephania','Cole','5474 Luettgen Square','Suite 413','Ortizstad','16804','325.224.8634 x0604',NULL,NULL,NULL,889445952,214,'2013-05-06 20:21:40','2013-05-06 20:21:40');
INSERT INTO "spree_addresses" VALUES(231758759,'Dewayne','Wilderman','501 Zemlak Throughway','Suite 428','Port Lisa','16804','(685)797-9368 x9152',NULL,NULL,NULL,889445952,214,'2013-05-06 20:21:40','2013-05-06 20:21:40');
INSERT INTO "spree_addresses" VALUES(235189158,'Rafael','Mraz','94705 McCullough Pass','Apt. 623','South Lazaro','16804','258.901.5260 x445',NULL,NULL,NULL,889445952,214,'2013-05-06 20:21:40','2013-05-06 20:21:40');
INSERT INTO "spree_addresses" VALUES(238383541,'Erna','Bartell','193 Floyd Parkways','Apt. 066','New Sabryna','16804','938-956-8532 x46171',NULL,NULL,NULL,889445952,214,'2013-05-06 20:21:40','2013-05-06 20:21:40');
INSERT INTO "spree_addresses" VALUES(242138487,'Avery','Schulist','723 Tod Landing','Suite 923','Kennediland','16804','1-853-755-6438',NULL,NULL,NULL,889445952,214,'2013-05-06 20:21:40','2013-05-06 20:21:40');
INSERT INTO "spree_addresses" VALUES(243064206,'Bethany','Gutkowski','569 Cole Club','Suite 788','Kozeyview','16804','233.369.3056',NULL,NULL,NULL,889445952,214,'2013-05-06 20:21:40','2013-05-06 20:21:40');
INSERT INTO "spree_addresses" VALUES(243860826,'D''angelo','Harber','86831 Jayce Causeway','Suite 720','West Myleston','16804','1-610-063-2692 x7291',NULL,NULL,NULL,889445952,214,'2013-05-06 20:21:40','2013-05-06 20:21:40');
INSERT INTO "spree_addresses" VALUES(245065123,'Benny','McClure','5468 Koelpin Club','Apt. 411','North Antwanport','16804','(176)047-7490',NULL,NULL,NULL,889445952,214,'2013-05-06 20:21:40','2013-05-06 20:21:40');
INSERT INTO "spree_addresses" VALUES(260885931,'Maximillian','Sauer','1556 Hammes Lake','Suite 621','New Alvina','16804','1-089-068-3703',NULL,NULL,NULL,889445952,214,'2013-05-06 20:21:40','2013-05-06 20:21:40');
INSERT INTO "spree_addresses" VALUES(262057300,'Lew','Steuber','00598 Altenwerth Run','Apt. 621','Danielberg','16804','859.350.2148',NULL,NULL,NULL,889445952,214,'2013-05-06 20:21:40','2013-05-06 20:21:40');
INSERT INTO "spree_addresses" VALUES(269101270,'Marcus','O''Kon','8008 Bins Expressway','Apt. 177','South Anitaberg','16804','634.771.0318 x5356',NULL,NULL,NULL,889445952,214,'2013-05-06 20:21:40','2013-05-06 20:21:40');
INSERT INTO "spree_addresses" VALUES(270026799,'Mose','Wilderman','24429 Mae Corners','Apt. 676','Itzeltown','16804','341.955.2435 x5670',NULL,NULL,NULL,889445952,214,'2013-05-06 20:21:40','2013-05-06 20:21:40');
INSERT INTO "spree_addresses" VALUES(273802266,'Gisselle','Reichel','264 Stamm Shores','Apt. 379','New Clovis','16804','(113)658-3946',NULL,NULL,NULL,889445952,214,'2013-05-06 20:21:40','2013-05-06 20:21:40');
INSERT INTO "spree_addresses" VALUES(284004603,'Lindsay','Ledner','444 Klocko Pike','Apt. 919','Wintheiserville','16804','912-220-0841 x5072',NULL,NULL,NULL,889445952,214,'2013-05-06 20:21:40','2013-05-06 20:21:40');
INSERT INTO "spree_addresses" VALUES(285208578,'Lionel','Bednar','439 Henry Lock','Suite 033','Bradtketown','16804','450.159.3537',NULL,NULL,NULL,889445952,214,'2013-05-06 20:21:40','2013-05-06 20:21:40');
INSERT INTO "spree_addresses" VALUES(300439564,'Cristian','Schuster','76503 Lowell Knoll','Suite 736','East Bonita','16804','963-010-8545 x846',NULL,NULL,NULL,889445952,214,'2013-05-06 20:21:40','2013-05-06 20:21:40');
INSERT INTO "spree_addresses" VALUES(301611251,'Lorine','Daniel','08789 Koss Ferry','Suite 527','Kulasville','16804','307-291-0001 x9655',NULL,NULL,NULL,889445952,214,'2013-05-06 20:21:40','2013-05-06 20:21:40');
INSERT INTO "spree_addresses" VALUES(306503203,'Alycia','Wiza','3299 Gustavo Brooks','Apt. 412','Jaronhaven','16804','412-565-8463',NULL,NULL,NULL,889445952,214,'2013-05-06 20:21:40','2013-05-06 20:21:40');
INSERT INTO "spree_addresses" VALUES(307674844,'Rachael','Halvorson','86053 Erdman Groves','Suite 928','East Wilhelminebury','16804','(487)113-1012',NULL,NULL,NULL,889445952,214,'2013-05-06 20:21:40','2013-05-06 20:21:40');
INSERT INTO "spree_addresses" VALUES(323032786,'Maximilian','Kub','291 Oberbrunner Place','Suite 244','Rasheedberg','16804','468.878.2439 x4990',NULL,NULL,NULL,889445952,214,'2013-05-06 20:21:40','2013-05-06 20:21:40');
INSERT INTO "spree_addresses" VALUES(324236843,'Schuyler','Rice','6407 Conn Shoals','Apt. 647','Boehmfort','16804','397-907-4350 x06289',NULL,NULL,NULL,889445952,214,'2013-05-06 20:21:40','2013-05-06 20:21:40');
INSERT INTO "spree_addresses" VALUES(329690879,'Bettie','Schaefer','7371 Weimann Rue','Suite 480','North Camrenview','16804','196.216.9542 x4224',NULL,NULL,NULL,889445952,214,'2013-05-06 20:21:40','2013-05-06 20:21:40');
INSERT INTO "spree_addresses" VALUES(330616326,'Alayna','Kassulke','6836 Kitty Lane','Suite 550','Adamchester','16804','(390)745-9798 x836',NULL,NULL,NULL,889445952,214,'2013-05-06 20:21:40','2013-05-06 20:21:40');
INSERT INTO "spree_addresses" VALUES(338481867,'Carmel','Dietrich','88362 Schneider Tunnel','Suite 311','Port Roy','16804','1-289-137-7850',NULL,NULL,NULL,889445952,214,'2013-05-06 20:21:40','2013-05-06 20:21:40');
INSERT INTO "spree_addresses" VALUES(339653170,'Alek','Ryan','2083 Haleigh Divide','Suite 193','Brownmouth','16804','(716)960-0944 x356',NULL,NULL,NULL,889445952,214,'2013-05-06 20:21:40','2013-05-06 20:21:40');
INSERT INTO "spree_addresses" VALUES(340874296,'Nathan','Hermann','2788 Schiller Vista','Suite 912','Murazikfort','16804','1-217-502-4332 x301',NULL,NULL,NULL,889445952,214,'2013-05-06 20:21:40','2013-05-06 20:21:40');
INSERT INTO "spree_addresses" VALUES(347276494,'Erna','Leuschke','86371 Veum Coves','Apt. 708','Laurelfort','16804','803.819.6311',NULL,NULL,NULL,889445952,214,'2013-05-06 20:21:40','2013-05-06 20:21:40');
INSERT INTO "spree_addresses" VALUES(348875494,'Noble','Ortiz','745 Emmanuel Pike','Suite 742','West Zoey','16804','814-712-8589',NULL,NULL,NULL,889445952,214,'2013-05-06 20:21:40','2013-05-06 20:21:40');
INSERT INTO "spree_addresses" VALUES(349768223,'Jamal','Schultz','82953 Lavina Forges','Apt. 028','New Giles','16804','1-842-118-1286 x77567',NULL,NULL,NULL,889445952,214,'2013-05-06 20:21:40','2013-05-06 20:21:40');
INSERT INTO "spree_addresses" VALUES(355015228,'Kareem','Keeling','35588 Laverna Walks','Apt. 178','South Betteport','16804','713-162-3635 x533',NULL,NULL,NULL,889445952,214,'2013-05-06 20:21:40','2013-05-06 20:21:40');
INSERT INTO "spree_addresses" VALUES(356219587,'Leanne','Goyette','55817 Ledner Loaf','Apt. 963','Lizzieside','16804','1-925-899-9835 x6537',NULL,NULL,NULL,889445952,214,'2013-05-06 20:21:40','2013-05-06 20:21:40');
INSERT INTO "spree_addresses" VALUES(377854995,'Dante','Koepp','3417 Ledner Divide','Suite 915','Port Alexandreafort','16804','394-682-3152',NULL,NULL,NULL,889445952,214,'2013-05-06 20:21:40','2013-05-06 20:21:40');
INSERT INTO "spree_addresses" VALUES(379059436,'Archibald','Schumm','05315 King Crossroad','Suite 528','Emardview','16804','232.296.2255',NULL,NULL,NULL,889445952,214,'2013-05-06 20:21:40','2013-05-06 20:21:40');
INSERT INTO "spree_addresses" VALUES(387941095,'Andres','Hayes','66954 Genoveva Prairie','Suite 705','West Paul','16804','230-853-5248',NULL,NULL,NULL,889445952,214,'2013-05-06 20:21:40','2013-05-06 20:21:40');
INSERT INTO "spree_addresses" VALUES(389816337,'Tommie','Dicki','386 Kuhic Ferry','Suite 363','Port Eric','16804','453.359.6765',NULL,NULL,NULL,889445952,214,'2013-05-06 20:21:40','2013-05-06 20:21:40');
INSERT INTO "spree_addresses" VALUES(392686799,'Jackie','Dach','020 Filiberto Forest','Apt. 446','East Juvenal','16804','1-415-875-7772',NULL,NULL,NULL,889445952,214,'2013-05-06 20:21:40','2013-05-06 20:21:40');
INSERT INTO "spree_addresses" VALUES(393579574,'Floy','Green','944 Osinski Court','Suite 407','East Mosehaven','16804','653-048-2521 x0124',NULL,NULL,NULL,889445952,214,'2013-05-06 20:21:40','2013-05-06 20:21:40');
INSERT INTO "spree_addresses" VALUES(394286306,'Birdie','Treutel','21654 Johann Circle','Suite 979','Lindgrenfort','16804','168.316.1535 x2109',NULL,NULL,NULL,889445952,214,'2013-05-06 20:21:40','2013-05-06 20:21:40');
INSERT INTO "spree_addresses" VALUES(395457563,'Burley','Torphy','23157 Theodore Mall','Apt. 120','North Hankview','16804','1-084-746-4958 x9308',NULL,NULL,NULL,889445952,214,'2013-05-06 20:21:40','2013-05-06 20:21:40');
INSERT INTO "spree_addresses" VALUES(405174797,'Ryann','Dietrich','2855 McCullough Park','Apt. 581','Ritchieborough','16804','760.472.0031 x647',NULL,NULL,NULL,889445952,214,'2013-05-06 20:21:40','2013-05-06 20:21:40');
INSERT INTO "spree_addresses" VALUES(408818721,'Art','Wehner','155 Wyman Passage','Apt. 671','Mitchellshire','16804','(483)258-3060',NULL,NULL,NULL,889445952,214,'2013-05-06 20:21:40','2013-05-06 20:21:40');
INSERT INTO "spree_addresses" VALUES(421966440,'Effie','Kautzer','5499 Hamill Cove','Suite 720','Spencerview','16804','(902)543-8846 x078',NULL,NULL,NULL,889445952,214,'2013-05-06 20:21:40','2013-05-06 20:21:40');
INSERT INTO "spree_addresses" VALUES(425450708,'Aryanna','Homenick','97376 Mueller Causeway','Apt. 542','North Ebba','16804','466-997-8521 x0420',NULL,NULL,NULL,889445952,214,'2013-05-06 20:21:40','2013-05-06 20:21:40');
INSERT INTO "spree_addresses" VALUES(432278229,'Uriel','Gutmann','273 Karelle Centers','Suite 719','Abbottberg','16804','1-429-835-5560 x7715',NULL,NULL,NULL,889445952,214,'2013-05-06 20:21:40','2013-05-06 20:21:40');
INSERT INTO "spree_addresses" VALUES(433482288,'Ashtyn','Nicolas','2220 Reece Parks','Apt. 940','Kaleighfurt','16804','(030)615-6114 x550',NULL,NULL,NULL,889445952,214,'2013-05-06 20:21:40','2013-05-06 20:21:40');
INSERT INTO "spree_addresses" VALUES(443059452,'Brett','Abshire','2825 Bogisich Cliffs','Apt. 530','Lavonneborough','16804','1-764-087-4031 x581',NULL,NULL,NULL,889445952,214,'2013-05-06 20:21:40','2013-05-06 20:21:40');
INSERT INTO "spree_addresses" VALUES(444263433,'Marc','Abshire','403 Reymundo Ways','Suite 927','Felipeburgh','16804','786.221.1744 x379',NULL,NULL,NULL,889445952,214,'2013-05-06 20:21:40','2013-05-06 20:21:40');
INSERT INTO "spree_addresses" VALUES(452418301,'Timmy','Beatty','7921 Mosciski Inlet','Suite 525','South Isabelview','16804','1-096-039-1791',NULL,NULL,NULL,889445952,214,'2013-05-06 20:21:40','2013-05-06 20:21:40');
INSERT INTO "spree_addresses" VALUES(462093350,'Marie','Effertz','3174 Donnelly Estates','Apt. 804','Halvorsonland','16804','187-652-6124 x39227',NULL,NULL,NULL,889445952,214,'2013-05-06 20:21:40','2013-05-06 20:21:40');
INSERT INTO "spree_addresses" VALUES(468881930,'Vicenta','Gulgowski','362 Myrl Cliff','Apt. 049','South Juvenalberg','16804','1-451-842-1251',NULL,NULL,NULL,889445952,214,'2013-05-06 20:21:40','2013-05-06 20:21:40');
INSERT INTO "spree_addresses" VALUES(484915261,'Hans','Turcotte','593 Vernon Square','Apt. 663','Cristinafurt','16804','232-385-5238',NULL,NULL,NULL,889445952,214,'2013-05-06 20:21:40','2013-05-06 20:21:40');
INSERT INTO "spree_addresses" VALUES(486885605,'Roberto','Volkman','470 Cloyd Place','Apt. 803','Halvorsonmouth','16804','839-752-5689 x8787',NULL,NULL,NULL,889445952,214,'2013-05-06 20:21:40','2013-05-06 20:21:40');
INSERT INTO "spree_addresses" VALUES(488056864,'Bernadine','Satterfield','125 Morar Crossing','Suite 684','West Kiaratown','16804','(536)279-4585 x762',NULL,NULL,NULL,889445952,214,'2013-05-06 20:21:40','2013-05-06 20:21:40');
INSERT INTO "spree_addresses" VALUES(493831732,'Cleve','Little','910 Swift Summit','Suite 922','East Tremayne','16804','565.932.7447',NULL,NULL,NULL,889445952,214,'2013-05-06 20:21:40','2013-05-06 20:21:40');
INSERT INTO "spree_addresses" VALUES(501684253,'Tressa','Jakubowski','0283 Lia Plaza','Suite 356','Keeganberg','16804','1-718-907-0167 x8666',NULL,NULL,NULL,889445952,214,'2013-05-06 20:21:40','2013-05-06 20:21:40');
INSERT INTO "spree_addresses" VALUES(514445004,'Nathen','O''Reilly','64086 Bahringer Lake','Apt. 639','East Alvaside','16804','488.909.4364 x174',NULL,NULL,NULL,889445952,214,'2013-05-06 20:21:40','2013-05-06 20:21:40');
INSERT INTO "spree_addresses" VALUES(515616313,'Jo','Goyette','88979 Rippin Well','Suite 346','Krajcikside','16804','805.510.3883 x7975',NULL,NULL,NULL,889445952,214,'2013-05-06 20:21:40','2013-05-06 20:21:40');
INSERT INTO "spree_addresses" VALUES(516145181,'Mya','Hartmann','733 Green Brooks','Apt. 074','Lake Meda','16804','1-169-894-0629 x949',NULL,NULL,NULL,889445952,214,'2013-05-06 20:21:40','2013-05-06 20:21:40');
INSERT INTO "spree_addresses" VALUES(525057558,'Aaliyah','Windler','5350 Sedrick Villages','Suite 044','Pinkieburgh','16804','601.768.8751',NULL,NULL,NULL,889445952,214,'2013-05-06 20:21:40','2013-05-06 20:21:40');
INSERT INTO "spree_addresses" VALUES(538489458,'Cydney','Turcotte','201 Reilly Trail','Suite 430','South Adriel','16804','475.801.9836 x71587',NULL,NULL,NULL,889445952,214,'2013-05-06 20:21:40','2013-05-06 20:21:40');
INSERT INTO "spree_addresses" VALUES(540741786,'Laurine','Kunze','69563 Jairo Land','Suite 329','North Terrence','16804','323.765.7834',NULL,NULL,NULL,889445952,214,'2013-05-06 20:21:40','2013-05-06 20:21:40');
INSERT INTO "spree_addresses" VALUES(543218782,'Daphney','Price','86530 Crist Well','Suite 833','Elvamouth','16804','1-566-252-7174',NULL,NULL,NULL,889445952,214,'2013-05-06 20:21:40','2013-05-06 20:21:40');
INSERT INTO "spree_addresses" VALUES(544390305,'Trey','Labadie','50731 Mercedes Cape','Suite 875','Trantowborough','16804','(081)097-2760',NULL,NULL,NULL,889445952,214,'2013-05-06 20:21:40','2013-05-06 20:21:40');
INSERT INTO "spree_addresses" VALUES(545743993,'Crystal','Larkin','02858 Spencer Land','Suite 882','Cydneystad','16804','522.706.3463 x851',NULL,NULL,NULL,889445952,214,'2013-05-06 20:21:40','2013-05-06 20:21:40');
INSERT INTO "spree_addresses" VALUES(546636942,'Ashton','Funk','24500 Delbert Light','Apt. 916','Hudsonshire','16804','(392)938-2403 x23483',NULL,NULL,NULL,889445952,214,'2013-05-06 20:21:40','2013-05-06 20:21:40');
INSERT INTO "spree_addresses" VALUES(562211972,'Ansley','Schamberger','79001 Marisa Wall','Apt. 340','South Pink','16804','838-151-6149 x65806',NULL,NULL,NULL,889445952,214,'2013-05-06 20:21:40','2013-05-06 20:21:40');
INSERT INTO "spree_addresses" VALUES(563137665,'Alanna','Mohr','26277 Ferne Ways','Suite 648','Niamouth','16804','568.163.8220',NULL,NULL,NULL,889445952,214,'2013-05-06 20:21:40','2013-05-06 20:21:40');
INSERT INTO "spree_addresses" VALUES(573450925,'Devante','Metz','5907 Meta Terrace','Suite 647','Stammberg','16804','1-139-919-4603 x3154',NULL,NULL,NULL,889445952,214,'2013-05-06 20:21:40','2013-05-06 20:21:40');
INSERT INTO "spree_addresses" VALUES(574376536,'Berniece','McKenzie','38126 Abbigail Manor','Suite 290','Swiftborough','16804','581.342.5996',NULL,NULL,NULL,889445952,214,'2013-05-06 20:21:40','2013-05-06 20:21:40');
INSERT INTO "spree_addresses" VALUES(590078562,'Zoe','Carroll','992 Makenna Via','Suite 394','Anaisfort','16804','219-308-6278',NULL,NULL,NULL,889445952,214,'2013-05-06 20:21:40','2013-05-06 20:21:40');
INSERT INTO "spree_addresses" VALUES(590971557,'Nelle','Vandervort','72508 Gutkowski Union','Apt. 281','South Isabelltown','16804','(270)646-9385 x3757',NULL,NULL,NULL,889445952,214,'2013-05-06 20:21:40','2013-05-06 20:21:40');
INSERT INTO "spree_addresses" VALUES(592864417,'Annabelle','Mohr','17627 Katlynn Crescent','Apt. 577','Russelport','16804','695.492.6045 x918',NULL,NULL,NULL,889445952,214,'2013-05-06 20:21:40','2013-05-06 20:21:40');
INSERT INTO "spree_addresses" VALUES(599012441,'Ivory','Herzog','6246 Wiegand Burg','Suite 281','Eichmannshire','16804','(973)916-0193 x62281',NULL,NULL,NULL,889445952,214,'2013-05-06 20:21:40','2013-05-06 20:21:40');
INSERT INTO "spree_addresses" VALUES(600595061,'Marvin','Kutch','678 Reyna Bridge','Apt. 186','Babyland','16804','(269)121-9157 x359',NULL,NULL,NULL,889445952,214,'2013-05-06 20:21:40','2013-05-06 20:21:40');
INSERT INTO "spree_addresses" VALUES(601766538,'Estevan','Ebert','743 Ullrich Mall','Suite 179','Marielastad','16804','1-365-697-9421',NULL,NULL,NULL,889445952,214,'2013-05-06 20:21:40','2013-05-06 20:21:40');
INSERT INTO "spree_addresses" VALUES(607887544,'Layne','Wehner','825 Sigrid Row','Suite 184','Ellaside','16804','495-336-6309',NULL,NULL,NULL,889445952,214,'2013-05-06 20:21:40','2013-05-06 20:21:40');
INSERT INTO "spree_addresses" VALUES(608577097,'Juliana','Hamill','714 Annalise Well','Apt. 567','Port Elwinfurt','16804','(678)073-9425',NULL,NULL,NULL,889445952,214,'2013-05-06 20:21:40','2013-05-06 20:21:40');
INSERT INTO "spree_addresses" VALUES(609502910,'Emmanuelle','Mayer','0463 Wyman Forks','Suite 634','Lavonville','16804','1-155-988-9711 x749',NULL,NULL,NULL,889445952,214,'2013-05-06 20:21:40','2013-05-06 20:21:40');
INSERT INTO "spree_addresses" VALUES(614571630,'Tressa','Little','734 Konopelski Brook','Suite 787','Lakinport','16804','621-219-5777 x57855',NULL,NULL,NULL,889445952,214,'2013-05-06 20:21:40','2013-05-06 20:21:40');
INSERT INTO "spree_addresses" VALUES(615775889,'Adolphus','Oga','36928 Gleason Green','Suite 721','Camdenview','16804','(003)208-9434',NULL,NULL,NULL,889445952,214,'2013-05-06 20:21:40','2013-05-06 20:21:40');
INSERT INTO "spree_addresses" VALUES(625209012,'Dangelo','Crooks','51623 Sigmund Ports','Suite 129','Noemymouth','16804','(768)227-8214',NULL,NULL,NULL,889445952,214,'2013-05-06 20:21:40','2013-05-06 20:21:40');
INSERT INTO "spree_addresses" VALUES(626101841,'Nathan','Conn','138 Zita Creek','Suite 987','Pfeffermouth','16804','104-764-9293',NULL,NULL,NULL,889445952,214,'2013-05-06 20:21:40','2013-05-06 20:21:40');
INSERT INTO "spree_addresses" VALUES(653224093,'Bridie','Barrows','228 Georgianna Orchard','Suite 112','Drakeberg','16804','1-159-519-7121 x42728',NULL,NULL,NULL,889445952,214,'2013-05-06 20:21:40','2013-05-06 20:21:40');
INSERT INTO "spree_addresses" VALUES(654116968,'Kiley','Goyette','0634 Rutherford Prairie','Suite 368','New Aryannaberg','16804','1-065-641-4841',NULL,NULL,NULL,889445952,214,'2013-05-06 20:21:40','2013-05-06 20:21:40');
INSERT INTO "spree_addresses" VALUES(655169605,'Michele','Ritchie','999 Kessler Mountains','Suite 773','South Jewel','16804','776.808.2538',NULL,NULL,NULL,889445952,214,'2013-05-06 20:21:40','2013-05-06 20:21:40');
INSERT INTO "spree_addresses" VALUES(656373946,'Jedediah','Gleason','01209 VonRueden Creek','Suite 187','West Margie','16804','1-586-598-8620 x727',NULL,NULL,NULL,889445952,214,'2013-05-06 20:21:40','2013-05-06 20:21:40');
INSERT INTO "spree_addresses" VALUES(660001923,'Olga','Bayer','3716 Strosin Corners','Suite 540','Port Abbeymouth','16804','1-341-271-8876 x87758',NULL,NULL,NULL,889445952,214,'2013-05-06 20:21:40','2013-05-06 20:21:40');
INSERT INTO "spree_addresses" VALUES(669687922,'Mary','Wolf','421 Heber Rest','Apt. 615','Shermanport','16804','1-932-732-2537 x9139',NULL,NULL,NULL,889445952,214,'2013-05-06 20:21:40','2013-05-06 20:21:40');
INSERT INTO "spree_addresses" VALUES(670613653,'Chaya','Tromp','57171 Smith Brook','Apt. 928','Bechtelartown','16804','201.897.0200',NULL,NULL,NULL,889445952,214,'2013-05-06 20:21:40','2013-05-06 20:21:40');
INSERT INTO "spree_addresses" VALUES(676105863,'Emmitt','Willms','2675 Nathanael Haven','Apt. 946','Harrisland','16804','647.515.2373',NULL,NULL,NULL,889445952,214,'2013-05-06 20:21:40','2013-05-06 20:21:40');
INSERT INTO "spree_addresses" VALUES(699334235,'Gene','Auer','24978 Ariane Land','Suite 723','Rosannamouth','16804','1-822-191-2171 x055',NULL,NULL,NULL,889445952,214,'2013-05-06 20:21:40','2013-05-06 20:21:40');
INSERT INTO "spree_addresses" VALUES(700227236,'Kattie','Dach','9808 Turner Summit','Apt. 443','Brownfort','16804','1-142-099-1966',NULL,NULL,NULL,889445952,214,'2013-05-06 20:21:40','2013-05-06 20:21:40');
INSERT INTO "spree_addresses" VALUES(700772492,'Tyrese','Gleichner','8791 Fay Glens','Suite 477','Peteland','16804','(029)522-8516',NULL,NULL,NULL,889445952,214,'2013-05-06 20:21:40','2013-05-06 20:21:40');
INSERT INTO "spree_addresses" VALUES(704804980,'Pinkie','VonRueden','27306 Etha Crescent','Apt. 963','Beckerberg','16804','(351)859-1975 x38202',NULL,NULL,NULL,889445952,214,'2013-05-06 20:21:40','2013-05-06 20:21:40');
INSERT INTO "spree_addresses" VALUES(705697931,'Bulah','Murazik','569 Hermiston Vista','Suite 712','New Deondre','16804','602-562-8458 x799',NULL,NULL,NULL,889445952,214,'2013-05-06 20:21:40','2013-05-06 20:21:40');
INSERT INTO "spree_addresses" VALUES(711489187,'Jamil','Strosin','1621 Douglas Station','Suite 640','Port Anthony','16804','1-518-586-9996 x62216',NULL,NULL,NULL,889445952,214,'2013-05-06 20:21:40','2013-05-06 20:21:40');
INSERT INTO "spree_addresses" VALUES(719333514,'Carson','Padberg','0200 Shaniya Station','Suite 750','Wuckertmouth','16804','1-937-417-1533',NULL,NULL,NULL,889445952,214,'2013-05-06 20:21:40','2013-05-06 20:21:40');
INSERT INTO "spree_addresses" VALUES(736102574,'Danial','McLaughlin','195 Ondricka Brooks','Suite 742','North Candelariochester','16804','(120)101-3037 x3104',NULL,NULL,NULL,889445952,214,'2013-05-06 20:21:40','2013-05-06 20:21:40');
INSERT INTO "spree_addresses" VALUES(747490487,'Lucienne','Muller','088 Syble Lodge','Suite 397','Kaceymouth','16804','955-948-7432',NULL,NULL,NULL,889445952,214,'2013-05-06 20:21:40','2013-05-06 20:21:40');
INSERT INTO "spree_addresses" VALUES(754295455,'Ramon','Wiegand','2957 Kutch Ridges','Apt. 813','West Kristofermouth','16804','471.175.5731',NULL,NULL,NULL,889445952,214,'2013-05-06 20:21:40','2013-05-06 20:21:40');
INSERT INTO "spree_addresses" VALUES(762297451,'Bradly','Turcotte','271 Samantha Cape','Apt. 936','Port Amelie','16804','1-463-574-3911',NULL,NULL,NULL,889445952,214,'2013-05-06 20:21:40','2013-05-06 20:21:40');
INSERT INTO "spree_addresses" VALUES(763223188,'Marques','Glover','7043 Wintheiser Expressway','Suite 556','New Brennon','16804','047-869-8787 x6628',NULL,NULL,NULL,889445952,214,'2013-05-06 20:21:40','2013-05-06 20:21:40');
INSERT INTO "spree_addresses" VALUES(770730608,'Maribel','Ritchie','836 Fritsch Coves','Suite 569','North Libbieton','16804','321-732-1791 x39361',NULL,NULL,NULL,889445952,214,'2013-05-06 20:21:40','2013-05-06 20:21:40');
INSERT INTO "spree_addresses" VALUES(777841735,'Wilson','Considine','372 Seamus Bypass','Apt. 616','Powlowskichester','16804','1-876-547-3858 x86380',NULL,NULL,NULL,889445952,214,'2013-05-06 20:21:40','2013-05-06 20:21:40');
INSERT INTO "spree_addresses" VALUES(784546372,'Marjorie','Lebsack','85601 Labadie Circle','Suite 370','South Willardhaven','16804','1-580-458-0100',NULL,NULL,NULL,889445952,214,'2013-05-06 20:21:40','2013-05-06 20:21:40');
INSERT INTO "spree_addresses" VALUES(785472187,'Ralph','Walker','5067 Tess Place','Suite 168','Beattyburgh','16804','(808)773-3453',NULL,NULL,NULL,889445952,214,'2013-05-06 20:21:40','2013-05-06 20:21:40');
INSERT INTO "spree_addresses" VALUES(790710942,'Bettie','DuBuque','416 Murray Ways','Suite 134','Susanfurt','16804','1-308-597-5732',NULL,NULL,NULL,889445952,214,'2013-05-06 20:21:40','2013-05-06 20:21:40');
INSERT INTO "spree_addresses" VALUES(794371254,'Nina','Cole','93063 Larkin Corners','Apt. 486','East Fernandostad','16804','1-698-252-3718',NULL,NULL,NULL,889445952,214,'2013-05-06 20:21:40','2013-05-06 20:21:40');
INSERT INTO "spree_addresses" VALUES(813960457,'Electa','Baumbach','9364 Hoeger Circles','Suite 215','Agustinashire','16804','851-158-9837',NULL,NULL,NULL,889445952,214,'2013-05-06 20:21:40','2013-05-06 20:21:40');
INSERT INTO "spree_addresses" VALUES(816295907,'Tad','Hagenes','694 Parisian Expressway','Suite 268','South Danika','16804','1-625-550-7306 x10765',NULL,NULL,NULL,889445952,214,'2013-05-06 20:21:40','2013-05-06 20:21:40');
INSERT INTO "spree_addresses" VALUES(817221404,'Mitchell','Streich','2899 Sanford Canyon','Apt. 994','New Daynafurt','16804','(209)653-2062 x1364',NULL,NULL,NULL,889445952,214,'2013-05-06 20:21:40','2013-05-06 20:21:40');
INSERT INTO "spree_addresses" VALUES(819970507,'Montana','Kling','57312 Maud Junctions','Suite 436','Johnsonchester','16804','553.016.7938 x912',NULL,NULL,NULL,889445952,214,'2013-05-06 20:21:40','2013-05-06 20:21:40');
INSERT INTO "spree_addresses" VALUES(826662719,'Minerva','O''Conner','934 Volkman Skyway','Apt. 868','Altheahaven','16804','(765)625-6284',NULL,NULL,NULL,889445952,214,'2013-05-06 20:21:40','2013-05-06 20:21:40');
INSERT INTO "spree_addresses" VALUES(854153494,'Sheila','Cormier','71534 Veum Island','Apt. 676','West Thelma','16804','046.453.8701',NULL,NULL,NULL,889445952,214,'2013-05-06 20:21:40','2013-05-06 20:21:40');
INSERT INTO "spree_addresses" VALUES(856369612,'Julius','Braun','03681 Arch Gardens','Apt. 909','Lake Yesseniaview','16804','613.130.7265',NULL,NULL,NULL,889445952,214,'2013-05-06 20:21:40','2013-05-06 20:21:40');
INSERT INTO "spree_addresses" VALUES(857295155,'Berenice','Halvorson','43435 Wisozk Lights','Suite 361','New Dayna','16804','1-178-910-2420 x611',NULL,NULL,NULL,889445952,214,'2013-05-06 20:21:40','2013-05-06 20:21:40');
INSERT INTO "spree_addresses" VALUES(863193060,'Pearline','Bashirian','434 Watsica View','Suite 830','Curtiston','16804','1-562-309-1516',NULL,NULL,NULL,889445952,214,'2013-05-06 20:21:40','2013-05-06 20:21:40');
INSERT INTO "spree_addresses" VALUES(879160787,'Tremaine','Murphy','17888 Hartmann Pike','Suite 542','Creminton','16804','373-802-2024',NULL,NULL,NULL,889445952,214,'2013-05-06 20:21:40','2013-05-06 20:21:40');
INSERT INTO "spree_addresses" VALUES(880053548,'Zechariah','Barrows','487 Kody Circles','Apt. 418','East Lane','16804','(424)464-1974',NULL,NULL,NULL,889445952,214,'2013-05-06 20:21:40','2013-05-06 20:21:40');
INSERT INTO "spree_addresses" VALUES(887839535,'Osborne','Reichert','46562 Hollie Springs','Suite 820','Jettside','16804','841-338-1860 x459',NULL,NULL,NULL,889445952,214,'2013-05-06 20:21:40','2013-05-06 20:21:40');
INSERT INTO "spree_addresses" VALUES(897883407,'Delphine','Donnelly','90768 Brakus Mission','Suite 776','Port Brendon','16804','(430)013-3622 x2445',NULL,NULL,NULL,889445952,214,'2013-05-06 20:21:40','2013-05-06 20:21:40');
INSERT INTO "spree_addresses" VALUES(904827870,'Akeem','Kris','990 McCullough Court','Suite 318','Lake Graciefort','16804','769.854.4965 x863',NULL,NULL,NULL,889445952,214,'2013-05-06 20:21:40','2013-05-06 20:21:40');
INSERT INTO "spree_addresses" VALUES(908598054,'Rubie','Hickle','289 Erich Meadow','Suite 644','Port Kacie','16804','295.419.9754',NULL,NULL,NULL,889445952,214,'2013-05-06 20:21:40','2013-05-06 20:21:40');
INSERT INTO "spree_addresses" VALUES(910300663,'Nikko','Casper','258 Ebert Tunnel','Apt. 506','Kuhictown','16804','923-989-8771 x134',NULL,NULL,NULL,889445952,214,'2013-05-06 20:21:40','2013-05-06 20:21:40');
INSERT INTO "spree_addresses" VALUES(927456520,'Maryse','Schuster','72640 Grant Flat','Suite 399','Lednerport','16804','1-239-232-6164 x7137',NULL,NULL,NULL,889445952,214,'2013-05-06 20:21:40','2013-05-06 20:21:40');
INSERT INTO "spree_addresses" VALUES(936012796,'Amir','Romaguera','936 Luther Flats','Apt. 644','Wisokyhaven','16804','152-757-4147 x7761',NULL,NULL,NULL,889445952,214,'2013-05-06 20:21:40','2013-05-06 20:21:40');
INSERT INTO "spree_addresses" VALUES(936905475,'Winifred','Durgan','833 Annabell Rest','Apt. 851','Port Israelville','16804','(028)178-7093 x2851',NULL,NULL,NULL,889445952,214,'2013-05-06 20:21:40','2013-05-06 20:21:40');
INSERT INTO "spree_addresses" VALUES(948698432,'Vito','Jewess','454 Swift Fort','Suite 301','Wilkinsonport','16804','(399)296-0707 x510',NULL,NULL,NULL,889445952,214,'2013-05-06 20:21:40','2013-05-06 20:21:40');
INSERT INTO "spree_addresses" VALUES(949591493,'Gino','Hilll','957 Angelina Loaf','Apt. 930','Amyland','16804','112-827-4543 x0740',NULL,NULL,NULL,889445952,214,'2013-05-06 20:21:40','2013-05-06 20:21:40');
INSERT INTO "spree_addresses" VALUES(956531505,'Crystel','Wisoky','98955 Giovanni Spring','Suite 828','Kuhnport','16804','780.614.2749',NULL,NULL,NULL,889445952,214,'2013-05-06 20:21:40','2013-05-06 20:21:40');
INSERT INTO "spree_addresses" VALUES(959594786,'Nedra','Wolf','940 Nyah Junction','Apt. 440','New Reyeshaven','16804','1-907-760-2069 x47749',NULL,NULL,NULL,889445952,214,'2013-05-06 20:21:40','2013-05-06 20:21:40');
INSERT INTO "spree_addresses" VALUES(963218914,'Tierra','Jones','608 Bruen Brook','Suite 654','South Kelvin','16804','448.085.3075 x127',NULL,NULL,NULL,889445952,214,'2013-05-06 20:21:40','2013-05-06 20:21:40');
INSERT INTO "spree_addresses" VALUES(964422941,'Alaina','Conroy','89700 Lydia Ports','Apt. 767','Wiegandburgh','16804','1-611-602-7877',NULL,NULL,NULL,889445952,214,'2013-05-06 20:21:40','2013-05-06 20:21:40');
INSERT INTO "spree_addresses" VALUES(965621197,'Antoinette','Schneider','006 Simonis Throughway','Apt. 375','North Novahaven','16804','1-426-932-6189 x3996',NULL,NULL,NULL,889445952,214,'2013-05-06 20:21:40','2013-05-06 20:21:40');
INSERT INTO "spree_addresses" VALUES(966546746,'Sadye','West','043 Onie Burg','Suite 315','Fredybury','16804','1-929-472-0535',NULL,NULL,NULL,889445952,214,'2013-05-06 20:21:40','2013-05-06 20:21:40');
INSERT INTO "spree_addresses" VALUES(975352806,'Gregory','Wilkinson','2170 Wyman Point','Suite 145','Geneland','16804','1-845-024-8329',NULL,NULL,NULL,889445952,214,'2013-05-06 20:21:40','2013-05-06 20:21:40');
INSERT INTO "spree_addresses" VALUES(976278305,'Antone','Gusikowski','8830 Percival Garden','Apt. 790','West Terry','16804','568-802-4702 x574',NULL,NULL,NULL,889445952,214,'2013-05-06 20:21:40','2013-05-06 20:21:40');
INSERT INTO "spree_addresses" VALUES(979318045,'Weston','Vandervort','5517 Hessel Cove','Apt. 638','Minervaview','16804','121-552-0493 x98209',NULL,NULL,NULL,889445952,214,'2013-05-06 20:21:40','2013-05-06 20:21:40');
INSERT INTO "spree_addresses" VALUES(984548634,'Elsa','Kiehn','4472 Legros Estate','Apt. 000','Kiarraville','16804','1-193-841-4844',NULL,NULL,NULL,889445952,214,'2013-05-06 20:21:40','2013-05-06 20:21:40');
INSERT INTO "spree_addresses" VALUES(985992137,'Kimberly','Toy','67240 Caitlyn Station','Suite 676','Manuelview','16804','(065)965-6939 x114',NULL,NULL,NULL,889445952,214,'2013-05-06 20:21:40','2013-05-06 20:21:40');
INSERT INTO "spree_addresses" VALUES(987196214,'Herminio','Hilll','268 Edison Extension','Suite 459','South Winston','16804','1-350-478-8521 x406',NULL,NULL,NULL,889445952,214,'2013-05-06 20:21:40','2013-05-06 20:21:40');
INSERT INTO "spree_addresses" VALUES(992443161,'Jeromy','Walter','4537 Beatrice Track','Apt. 191','West Daniella','16804','340.438.6147 x890',NULL,NULL,NULL,889445952,214,'2013-05-06 20:21:40','2013-05-06 20:21:40');
INSERT INTO "spree_addresses" VALUES(993336300,'Ambrose','Turcotte','191 Sanford Fall','Suite 754','Port Lilla','16804','1-984-519-7886',NULL,NULL,NULL,889445952,214,'2013-05-06 20:21:40','2013-05-06 20:21:40');
INSERT INTO "spree_addresses" VALUES(1009963300,'Trace','Hodkiewicz','9861 Nicolas Gardens','Apt. 005','Lake Quintenberg','16804','1-773-554-0271 x16248',NULL,NULL,NULL,889445952,214,'2013-05-06 20:21:40','2013-05-06 20:21:40');
INSERT INTO "spree_addresses" VALUES(1011531536,'Terrell','Kuphal','652 Fritsch Path','Apt. 587','Curtshire','16804','(194)802-6240 x492',NULL,NULL,NULL,889445952,214,'2013-05-06 20:21:40','2013-05-06 20:21:40');
INSERT INTO "spree_addresses" VALUES(1012457461,'Jaden','Swaniawski','27055 Mitchell Shore','Suite 736','Cleoland','16804','1-521-238-1913 x631',NULL,NULL,NULL,889445952,214,'2013-05-06 20:21:40','2013-05-06 20:21:40');
INSERT INTO "spree_addresses" VALUES(1026748676,'Forrest','Botsford','977 VonRueden Field','Apt. 501','Durganmouth','16804','986.306.9405 x527',NULL,NULL,NULL,889445952,214,'2013-05-06 20:21:40','2013-05-06 20:21:40');
INSERT INTO "spree_addresses" VALUES(1028618237,'Helmer','Daniel','372 Cordia Walk','Suite 365','Assuntaview','16804','167.882.4831',NULL,NULL,NULL,889445952,214,'2013-05-06 20:21:40','2013-05-06 20:21:40');
INSERT INTO "spree_addresses" VALUES(1029510922,'Birdie','Purdy','6003 Corbin Divide','Suite 342','Fadelfort','16804','971-816-2159 x76922',NULL,NULL,NULL,889445952,214,'2013-05-06 20:21:40','2013-05-06 20:21:40');
INSERT INTO "spree_addresses" VALUES(1034473426,'Isai','Doyle','6246 Harris Fords','Suite 058','East Vince','16804','(846)014-6943',NULL,NULL,NULL,889445952,214,'2013-05-06 20:21:40','2013-05-06 20:21:40');
INSERT INTO "spree_addresses" VALUES(1035644717,'Elijah','Barton','22745 Josephine Valleys','Suite 748','Dannyton','16804','1-156-431-5325',NULL,NULL,NULL,889445952,214,'2013-05-06 20:21:40','2013-05-06 20:21:40');
INSERT INTO "spree_addresses" VALUES(1040468473,'Keegan','Nicolas','098 Buckridge Glens','Suite 483','North Pasqualehaven','16804','574-045-8280 x488',NULL,NULL,NULL,889445952,214,'2013-05-06 20:21:40','2013-05-06 20:21:40');
INSERT INTO "spree_addresses" VALUES(1041639686,'Tony','Grady','6247 Brisa Fords','Apt. 468','Modestafurt','16804','610-420-0608 x777',NULL,NULL,NULL,889445952,214,'2013-05-06 20:21:40','2013-05-06 20:21:40');
INSERT INTO "spree_addresses" VALUES(1046447419,'Carey','Gaylord','7539 Arnold Shore','Apt. 901','East Ray','16804','548-435-8553',NULL,NULL,NULL,889445952,214,'2013-05-06 20:21:40','2013-05-06 20:21:40');
INSERT INTO "spree_addresses" VALUES(1055125974,'Aubrey','Roberts','2607 Keshawn Parkway','Suite 878','Port Noreneville','16804','765-508-7578 x380',NULL,NULL,NULL,889445952,214,'2013-05-06 20:21:40','2013-05-06 20:21:40');
INSERT INTO "spree_addresses" VALUES(1056018737,'Kiana','Krajcik','4468 Effertz Valleys','Apt. 629','Toyville','16804','915.876.4317',NULL,NULL,NULL,889445952,214,'2013-05-06 20:21:40','2013-05-06 20:21:40');
INSERT INTO "spree_addresses" VALUES(1067341581,'Edmund','Pouros','470 Lang Fork','Apt. 730','New Kylee','16804','1-919-181-3510 x329',NULL,NULL,NULL,889445952,214,'2013-05-06 20:21:40','2013-05-06 20:21:40');
INSERT INTO "spree_addresses" VALUES(1072052521,'Berta','Corkery','8897 Wisoky Plaza','Apt. 358','Streichburgh','16804','1-021-962-7764 x4287',NULL,NULL,NULL,889445952,214,'2013-05-06 20:21:40','2013-05-06 20:21:40');
INSERT INTO "spree_addresses" VALUES(1072978396,'Lina','Senger','727 Saul Coves','Suite 768','Quigleymouth','16804','167-181-3613',NULL,NULL,NULL,889445952,214,'2013-05-06 20:21:40','2013-05-06 20:21:40');
INSERT INTO "spree_addresses" VALUES(1072978397,NULL,NULL,NULL,NULL,NULL,NULL,NULL,NULL,NULL,NULL,NULL,214,'2013-05-06 20:23:27.739874','2013-05-06 20:23:27.739874');
INSERT INTO "spree_addresses" VALUES(1072978398,NULL,NULL,NULL,NULL,NULL,NULL,NULL,NULL,NULL,NULL,NULL,214,'2013-05-06 20:23:27.744424','2013-05-06 20:23:27.744424');
INSERT INTO "spree_addresses" VALUES(1072978399,'Romain','Delhoute','21, Boulevard de la Moselle','','Lille','59000','0646748092',NULL,NULL,NULL,NULL,68,'2013-05-23 14:11:58.194142','2013-05-23 14:26:37.471770');
INSERT INTO "spree_addresses" VALUES(1072978400,'Romain','Delhoute','21, Boulevard de la Moselle','','Lille','59000','0646748092',NULL,NULL,NULL,NULL,68,'2013-05-23 14:11:58.198138','2013-05-23 14:26:37.473738');
INSERT INTO "spree_addresses" VALUES(1072978401,'Romain','Delhoute','21, Boulevard de la Moselle','','Lille','59000','0646748092',NULL,NULL,NULL,NULL,68,'2013-05-23 18:02:50.593113','2013-05-23 18:02:50.593113');
INSERT INTO "spree_addresses" VALUES(1072978402,'Romain','Delhoute','21, Boulevard de la Moselle','','Lille','59000','0646748092',NULL,NULL,NULL,NULL,68,'2013-05-23 18:02:50.595957','2013-05-23 18:02:50.595957');
CREATE TABLE "spree_adjustments" ("id" INTEGER PRIMARY KEY AUTOINCREMENT NOT NULL, "source_id" integer, "source_type" varchar(255), "adjustable_id" integer, "adjustable_type" varchar(255), "originator_id" integer, "originator_type" varchar(255), "amount" decimal(8,2), "label" varchar(255), "mandatory" boolean, "locked" boolean, "eligible" boolean DEFAULT 't', "created_at" datetime NOT NULL, "updated_at" datetime NOT NULL);
INSERT INTO "spree_adjustments" VALUES(684130,968652773,'Spree::Shipment',0,'Spree::Order',909221584,'Spree::ShippingMethod',5,'Shipping','t','t','t','2013-05-06 20:21:40','2013-05-06 20:21:40');
INSERT INTO "spree_adjustments" VALUES(1577115,967710488,'Spree::Shipment',0,'Spree::Order',909221584,'Spree::ShippingMethod',5,'Shipping','t','t','t','2013-05-06 20:21:40','2013-05-06 20:21:40');
INSERT INTO "spree_adjustments" VALUES(1690302,539762571,'Spree::Order',539762571,'Spree::Order',967941380,'Spree::TaxRate',2.4,'Tax','t','f','t','2013-05-06 20:21:40','2013-05-06 20:21:40');
INSERT INTO "spree_adjustments" VALUES(9236917,1069267029,'Spree::Order',1069267029,'Spree::Order',967941380,'Spree::TaxRate',2.4,'Tax','t','f','t','2013-05-06 20:21:40','2013-05-06 20:21:40');
INSERT INTO "spree_adjustments" VALUES(10391880,1068095656,'Spree::Order',1068095656,'Spree::Order',967941380,'Spree::TaxRate',3.2,'Tax','t','f','t','2013-05-06 20:21:40','2013-05-06 20:21:40');
INSERT INTO "spree_adjustments" VALUES(25300591,942934510,'Spree::Shipment',0,'Spree::Order',909221584,'Spree::ShippingMethod',5,'Shipping','t','t','t','2013-05-06 20:21:40','2013-05-06 20:21:40');
INSERT INTO "spree_adjustments" VALUES(39249520,1004593649,'Spree::Shipment',0,'Spree::Order',909221584,'Spree::ShippingMethod',5,'Shipping','t','t','t','2013-05-06 20:21:40','2013-05-06 20:21:40');
INSERT INTO "spree_adjustments" VALUES(41408013,312761982,'Spree::Shipment',0,'Spree::Order',909221584,'Spree::ShippingMethod',5,'Shipping','t','t','t','2013-05-06 20:21:40','2013-05-06 20:21:40');
INSERT INTO "spree_adjustments" VALUES(46270278,1039486630,'Spree::Order',1039486630,'Spree::Order',967941380,'Spree::TaxRate',4.6,'Tax','t','f','t','2013-05-06 20:21:40','2013-05-06 20:21:40');
INSERT INTO "spree_adjustments" VALUES(53166263,983385912,'Spree::Shipment',0,'Spree::Order',909221584,'Spree::ShippingMethod',5,'Shipping','t','t','t','2013-05-06 20:21:40','2013-05-06 20:21:40');
INSERT INTO "spree_adjustments" VALUES(55212365,1014837421,'Spree::Order',1014837421,'Spree::Order',967941380,'Spree::TaxRate',3.2,'Tax','t','f','t','2013-05-06 20:21:40','2013-05-06 20:21:40');
INSERT INTO "spree_adjustments" VALUES(78863482,1023761401,'Spree::Shipment',0,'Spree::Order',909221584,'Spree::ShippingMethod',5,'Shipping','t','t','t','2013-05-06 20:21:40','2013-05-06 20:21:40');
INSERT INTO "spree_adjustments" VALUES(80897412,1004874852,'Spree::Order',1004874852,'Spree::Order',967941380,'Spree::TaxRate',0.8,'Tax','t','f','t','2013-05-06 20:21:40','2013-05-06 20:21:40');
INSERT INTO "spree_adjustments" VALUES(85594644,365533797,'Spree::Shipment',0,'Spree::Order',909221584,'Spree::ShippingMethod',5,'Shipping','t','t','t','2013-05-06 20:21:40','2013-05-06 20:21:40');
INSERT INTO "spree_adjustments" VALUES(87761527,1015883258,'Spree::Shipment',0,'Spree::Order',909221584,'Spree::ShippingMethod',5,'Shipping','t','t','t','2013-05-06 20:21:40','2013-05-06 20:21:40');
INSERT INTO "spree_adjustments" VALUES(95404893,983075517,'Spree::Order',983075517,'Spree::Order',967941380,'Spree::TaxRate',5.2,'Tax','t','f','t','2013-05-06 20:21:40','2013-05-06 20:21:40');
INSERT INTO "spree_adjustments" VALUES(103408025,73849921,'Spree::Order',73849921,'Spree::Order',967941380,'Spree::TaxRate',5.5,'Tax','t','f','t','2013-05-06 20:21:40','2013-05-06 20:21:40');
INSERT INTO "spree_adjustments" VALUES(108735330,961307330,'Spree::Order',961307330,'Spree::Order',967941380,'Spree::TaxRate',1.6,'Tax','t','f','t','2013-05-06 20:21:40','2013-05-06 20:21:40');
INSERT INTO "spree_adjustments" VALUES(124236923,1053930492,'Spree::Shipment',0,'Spree::Order',909221584,'Spree::ShippingMethod',5,'Shipping','t','t','t','2013-05-06 20:21:40','2013-05-06 20:21:40');
INSERT INTO "spree_adjustments" VALUES(125162626,1053020929,'Spree::Shipment',0,'Spree::Order',909221584,'Spree::ShippingMethod',5,'Shipping','t','t','t','2013-05-06 20:21:40','2013-05-06 20:21:40');
INSERT INTO "spree_adjustments" VALUES(132199852,953580620,'Spree::Order',953580620,'Spree::Order',967941380,'Spree::TaxRate',1.8,'Tax','t','f','t','2013-05-06 20:21:40','2013-05-06 20:21:40');
INSERT INTO "spree_adjustments" VALUES(133387601,952376497,'Spree::Order',952376497,'Spree::Order',967941380,'Spree::TaxRate',2.4,'Tax','t','f','t','2013-05-06 20:21:40','2013-05-06 20:21:40');
INSERT INTO "spree_adjustments" VALUES(136716989,831530304,'Spree::Shipment',0,'Spree::Order',909221584,'Spree::ShippingMethod',5,'Shipping','t','t','t','2013-05-06 20:21:40','2013-05-06 20:21:40');
INSERT INTO "spree_adjustments" VALUES(137642570,830621127,'Spree::Shipment',0,'Spree::Order',909221584,'Spree::ShippingMethod',5,'Shipping','t','t','t','2013-05-06 20:21:40','2013-05-06 20:21:40');
INSERT INTO "spree_adjustments" VALUES(144745328,932702864,'Spree::Order',932702864,'Spree::Order',967941380,'Spree::TaxRate',2.4,'Tax','t','f','t','2013-05-06 20:21:40','2013-05-06 20:21:40');
INSERT INTO "spree_adjustments" VALUES(145933207,931498615,'Spree::Order',931498615,'Spree::Order',967941380,'Spree::TaxRate',0.8,'Tax','t','f','t','2013-05-06 20:21:40','2013-05-06 20:21:40');
INSERT INTO "spree_adjustments" VALUES(154844570,906884218,'Spree::Order',906884218,'Spree::Order',967941380,'Spree::TaxRate',1.6,'Tax','t','f','t','2013-05-06 20:21:40','2013-05-06 20:21:40');
INSERT INTO "spree_adjustments" VALUES(168422838,893297750,'Spree::Order',893297750,'Spree::Order',967941380,'Spree::TaxRate',0.8,'Tax','t','f','t','2013-05-06 20:21:40','2013-05-06 20:21:40');
INSERT INTO "spree_adjustments" VALUES(169577807,892126383,'Spree::Order',892126383,'Spree::Order',967941380,'Spree::TaxRate',1.6,'Tax','t','f','t','2013-05-06 20:21:40','2013-05-06 20:21:40');
INSERT INTO "spree_adjustments" VALUES(174642252,870241227,'Spree::Shipment',0,'Spree::Order',909221584,'Spree::ShippingMethod',5,'Shipping','t','t','t','2013-05-06 20:21:40','2013-05-06 20:21:40');
INSERT INTO "spree_adjustments" VALUES(175813809,869053234,'Spree::Shipment',0,'Spree::Order',909221584,'Spree::ShippingMethod',5,'Shipping','t','t','t','2013-05-06 20:21:40','2013-05-06 20:21:40');
INSERT INTO "spree_adjustments" VALUES(177171561,859401190,'Spree::Shipment',0,'Spree::Order',909221584,'Spree::ShippingMethod',5,'Shipping','t','t','t','2013-05-06 20:21:40','2013-05-06 20:21:40');
INSERT INTO "spree_adjustments" VALUES(178064540,858458911,'Spree::Shipment',0,'Spree::Order',909221584,'Spree::ShippingMethod',5,'Shipping','t','t','t','2013-05-06 20:21:40','2013-05-06 20:21:40');
INSERT INTO "spree_adjustments" VALUES(183391643,903421051,'Spree::Order',903421051,'Spree::Order',967941380,'Spree::TaxRate',2.4,'Tax','t','f','t','2013-05-06 20:21:40','2013-05-06 20:21:40');
INSERT INTO "spree_adjustments" VALUES(184300898,902528130,'Spree::Order',902528130,'Spree::Order',967941380,'Spree::TaxRate',1.6,'Tax','t','f','t','2013-05-06 20:21:40','2013-05-06 20:21:40');
INSERT INTO "spree_adjustments" VALUES(218435669,884152274,'Spree::Shipment',0,'Spree::Order',909221584,'Spree::ShippingMethod',5,'Shipping','t','t','t','2013-05-06 20:21:40','2013-05-06 20:21:40');
INSERT INTO "spree_adjustments" VALUES(219639976,882997035,'Spree::Shipment',0,'Spree::Order',909221584,'Spree::ShippingMethod',5,'Shipping','t','t','t','2013-05-06 20:21:40','2013-05-06 20:21:40');
INSERT INTO "spree_adjustments" VALUES(224668079,844324943,'Spree::Order',844324943,'Spree::Order',967941380,'Spree::TaxRate',2.4,'Tax','t','f','t','2013-05-06 20:21:40','2013-05-06 20:21:40');
INSERT INTO "spree_adjustments" VALUES(225855830,843120822,'Spree::Order',843120822,'Spree::Order',967941380,'Spree::TaxRate',2.4,'Tax','t','f','t','2013-05-06 20:21:40','2013-05-06 20:21:40');
INSERT INTO "spree_adjustments" VALUES(226726274,850712674,'Spree::Order',850712674,'Spree::Order',967941380,'Spree::TaxRate',3.2,'Tax','t','f','t','2013-05-06 20:21:40','2013-05-06 20:21:40');
INSERT INTO "spree_adjustments" VALUES(227668347,849787035,'Spree::Order',849787035,'Spree::Order',967941380,'Spree::TaxRate',3.2,'Tax','t','f','t','2013-05-06 20:21:40','2013-05-06 20:21:40');
INSERT INTO "spree_adjustments" VALUES(232958080,877965311,'Spree::Shipment',0,'Spree::Order',909221584,'Spree::ShippingMethod',5,'Shipping','t','t','t','2013-05-06 20:21:40','2013-05-06 20:21:40');
INSERT INTO "spree_adjustments" VALUES(233883781,877055750,'Spree::Shipment',0,'Spree::Order',909221584,'Spree::ShippingMethod',5,'Shipping','t','t','t','2013-05-06 20:21:40','2013-05-06 20:21:40');
INSERT INTO "spree_adjustments" VALUES(247699629,930455338,'Spree::Shipment',0,'Spree::Order',909221584,'Spree::ShippingMethod',5,'Shipping','t','t','t','2013-05-06 20:21:40','2013-05-06 20:21:40');
INSERT INTO "spree_adjustments" VALUES(256632486,922607911,'Spree::Shipment',0,'Spree::Order',909221584,'Spree::ShippingMethod',5,'Shipping','t','t','t','2013-05-06 20:21:40','2013-05-06 20:21:40');
INSERT INTO "spree_adjustments" VALUES(257525345,921666016,'Spree::Shipment',0,'Spree::Order',909221584,'Spree::ShippingMethod',5,'Shipping','t','t','t','2013-05-06 20:21:40','2013-05-06 20:21:40');
INSERT INTO "spree_adjustments" VALUES(262122930,231772182,'Spree::Order',231772182,'Spree::Order',967941380,'Spree::TaxRate',5.5,'Tax','t','f','t','2013-05-06 20:21:40','2013-05-06 20:21:40');
INSERT INTO "spree_adjustments" VALUES(265119607,821702295,'Spree::Order',821702295,'Spree::Order',967941380,'Spree::TaxRate',0.8,'Tax','t','f','t','2013-05-06 20:21:40','2013-05-06 20:21:40');
INSERT INTO "spree_adjustments" VALUES(266274704,820530800,'Spree::Order',820530800,'Spree::Order',967941380,'Spree::TaxRate',2.4,'Tax','t','f','t','2013-05-06 20:21:40','2013-05-06 20:21:40');
INSERT INTO "spree_adjustments" VALUES(270634203,790021435,'Spree::Order',790021435,'Spree::Order',967941380,'Spree::TaxRate',3.2,'Tax','t','f','t','2013-05-06 20:21:40','2013-05-06 20:21:40');
INSERT INTO "spree_adjustments" VALUES(288322313,681145480,'Spree::Shipment',0,'Spree::Order',909221584,'Spree::ShippingMethod',5,'Shipping','t','t','t','2013-05-06 20:21:40','2013-05-06 20:21:40');
INSERT INTO "spree_adjustments" VALUES(289215486,680203391,'Spree::Shipment',0,'Spree::Order',909221584,'Spree::ShippingMethod',5,'Shipping','t','t','t','2013-05-06 20:21:40','2013-05-06 20:21:40');
INSERT INTO "spree_adjustments" VALUES(296350424,782154552,'Spree::Order',782154552,'Spree::Order',967941380,'Spree::TaxRate',2.4,'Tax','t','f','t','2013-05-06 20:21:40','2013-05-06 20:21:40');
INSERT INTO "spree_adjustments" VALUES(297505327,780983247,'Spree::Order',780983247,'Spree::Order',967941380,'Spree::TaxRate',0.8,'Tax','t','f','t','2013-05-06 20:21:40','2013-05-06 20:21:40');
INSERT INTO "spree_adjustments" VALUES(301676563,330565047,'Spree::Order',330565047,'Spree::Order',967941380,'Spree::TaxRate',3.9,'Tax','t','f','t','2013-05-06 20:21:40','2013-05-06 20:21:40');
INSERT INTO "spree_adjustments" VALUES(315149214,35341291,'Spree::Shipment',0,'Spree::Order',909221584,'Spree::ShippingMethod',5,'Shipping','t','t','t','2013-05-06 20:21:40','2013-05-06 20:21:40');
INSERT INTO "spree_adjustments" VALUES(317324289,727710848,'Spree::Shipment',0,'Spree::Order',909221584,'Spree::ShippingMethod',5,'Shipping','t','t','t','2013-05-06 20:21:40','2013-05-06 20:21:40');
INSERT INTO "spree_adjustments" VALUES(318815246,741864942,'Spree::Order',741864942,'Spree::Order',967941380,'Spree::TaxRate',1.6,'Tax','t','f','t','2013-05-06 20:21:40','2013-05-06 20:21:40');
INSERT INTO "spree_adjustments" VALUES(320003319,740660503,'Spree::Order',740660503,'Spree::Order',967941380,'Spree::TaxRate',3.2,'Tax','t','f','t','2013-05-06 20:21:40','2013-05-06 20:21:40');
INSERT INTO "spree_adjustments" VALUES(325158384,718766707,'Spree::Shipment',0,'Spree::Order',909221584,'Spree::ShippingMethod',5,'Shipping','t','t','t','2013-05-06 20:21:40','2013-05-06 20:21:40');
INSERT INTO "spree_adjustments" VALUES(326362381,717611658,'Spree::Shipment',0,'Spree::Order',909221584,'Spree::ShippingMethod',5,'Shipping','t','t','t','2013-05-06 20:21:40','2013-05-06 20:21:40');
INSERT INTO "spree_adjustments" VALUES(327564765,707803742,'Spree::Shipment',0,'Spree::Order',909221584,'Spree::ShippingMethod',5,'Shipping','t','t','t','2013-05-06 20:21:40','2013-05-06 20:21:40');
INSERT INTO "spree_adjustments" VALUES(328490280,706894503,'Spree::Shipment',0,'Spree::Order',909221584,'Spree::ShippingMethod',5,'Shipping','t','t','t','2013-05-06 20:21:40','2013-05-06 20:21:40');
INSERT INTO "spree_adjustments" VALUES(333906979,751848899,'Spree::Order',751848899,'Spree::Order',967941380,'Spree::TaxRate',0.8,'Tax','t','f','t','2013-05-06 20:21:40','2013-05-06 20:21:40');
INSERT INTO "spree_adjustments" VALUES(334849242,750923066,'Spree::Order',750923066,'Spree::Order',967941380,'Spree::TaxRate',0.8,'Tax','t','f','t','2013-05-06 20:21:40','2013-05-06 20:21:40');
INSERT INTO "spree_adjustments" VALUES(336347625,767182442,'Spree::Shipment',0,'Spree::Order',909221584,'Spree::ShippingMethod',5,'Shipping','t','t','t','2013-05-06 20:21:40','2013-05-06 20:21:40');
INSERT INTO "spree_adjustments" VALUES(337518868,765994643,'Spree::Shipment',0,'Spree::Order',909221584,'Spree::ShippingMethod',5,'Shipping','t','t','t','2013-05-06 20:21:40','2013-05-06 20:21:40');
INSERT INTO "spree_adjustments" VALUES(342718487,727331319,'Spree::Order',727331319,'Spree::Order',967941380,'Spree::TaxRate',3.2,'Tax','t','f','t','2013-05-06 20:21:40','2013-05-06 20:21:40');
INSERT INTO "spree_adjustments" VALUES(343873774,726159630,'Spree::Order',726159630,'Spree::Order',967941380,'Spree::TaxRate',2.4,'Tax','t','f','t','2013-05-06 20:21:40','2013-05-06 20:21:40');
INSERT INTO "spree_adjustments" VALUES(344637498,733841882,'Spree::Order',733841882,'Spree::Order',967941380,'Spree::TaxRate',0.8,'Tax','t','f','t','2013-05-06 20:21:40','2013-05-06 20:21:40');
INSERT INTO "spree_adjustments" VALUES(345546947,732948771,'Spree::Order',732948771,'Spree::Order',967941380,'Spree::TaxRate',3.2,'Tax','t','f','t','2013-05-06 20:21:40','2013-05-06 20:21:40');
INSERT INTO "spree_adjustments" VALUES(351009220,761134663,'Spree::Shipment',0,'Spree::Order',909221584,'Spree::ShippingMethod',5,'Shipping','t','t','t','2013-05-06 20:21:40','2013-05-06 20:21:40');
INSERT INTO "spree_adjustments" VALUES(351902017,760192702,'Spree::Shipment',0,'Spree::Order',909221584,'Spree::ShippingMethod',5,'Shipping','t','t','t','2013-05-06 20:21:40','2013-05-06 20:21:40');
INSERT INTO "spree_adjustments" VALUES(353427152,707237680,'Spree::Order',707237680,'Spree::Order',967941380,'Spree::TaxRate',1.8,'Tax','t','f','t','2013-05-06 20:21:40','2013-05-06 20:21:40');
INSERT INTO "spree_adjustments" VALUES(373471010,804565151,'Spree::Shipment',0,'Spree::Order',909221584,'Spree::ShippingMethod',5,'Shipping','t','t','t','2013-05-06 20:21:40','2013-05-06 20:21:40');
INSERT INTO "spree_adjustments" VALUES(374396901,803655784,'Spree::Shipment',0,'Spree::Order',909221584,'Spree::ShippingMethod',5,'Shipping','t','t','t','2013-05-06 20:21:40','2013-05-06 20:21:40');
INSERT INTO "spree_adjustments" VALUES(378993674,349815214,'Spree::Order',349815214,'Spree::Order',967941380,'Spree::TaxRate',5.5,'Tax','t','f','t','2013-05-06 20:21:40','2013-05-06 20:21:40');
INSERT INTO "spree_adjustments" VALUES(381957839,703823663,'Spree::Order',703823663,'Spree::Order',967941380,'Spree::TaxRate',1.6,'Tax','t','f','t','2013-05-06 20:21:40','2013-05-06 20:21:40');
INSERT INTO "spree_adjustments" VALUES(383145528,702619608,'Spree::Order',702619608,'Spree::Order',967941380,'Spree::TaxRate',1.6,'Tax','t','f','t','2013-05-06 20:21:40','2013-05-06 20:21:40');
INSERT INTO "spree_adjustments" VALUES(400075244,779005547,'Spree::Shipment',0,'Spree::Order',909221584,'Spree::ShippingMethod',5,'Shipping','t','t','t','2013-05-06 20:21:40','2013-05-06 20:21:40');
INSERT INTO "spree_adjustments" VALUES(412696368,556742829,'Spree::Shipment',0,'Spree::Order',909221584,'Spree::ShippingMethod',5,'Shipping','t','t','t','2013-05-06 20:21:40','2013-05-06 20:21:40');
INSERT INTO "spree_adjustments" VALUES(419635674,548742745,'Spree::Shipment',0,'Spree::Order',909221584,'Spree::ShippingMethod',5,'Shipping','t','t','t','2013-05-06 20:21:40','2013-05-06 20:21:40');
INSERT INTO "spree_adjustments" VALUES(420561187,547833508,'Spree::Shipment',0,'Spree::Order',909221584,'Spree::ShippingMethod',5,'Shipping','t','t','t','2013-05-06 20:21:40','2013-05-06 20:21:40');
INSERT INTO "spree_adjustments" VALUES(428187657,649259497,'Spree::Order',649259497,'Spree::Order',967941380,'Spree::TaxRate',3.2,'Tax','t','f','t','2013-05-06 20:21:40','2013-05-06 20:21:40');
INSERT INTO "spree_adjustments" VALUES(429375732,648055060,'Spree::Order',648055060,'Spree::Order',967941380,'Spree::TaxRate',1.6,'Tax','t','f','t','2013-05-06 20:21:40','2013-05-06 20:21:40');
INSERT INTO "spree_adjustments" VALUES(439382518,596014713,'Spree::Shipment',0,'Spree::Order',909221584,'Spree::ShippingMethod',5,'Shipping','t','t','t','2013-05-06 20:21:40','2013-05-06 20:21:40');
INSERT INTO "spree_adjustments" VALUES(441534476,627442156,'Spree::Order',627442156,'Spree::Order',967941380,'Spree::TaxRate',1.6,'Tax','t','f','t','2013-05-06 20:21:40','2013-05-06 20:21:40');
INSERT INTO "spree_adjustments" VALUES(459257816,585740373,'Spree::Shipment',0,'Spree::Order',909221584,'Spree::ShippingMethod',5,'Shipping','t','t','t','2013-05-06 20:21:40','2013-05-06 20:21:40');
INSERT INTO "spree_adjustments" VALUES(461277113,195891138,'Spree::Shipment',0,'Spree::Order',909221584,'Spree::ShippingMethod',5,'Shipping','t','t','t','2013-05-06 20:21:40','2013-05-06 20:21:40');
INSERT INTO "spree_adjustments" VALUES(466310914,620502818,'Spree::Order',620502818,'Spree::Order',967941380,'Spree::TaxRate',1.8,'Tax','t','f','t','2013-05-06 20:21:40','2013-05-06 20:21:40');
INSERT INTO "spree_adjustments" VALUES(473068495,629437518,'Spree::Shipment',0,'Spree::Order',909221584,'Spree::ShippingMethod',5,'Shipping','t','t','t','2013-05-06 20:21:40','2013-05-06 20:21:40');
INSERT INTO "spree_adjustments" VALUES(480678633,596761353,'Spree::Order',596761353,'Spree::Order',967941380,'Spree::TaxRate',4.4,'Tax','t','f','t','2013-05-06 20:21:40','2013-05-06 20:21:40');
INSERT INTO "spree_adjustments" VALUES(497577275,605973176,'Spree::Shipment',0,'Spree::Order',909221584,'Spree::ShippingMethod',5,'Shipping','t','t','t','2013-05-06 20:21:40','2013-05-06 20:21:40');
INSERT INTO "spree_adjustments" VALUES(499733701,587078949,'Spree::Order',587078949,'Spree::Order',967941380,'Spree::TaxRate',2.4,'Tax','t','f','t','2013-05-06 20:21:40','2013-05-06 20:21:40');
INSERT INTO "spree_adjustments" VALUES(510584259,668525120,'Spree::Shipment',0,'Spree::Order',909221584,'Spree::ShippingMethod',5,'Shipping','t','t','t','2013-05-06 20:21:40','2013-05-06 20:21:40');
INSERT INTO "spree_adjustments" VALUES(511477050,667583165,'Spree::Shipment',0,'Spree::Order',909221584,'Spree::ShippingMethod',5,'Shipping','t','t','t','2013-05-06 20:21:40','2013-05-06 20:21:40');
INSERT INTO "spree_adjustments" VALUES(518546448,568274416,'Spree::Order',568274416,'Spree::Order',967941380,'Spree::TaxRate',1.6,'Tax','t','f','t','2013-05-06 20:21:40','2013-05-06 20:21:40');
INSERT INTO "spree_adjustments" VALUES(519701741,567102733,'Spree::Order',567102733,'Spree::Order',967941380,'Spree::TaxRate',2.4,'Tax','t','f','t','2013-05-06 20:21:40','2013-05-06 20:21:40');
INSERT INTO "spree_adjustments" VALUES(526391841,542594049,'Spree::Order',542594049,'Spree::Order',967941380,'Spree::TaxRate',2.4,'Tax','t','f','t','2013-05-06 20:21:40','2013-05-06 20:21:40');
INSERT INTO "spree_adjustments" VALUES(551524735,426352382,'Spree::Shipment',0,'Spree::Order',909221584,'Spree::ShippingMethod',5,'Shipping','t','t','t','2013-05-06 20:21:40','2013-05-06 20:21:40');
INSERT INTO "spree_adjustments" VALUES(558204811,418611208,'Spree::Shipment',0,'Spree::Order',909221584,'Spree::ShippingMethod',5,'Shipping','t','t','t','2013-05-06 20:21:40','2013-05-06 20:21:40');
INSERT INTO "spree_adjustments" VALUES(559409010,417456373,'Spree::Shipment',0,'Spree::Order',909221584,'Spree::ShippingMethod',5,'Shipping','t','t','t','2013-05-06 20:21:40','2013-05-06 20:21:40');
INSERT INTO "spree_adjustments" VALUES(563203233,601813305,'Spree::Order',601813305,'Spree::Order',967941380,'Spree::TaxRate',5.5,'Tax','t','f','t','2013-05-06 20:21:40','2013-05-06 20:21:40');
INSERT INTO "spree_adjustments" VALUES(566429272,519327672,'Spree::Order',519327672,'Spree::Order',967941380,'Spree::TaxRate',3.2,'Tax','t','f','t','2013-05-06 20:21:40','2013-05-06 20:21:40');
INSERT INTO "spree_adjustments" VALUES(567371429,518401861,'Spree::Order',518401861,'Spree::Order',967941380,'Spree::TaxRate',1.6,'Tax','t','f','t','2013-05-06 20:21:40','2013-05-06 20:21:40');
INSERT INTO "spree_adjustments" VALUES(571993693,488679357,'Spree::Order',488679357,'Spree::Order',967941380,'Spree::TaxRate',5.4,'Tax','t','f','t','2013-05-06 20:21:40','2013-05-06 20:21:40');
INSERT INTO "spree_adjustments" VALUES(587952512,448624385,'Spree::Shipment',0,'Spree::Order',909221584,'Spree::ShippingMethod',5,'Shipping','t','t','t','2013-05-06 20:21:40','2013-05-06 20:21:40');
INSERT INTO "spree_adjustments" VALUES(588845447,447682054,'Spree::Shipment',0,'Spree::Order',909221584,'Spree::ShippingMethod',5,'Shipping','t','t','t','2013-05-06 20:21:40','2013-05-06 20:21:40');
INSERT INTO "spree_adjustments" VALUES(594167942,475857254,'Spree::Order',475857254,'Spree::Order',967941380,'Spree::TaxRate',2.4,'Tax','t','f','t','2013-05-06 20:21:40','2013-05-06 20:21:40');
INSERT INTO "spree_adjustments" VALUES(595077241,474964377,'Spree::Order',474964377,'Spree::Order',967941380,'Spree::TaxRate',0.8,'Tax','t','f','t','2013-05-06 20:21:40','2013-05-06 20:21:40');
INSERT INTO "spree_adjustments" VALUES(596504753,481999185,'Spree::Order',481999185,'Spree::Order',967941380,'Spree::TaxRate',3.2,'Tax','t','f','t','2013-05-06 20:21:40','2013-05-06 20:21:40');
INSERT INTO "spree_adjustments" VALUES(597659734,480827830,'Spree::Order',480827830,'Spree::Order',967941380,'Spree::TaxRate',0.8,'Tax','t','f','t','2013-05-06 20:21:40','2013-05-06 20:21:40');
INSERT INTO "spree_adjustments" VALUES(602720595,442158806,'Spree::Shipment',0,'Spree::Order',909221584,'Spree::ShippingMethod',5,'Shipping','t','t','t','2013-05-06 20:21:40','2013-05-06 20:21:40');
INSERT INTO "spree_adjustments" VALUES(603892140,440970793,'Spree::Shipment',0,'Spree::Order',909221584,'Spree::ShippingMethod',5,'Shipping','t','t','t','2013-05-06 20:21:40','2013-05-06 20:21:40');
INSERT INTO "spree_adjustments" VALUES(604474525,456181117,'Spree::Order',456181117,'Spree::Order',967941380,'Spree::TaxRate',2.4,'Tax','t','f','t','2013-05-06 20:21:40','2013-05-06 20:21:40');
INSERT INTO "spree_adjustments" VALUES(605416546,455255426,'Spree::Order',455255426,'Spree::Order',967941380,'Spree::TaxRate',0.8,'Tax','t','f','t','2013-05-06 20:21:40','2013-05-06 20:21:40');
INSERT INTO "spree_adjustments" VALUES(610710887,500216554,'Spree::Shipment',0,'Spree::Order',909221584,'Spree::ShippingMethod',5,'Shipping','t','t','t','2013-05-06 20:21:40','2013-05-06 20:21:40');
INSERT INTO "spree_adjustments" VALUES(611636640,499307037,'Spree::Shipment',0,'Spree::Order',909221584,'Spree::ShippingMethod',5,'Shipping','t','t','t','2013-05-06 20:21:40','2013-05-06 20:21:40');
INSERT INTO "spree_adjustments" VALUES(612437324,490146509,'Spree::Shipment',0,'Spree::Order',909221584,'Spree::ShippingMethod',5,'Shipping','t','t','t','2013-05-06 20:21:40','2013-05-06 20:21:40');
INSERT INTO "spree_adjustments" VALUES(613641651,488991282,'Spree::Shipment',0,'Spree::Order',909221584,'Spree::ShippingMethod',5,'Shipping','t','t','t','2013-05-06 20:21:40','2013-05-06 20:21:40');
INSERT INTO "spree_adjustments" VALUES(618673338,467107162,'Spree::Order',467107162,'Spree::Order',967941380,'Spree::TaxRate',0.8,'Tax','t','f','t','2013-05-06 20:21:40','2013-05-06 20:21:40');
INSERT INTO "spree_adjustments" VALUES(619861069,465903021,'Spree::Order',465903021,'Spree::Order',967941380,'Spree::TaxRate',0.8,'Tax','t','f','t','2013-05-06 20:21:40','2013-05-06 20:21:40');
INSERT INTO "spree_adjustments" VALUES(634387213,891057020,'Spree::Shipment',0,'Spree::Order',909221584,'Spree::ShippingMethod',5,'Shipping','t','t','t','2013-05-06 20:21:40','2013-05-06 20:21:40');
INSERT INTO "spree_adjustments" VALUES(636406634,475581673,'Spree::Shipment',0,'Spree::Order',909221584,'Spree::ShippingMethod',5,'Shipping','t','t','t','2013-05-06 20:21:40','2013-05-06 20:21:40');
INSERT INTO "spree_adjustments" VALUES(640172946,530465809,'Spree::Shipment',0,'Spree::Order',909221584,'Spree::ShippingMethod',5,'Shipping','t','t','t','2013-05-06 20:21:40','2013-05-06 20:21:40');
INSERT INTO "spree_adjustments" VALUES(641344363,529278188,'Spree::Shipment',0,'Spree::Order',909221584,'Spree::ShippingMethod',5,'Shipping','t','t','t','2013-05-06 20:21:40','2013-05-06 20:21:40');
INSERT INTO "spree_adjustments" VALUES(648987201,429493153,'Spree::Order',429493153,'Spree::Order',967941380,'Spree::TaxRate',0.8,'Tax','t','f','t','2013-05-06 20:21:40','2013-05-06 20:21:40');
INSERT INTO "spree_adjustments" VALUES(649896636,428600156,'Spree::Order',428600156,'Spree::Order',967941380,'Spree::TaxRate',0.8,'Tax','t','f','t','2013-05-06 20:21:40','2013-05-06 20:21:40');
INSERT INTO "spree_adjustments" VALUES(651518922,1020487291,'Spree::Shipment',0,'Spree::Order',909221584,'Spree::ShippingMethod',5,'Shipping','t','t','t','2013-05-06 20:21:40','2013-05-06 20:21:40');
INSERT INTO "spree_adjustments" VALUES(654051466,615724322,'Spree::Order',615724322,'Spree::Order',967941380,'Spree::TaxRate',3.55,'Tax','t','f','t','2013-05-06 20:21:40','2013-05-06 20:21:40');
INSERT INTO "spree_adjustments" VALUES(656850002,403830194,'Spree::Order',403830194,'Spree::Order',967941380,'Spree::TaxRate',2.4,'Tax','t','f','t','2013-05-06 20:21:40','2013-05-06 20:21:40');
INSERT INTO "spree_adjustments" VALUES(677849738,391144298,'Spree::Order',391144298,'Spree::Order',967941380,'Spree::TaxRate',3.2,'Tax','t','f','t','2013-05-06 20:21:40','2013-05-06 20:21:40');
INSERT INTO "spree_adjustments" VALUES(694801754,283103959,'Spree::Shipment',0,'Spree::Order',909221584,'Spree::ShippingMethod',5,'Shipping','t','t','t','2013-05-06 20:21:40','2013-05-06 20:21:40');
INSERT INTO "spree_adjustments" VALUES(695973293,281915952,'Spree::Shipment',0,'Spree::Order',909221584,'Spree::ShippingMethod',5,'Shipping','t','t','t','2013-05-06 20:21:40','2013-05-06 20:21:40');
INSERT INTO "spree_adjustments" VALUES(703550599,383262055,'Spree::Order',383262055,'Spree::Order',967941380,'Spree::TaxRate',2.4,'Tax','t','f','t','2013-05-06 20:21:40','2013-05-06 20:21:40');
INSERT INTO "spree_adjustments" VALUES(704459904,382369184,'Spree::Order',382369184,'Spree::Order',967941380,'Spree::TaxRate',0.8,'Tax','t','f','t','2013-05-06 20:21:40','2013-05-06 20:21:40');
INSERT INTO "spree_adjustments" VALUES(716135858,320428591,'Spree::Shipment',0,'Spree::Order',909221584,'Spree::ShippingMethod',5,'Shipping','t','t','t','2013-05-06 20:21:40','2013-05-06 20:21:40');
INSERT INTO "spree_adjustments" VALUES(718169172,368651700,'Spree::Order',368651700,'Spree::Order',967941380,'Spree::TaxRate',2.4,'Tax','t','f','t','2013-05-06 20:21:40','2013-05-06 20:21:40');
INSERT INTO "spree_adjustments" VALUES(722760507,1002961742,'Spree::Shipment',0,'Spree::Order',909221584,'Spree::ShippingMethod',5,'Shipping','t','t','t','2013-05-06 20:21:40','2013-05-06 20:21:40');
INSERT INTO "spree_adjustments" VALUES(724910940,310592731,'Spree::Shipment',0,'Spree::Order',909221584,'Spree::ShippingMethod',5,'Shipping','t','t','t','2013-05-06 20:21:40','2013-05-06 20:21:40');
INSERT INTO "spree_adjustments" VALUES(732013170,345435026,'Spree::Order',345435026,'Spree::Order',967941380,'Spree::TaxRate',1.8,'Tax','t','f','t','2013-05-06 20:21:40','2013-05-06 20:21:40');
INSERT INTO "spree_adjustments" VALUES(743999301,367952066,'Spree::Shipment',0,'Spree::Order',909221584,'Spree::ShippingMethod',5,'Shipping','t','t','t','2013-05-06 20:21:40','2013-05-06 20:21:40');
INSERT INTO "spree_adjustments" VALUES(746174244,1017790295,'Spree::Shipment',0,'Spree::Order',909221584,'Spree::ShippingMethod',5,'Shipping','t','t','t','2013-05-06 20:21:40','2013-05-06 20:21:40');
INSERT INTO "spree_adjustments" VALUES(751593067,335228811,'Spree::Order',335228811,'Spree::Order',967941380,'Spree::TaxRate',6.5,'Tax','t','f','t','2013-05-06 20:21:40','2013-05-06 20:21:40');
INSERT INTO "spree_adjustments" VALUES(758595937,344016612,'Spree::Shipment',0,'Spree::Order',909221584,'Spree::ShippingMethod',5,'Shipping','t','t','t','2013-05-06 20:21:40','2013-05-06 20:21:40');
INSERT INTO "spree_adjustments" VALUES(760641695,308359551,'Spree::Order',308359551,'Spree::Order',967941380,'Spree::TaxRate',1.6,'Tax','t','f','t','2013-05-06 20:21:40','2013-05-06 20:21:40');
INSERT INTO "spree_adjustments" VALUES(772018513,397547216,'Spree::Shipment',0,'Spree::Order',909221584,'Spree::ShippingMethod',5,'Shipping','t','t','t','2013-05-06 20:21:40','2013-05-06 20:21:40');
INSERT INTO "spree_adjustments" VALUES(773222838,396391991,'Spree::Shipment',0,'Spree::Order',909221584,'Spree::ShippingMethod',5,'Shipping','t','t','t','2013-05-06 20:21:40','2013-05-06 20:21:40');
INSERT INTO "spree_adjustments" VALUES(780308640,297130368,'Spree::Order',297130368,'Spree::Order',967941380,'Spree::TaxRate',1.6,'Tax','t','f','t','2013-05-06 20:21:40','2013-05-06 20:21:40');
INSERT INTO "spree_adjustments" VALUES(781250663,296204679,'Spree::Order',296204679,'Spree::Order',967941380,'Spree::TaxRate',2.4,'Tax','t','f','t','2013-05-06 20:21:40','2013-05-06 20:21:40');
INSERT INTO "spree_adjustments" VALUES(798887869,371722298,'Spree::Shipment',0,'Spree::Order',909221584,'Spree::ShippingMethod',5,'Shipping','t','t','t','2013-05-06 20:21:40','2013-05-06 20:21:40');
INSERT INTO "spree_adjustments" VALUES(811631854,165053295,'Spree::Shipment',0,'Spree::Order',909221584,'Spree::ShippingMethod',5,'Shipping','t','t','t','2013-05-06 20:21:40','2013-05-06 20:21:40');
INSERT INTO "spree_adjustments" VALUES(812835865,163898264,'Spree::Shipment',0,'Spree::Order',909221584,'Spree::ShippingMethod',5,'Shipping','t','t','t','2013-05-06 20:21:40','2013-05-06 20:21:40');
INSERT INTO "spree_adjustments" VALUES(820380991,265374943,'Spree::Order',265374943,'Spree::Order',967941380,'Spree::TaxRate',2.4,'Tax','t','f','t','2013-05-06 20:21:40','2013-05-06 20:21:40');
INSERT INTO "spree_adjustments" VALUES(821323208,264449064,'Spree::Order',264449064,'Spree::Order',967941380,'Spree::TaxRate',2.4,'Tax','t','f','t','2013-05-06 20:21:40','2013-05-06 20:21:40');
INSERT INTO "spree_adjustments" VALUES(825151760,862055596,'Spree::Order',862055596,'Spree::Order',967941380,'Spree::TaxRate',4.35,'Tax','t','f','t','2013-05-06 20:21:40','2013-05-06 20:21:40');
INSERT INTO "spree_adjustments" VALUES(830217163,239817259,'Spree::Order',239817259,'Spree::Order',967941380,'Spree::TaxRate',2.4,'Tax','t','f','t','2013-05-06 20:21:40','2013-05-06 20:21:40');
INSERT INTO "spree_adjustments" VALUES(840770179,583969526,'Spree::Shipment',0,'Spree::Order',909221584,'Spree::ShippingMethod',5,'Shipping','t','t','t','2013-05-06 20:21:40','2013-05-06 20:21:40');
INSERT INTO "spree_adjustments" VALUES(842797792,193598819,'Spree::Shipment',0,'Spree::Order',909221584,'Spree::ShippingMethod',5,'Shipping','t','t','t','2013-05-06 20:21:40','2013-05-06 20:21:40');
INSERT INTO "spree_adjustments" VALUES(849933258,228571690,'Spree::Order',228571690,'Spree::Order',967941380,'Spree::TaxRate',3.4,'Tax','t','f','t','2013-05-06 20:21:40','2013-05-06 20:21:40');
INSERT INTO "spree_adjustments" VALUES(867462385,167930736,'Spree::Shipment',0,'Spree::Order',909221584,'Spree::ShippingMethod',5,'Shipping','t','t','t','2013-05-06 20:21:40','2013-05-06 20:21:40');
INSERT INTO "spree_adjustments" VALUES(869618963,216145139,'Spree::Order',216145139,'Spree::Order',967941380,'Spree::TaxRate',0.8,'Tax','t','f','t','2013-05-06 20:21:40','2013-05-06 20:21:40');
INSERT INTO "spree_adjustments" VALUES(875327522,228226979,'Spree::Shipment',0,'Spree::Order',909221584,'Spree::ShippingMethod',5,'Shipping','t','t','t','2013-05-06 20:21:40','2013-05-06 20:21:40');
INSERT INTO "spree_adjustments" VALUES(877480416,192544832,'Spree::Order',192544832,'Spree::Order',967941380,'Spree::TaxRate',1.6,'Tax','t','f','t','2013-05-06 20:21:40','2013-05-06 20:21:40');
INSERT INTO "spree_adjustments" VALUES(894555897,216519034,'Spree::Shipment',0,'Spree::Order',909221584,'Spree::ShippingMethod',5,'Shipping','t','t','t','2013-05-06 20:21:40','2013-05-06 20:21:40');
INSERT INTO "spree_adjustments" VALUES(896591516,631467759,'Spree::Shipment',0,'Spree::Order',909221584,'Spree::ShippingMethod',5,'Shipping','t','t','t','2013-05-06 20:21:40','2013-05-06 20:21:40');
INSERT INTO "spree_adjustments" VALUES(902117331,183664179,'Spree::Order',183664179,'Spree::Order',967941380,'Spree::TaxRate',3.6,'Tax','t','f','t','2013-05-06 20:21:40','2013-05-06 20:21:40');
INSERT INTO "spree_adjustments" VALUES(914702076,255015291,'Spree::Shipment',0,'Spree::Order',909221584,'Spree::ShippingMethod',5,'Shipping','t','t','t','2013-05-06 20:21:40','2013-05-06 20:21:40');
INSERT INTO "spree_adjustments" VALUES(923615477,247154552,'Spree::Shipment',0,'Spree::Order',909221584,'Spree::ShippingMethod',5,'Shipping','t','t','t','2013-05-06 20:21:40','2013-05-06 20:21:40');
INSERT INTO "spree_adjustments" VALUES(924786706,245966735,'Spree::Shipment',0,'Spree::Order',909221584,'Spree::ShippingMethod',5,'Shipping','t','t','t','2013-05-06 20:21:40','2013-05-06 20:21:40');
INSERT INTO "spree_adjustments" VALUES(931905832,146573512,'Spree::Order',146573512,'Spree::Order',967941380,'Spree::TaxRate',1.6,'Tax','t','f','t','2013-05-06 20:21:40','2013-05-06 20:21:40');
INSERT INTO "spree_adjustments" VALUES(932815327,145680447,'Spree::Order',145680447,'Spree::Order',967941380,'Spree::TaxRate',3.2,'Tax','t','f','t','2013-05-06 20:21:40','2013-05-06 20:21:40');
INSERT INTO "spree_adjustments" VALUES(944559667,33214900,'Spree::Shipment',0,'Spree::Order',909221584,'Spree::ShippingMethod',5,'Shipping','t','t','t','2013-05-06 20:21:40','2013-05-06 20:21:40');
INSERT INTO "spree_adjustments" VALUES(945731274,32026953,'Spree::Shipment',0,'Spree::Order',909221584,'Spree::ShippingMethod',5,'Shipping','t','t','t','2013-05-06 20:21:40','2013-05-06 20:21:40');
INSERT INTO "spree_adjustments" VALUES(949525797,987209861,'Spree::Order',987209861,'Spree::Order',967941380,'Spree::TaxRate',2.75,'Tax','t','f','t','2013-05-06 20:21:40','2013-05-06 20:21:40');
INSERT INTO "spree_adjustments" VALUES(952784868,134028804,'Spree::Order',134028804,'Spree::Order',967941380,'Spree::TaxRate',0.8,'Tax','t','f','t','2013-05-06 20:21:40','2013-05-06 20:21:40');
INSERT INTO "spree_adjustments" VALUES(953693977,133136121,'Spree::Order',133136121,'Spree::Order',967941380,'Spree::TaxRate',1.6,'Tax','t','f','t','2013-05-06 20:21:40','2013-05-06 20:21:40');
INSERT INTO "spree_adjustments" VALUES(969189440,7516093,'Spree::Shipment',0,'Spree::Order',909221584,'Spree::ShippingMethod',5,'Shipping','t','t','t','2013-05-06 20:21:40','2013-05-06 20:21:40');
INSERT INTO "spree_adjustments" VALUES(973217992,62138181,'Spree::Shipment',0,'Spree::Order',909221584,'Spree::ShippingMethod',5,'Shipping','t','t','t','2013-05-06 20:21:40','2013-05-06 20:21:40');
INSERT INTO "spree_adjustments" VALUES(974143551,61228994,'Spree::Shipment',0,'Spree::Order',909221584,'Spree::ShippingMethod',5,'Shipping','t','t','t','2013-05-06 20:21:40','2013-05-06 20:21:40');
INSERT INTO "spree_adjustments" VALUES(979573050,89411802,'Spree::Order',89411802,'Spree::Order',967941380,'Spree::TaxRate',2.4,'Tax','t','f','t','2013-05-06 20:21:40','2013-05-06 20:21:40');
INSERT INTO "spree_adjustments" VALUES(980515269,88485925,'Spree::Order',88485925,'Spree::Order',967941380,'Spree::TaxRate',3.2,'Tax','t','f','t','2013-05-06 20:21:40','2013-05-06 20:21:40');
INSERT INTO "spree_adjustments" VALUES(981770517,95676661,'Spree::Order',95676661,'Spree::Order',967941380,'Spree::TaxRate',3.2,'Tax','t','f','t','2013-05-06 20:21:40','2013-05-06 20:21:40');
INSERT INTO "spree_adjustments" VALUES(982958578,94472210,'Spree::Order',94472210,'Spree::Order',967941380,'Spree::TaxRate',3.2,'Tax','t','f','t','2013-05-06 20:21:40','2013-05-06 20:21:40');
INSERT INTO "spree_adjustments" VALUES(988125419,55811946,'Spree::Shipment',0,'Spree::Order',909221584,'Spree::ShippingMethod',5,'Shipping','t','t','t','2013-05-06 20:21:40','2013-05-06 20:21:40');
INSERT INTO "spree_adjustments" VALUES(989329428,54656917,'Spree::Shipment',0,'Spree::Order',909221584,'Spree::ShippingMethod',5,'Shipping','t','t','t','2013-05-06 20:21:40','2013-05-06 20:21:40');
INSERT INTO "spree_adjustments" VALUES(1024384289,37328065,'Spree::Order',37328065,'Spree::Order',967941380,'Spree::TaxRate',1.6,'Tax','t','f','t','2013-05-06 20:21:40','2013-05-06 20:21:40');
INSERT INTO "spree_adjustments" VALUES(1025293790,36435006,'Spree::Order',36435006,'Spree::Order',967941380,'Spree::TaxRate',3.2,'Tax','t','f','t','2013-05-06 20:21:40','2013-05-06 20:21:40');
INSERT INTO "spree_adjustments" VALUES(1030743263,81388382,'Spree::Shipment',0,'Spree::Order',909221584,'Spree::ShippingMethod',5,'Shipping','t','t','t','2013-05-06 20:21:40','2013-05-06 20:21:40');
INSERT INTO "spree_adjustments" VALUES(1031636008,80446377,'Spree::Shipment',0,'Spree::Order',909221584,'Spree::ShippingMethod',5,'Shipping','t','t','t','2013-05-06 20:21:40','2013-05-06 20:21:40');
INSERT INTO "spree_adjustments" VALUES(1032346868,71195505,'Spree::Shipment',0,'Spree::Order',909221584,'Spree::ShippingMethod',5,'Shipping','t','t','t','2013-05-06 20:21:40','2013-05-06 20:21:40');
INSERT INTO "spree_adjustments" VALUES(1033518091,70007694,'Spree::Shipment',0,'Spree::Order',909221584,'Spree::ShippingMethod',5,'Shipping','t','t','t','2013-05-06 20:21:40','2013-05-06 20:21:40');
INSERT INTO "spree_adjustments" VALUES(1038705934,48114926,'Spree::Order',48114926,'Spree::Order',967941380,'Spree::TaxRate',2.4,'Tax','t','f','t','2013-05-06 20:21:40','2013-05-06 20:21:40');
INSERT INTO "spree_adjustments" VALUES(1039861241,46943257,'Spree::Order',46943257,'Spree::Order',967941380,'Spree::TaxRate',0.8,'Tax','t','f','t','2013-05-06 20:21:40','2013-05-06 20:21:40');
INSERT INTO "spree_adjustments" VALUES(1044221201,17482993,'Spree::Order',17482993,'Spree::Order',967941380,'Spree::TaxRate',0.8,'Tax','t','f','t','2013-05-06 20:21:40','2013-05-06 20:21:40');
INSERT INTO "spree_adjustments" VALUES(1059131946,110564781,'Spree::Shipment',0,'Spree::Order',909221584,'Spree::ShippingMethod',5,'Shipping','t','t','t','2013-05-06 20:21:40','2013-05-06 20:21:40');
INSERT INTO "spree_adjustments" VALUES(1060336339,109409616,'Spree::Shipment',0,'Spree::Order',909221584,'Spree::ShippingMethod',5,'Shipping','t','t','t','2013-05-06 20:21:40','2013-05-06 20:21:40');
INSERT INTO "spree_adjustments" VALUES(1067947005,9493021,'Spree::Order',9493021,'Spree::Order',967941380,'Spree::TaxRate',2.4,'Tax','t','f','t','2013-05-06 20:21:40','2013-05-06 20:21:40');
INSERT INTO "spree_adjustments" VALUES(1068888832,8567520,'Spree::Order',8567520,'Spree::Order',967941380,'Spree::TaxRate',1.6,'Tax','t','f','t','2013-05-06 20:21:40','2013-05-06 20:21:40');
INSERT INTO "spree_adjustments" VALUES(1073043774,1035625630,'Spree::Order',1035625630,'Spree::Order',967941380,'Spree::TaxRate',3.55,'Tax','t','f','t','2013-05-06 20:21:40','2013-05-06 20:21:40');
INSERT INTO "spree_adjustments" VALUES(1073043776,1053930494,'Spree::Shipment',1069267031,'Spree::Order',909221586,'Spree::ShippingMethod',5,'Frais de livraison','t',NULL,'t','2013-05-23 14:32:37.737266','2013-05-23 14:32:37.737266');
INSERT INTO "spree_adjustments" VALUES(1073043777,1053930495,'Spree::Shipment',1069267032,'Spree::Order',909221586,'Spree::ShippingMethod',5,'Frais de livraison','t','t','t','2013-05-23 18:02:50.975195','2013-05-23 18:04:15.750223');
CREATE TABLE "spree_assets" ("id" INTEGER PRIMARY KEY AUTOINCREMENT NOT NULL, "viewable_id" integer, "viewable_type" varchar(255), "attachment_width" integer, "attachment_height" integer, "attachment_file_size" integer, "position" integer, "attachment_content_type" varchar(255), "attachment_file_name" varchar(255), "type" varchar(75), "attachment_updated_at" datetime, "alt" text);
INSERT INTO "spree_assets" VALUES(1039,1013589414,'Spree::Variant',640,480,129426,1,'image/jpeg','DSC08385.jpg','Spree::Image','2013-05-22 18:42:21.778601','');
INSERT INTO "spree_assets" VALUES(1040,1013589415,'Spree::Variant',640,480,136997,1,'image/jpeg','DSC08373.jpg','Spree::Image','2013-05-22 18:42:42.626579','');
INSERT INTO "spree_assets" VALUES(1041,1013589416,'Spree::Variant',640,480,135821,1,'image/jpeg','DSC08377.jpg','Spree::Image','2013-05-22 18:43:11.312399','');
INSERT INTO "spree_assets" VALUES(1042,1013589413,'Spree::Variant',640,480,136997,1,'image/jpeg','DSC08373.jpg','Spree::Image','2013-05-22 18:53:24.487168','');
INSERT INTO "spree_assets" VALUES(1043,1013589417,'Spree::Variant',480,640,124225,1,'image/jpeg','DSC08542.jpg','Spree::Image','2013-05-23 13:06:58.033196','');
INSERT INTO "spree_assets" VALUES(1044,1013589418,'Spree::Variant',480,640,129932,1,'image/jpeg','DSC08401.jpg','Spree::Image','2013-05-23 14:02:10.174511','');
INSERT INTO "spree_assets" VALUES(1045,1013589419,'Spree::Variant',1536,2048,1293229,1,'image/jpeg','DSC06359.jpg','Spree::Image','2013-05-23 14:04:24.877367','');
INSERT INTO "spree_assets" VALUES(1046,1013589420,'Spree::Variant',2048,1536,1300079,1,'image/jpeg','DSC06540.jpg','Spree::Image','2013-05-23 18:38:55.740086','');
INSERT INTO "spree_assets" VALUES(1047,1013589421,'Spree::Variant',2048,1536,1036205,1,'image/jpeg','DSC06510.jpg','Spree::Image','2013-05-23 18:39:09.475825','');
CREATE TABLE "spree_calculators" ("id" INTEGER PRIMARY KEY AUTOINCREMENT NOT NULL, "type" varchar(255), "calculable_id" integer, "calculable_type" varchar(255), "created_at" datetime NOT NULL, "updated_at" datetime NOT NULL);
INSERT INTO "spree_calculators" VALUES(144256889,'Spree::Calculator::FlatRate',144256889,'Spree::ShippingMethod','2013-05-06 20:21:41','2013-05-06 20:21:41');
INSERT INTO "spree_calculators" VALUES(273448578,'Spree::Calculator::FlatRate',273448578,'Spree::ShippingMethod','2013-05-06 20:21:41','2013-05-06 20:21:41');
INSERT INTO "spree_calculators" VALUES(319692212,'Spree::Calculator::FlatRate',319692212,'Spree::ShippingMethod','2013-05-06 20:21:41','2013-05-06 20:21:41');
INSERT INTO "spree_calculators" VALUES(491052212,'Spree::Calculator::FlatRate',713097208,'Spree::Promotion','2013-05-06 20:21:41','2013-05-06 20:21:41');
INSERT INTO "spree_calculators" VALUES(505539722,'Spree::Calculator::DefaultTax',967941380,'Spree::TaxRate','2013-05-06 20:21:41','2013-05-06 20:21:41');
INSERT INTO "spree_calculators" VALUES(909221584,'Spree::Calculator::FlatRate',909221584,'Spree::ShippingMethod','2013-05-06 20:21:41','2013-05-06 20:21:41');
INSERT INTO "spree_calculators" VALUES(909221585,'Spree::Calculator::FlatRate',909221585,'Spree::ShippingMethod','2013-05-23 14:11:38.329234','2013-05-23 14:11:38.329234');
INSERT INTO "spree_calculators" VALUES(909221586,'Spree::Calculator::FlatRate',909221586,'Spree::ShippingMethod','2013-05-23 14:26:17.952405','2013-05-23 14:26:17.952405');
INSERT INTO "spree_calculators" VALUES(909221587,'Spree::Calculator::FlatPercentItemTotal',909221587,'Spree::ShippingMethod','2013-05-23 17:44:21.405636','2013-05-23 17:44:21.405636');
CREATE TABLE "spree_configurations" ("id" INTEGER PRIMARY KEY AUTOINCREMENT NOT NULL, "name" varchar(255), "type" varchar(50), "created_at" datetime NOT NULL, "updated_at" datetime NOT NULL);
CREATE TABLE "spree_countries" ("id" INTEGER PRIMARY KEY AUTOINCREMENT NOT NULL, "iso_name" varchar(255), "iso" varchar(255), "iso3" varchar(255), "name" varchar(255), "numcode" integer, "states_required" boolean DEFAULT 't');
INSERT INTO "spree_countries" VALUES(1,'AFGHANISTAN','AF','AFG','Afghanistan',4,'t');
INSERT INTO "spree_countries" VALUES(2,'ALBANIA','AL','ALB','Albania',8,'t');
INSERT INTO "spree_countries" VALUES(3,'ALGERIA','DZ','DZA','Algeria',12,'t');
INSERT INTO "spree_countries" VALUES(4,'AMERICAN SAMOA','AS','ASM','American Samoa',16,'t');
INSERT INTO "spree_countries" VALUES(5,'ANDORRA','AD','AND','Andorra',20,'t');
INSERT INTO "spree_countries" VALUES(6,'ANGOLA','AO','AGO','Angola',24,'t');
INSERT INTO "spree_countries" VALUES(7,'ANGUILLA','AI','AIA','Anguilla',660,'t');
INSERT INTO "spree_countries" VALUES(8,'ANTIGUA AND BARBUDA','AG','ATG','Antigua and Barbuda',28,'t');
INSERT INTO "spree_countries" VALUES(9,'ARGENTINA','AR','ARG','Argentina',32,'t');
INSERT INTO "spree_countries" VALUES(10,'ARMENIA','AM','ARM','Armenia',51,'t');
INSERT INTO "spree_countries" VALUES(11,'ARUBA','AW','ABW','Aruba',533,'t');
INSERT INTO "spree_countries" VALUES(12,'AUSTRALIA','AU','AUS','Australia',36,'t');
INSERT INTO "spree_countries" VALUES(13,'AUSTRIA','AT','AUT','Austria',40,'t');
INSERT INTO "spree_countries" VALUES(14,'AZERBAIJAN','AZ','AZE','Azerbaijan',31,'t');
INSERT INTO "spree_countries" VALUES(15,'BAHAMAS','BS','BHS','Bahamas',44,'t');
INSERT INTO "spree_countries" VALUES(16,'BAHRAIN','BH','BHR','Bahrain',48,'t');
INSERT INTO "spree_countries" VALUES(17,'BANGLADESH','BD','BGD','Bangladesh',50,'t');
INSERT INTO "spree_countries" VALUES(18,'BARBADOS','BB','BRB','Barbados',52,'t');
INSERT INTO "spree_countries" VALUES(19,'BELARUS','BY','BLR','Belarus',112,'t');
INSERT INTO "spree_countries" VALUES(20,'BELGIUM','BE','BEL','Belgium',56,'t');
INSERT INTO "spree_countries" VALUES(21,'BELIZE','BZ','BLZ','Belize',84,'t');
INSERT INTO "spree_countries" VALUES(22,'BENIN','BJ','BEN','Benin',204,'t');
INSERT INTO "spree_countries" VALUES(23,'BERMUDA','BM','BMU','Bermuda',60,'t');
INSERT INTO "spree_countries" VALUES(24,'BHUTAN','BT','BTN','Bhutan',64,'t');
INSERT INTO "spree_countries" VALUES(25,'BOLIVIA','BO','BOL','Bolivia',68,'t');
INSERT INTO "spree_countries" VALUES(26,'BOSNIA AND HERZEGOVINA','BA','BIH','Bosnia and Herzegovina',70,'t');
INSERT INTO "spree_countries" VALUES(27,'BOTSWANA','BW','BWA','Botswana',72,'t');
INSERT INTO "spree_countries" VALUES(28,'BRAZIL','BR','BRA','Brazil',76,'t');
INSERT INTO "spree_countries" VALUES(29,'BRUNEI DARUSSALAM','BN','BRN','Brunei Darussalam',96,'t');
INSERT INTO "spree_countries" VALUES(30,'BULGARIA','BG','BGR','Bulgaria',100,'t');
INSERT INTO "spree_countries" VALUES(31,'BURKINA FASO','BF','BFA','Burkina Faso',854,'t');
INSERT INTO "spree_countries" VALUES(32,'BURUNDI','BI','BDI','Burundi',108,'t');
INSERT INTO "spree_countries" VALUES(33,'CAMBODIA','KH','KHM','Cambodia',116,'t');
INSERT INTO "spree_countries" VALUES(34,'CAMEROON','CM','CMR','Cameroon',120,'t');
INSERT INTO "spree_countries" VALUES(35,'CANADA','CA','CAN','Canada',124,'t');
INSERT INTO "spree_countries" VALUES(36,'CAPE VERDE','CV','CPV','Cape Verde',132,'t');
INSERT INTO "spree_countries" VALUES(37,'CAYMAN ISLANDS','KY','CYM','Cayman Islands',136,'t');
INSERT INTO "spree_countries" VALUES(38,'CENTRAL AFRICAN REPUBLIC','CF','CAF','Central African Republic',140,'t');
INSERT INTO "spree_countries" VALUES(39,'CHAD','TD','TCD','Chad',148,'t');
INSERT INTO "spree_countries" VALUES(40,'CHILE','CL','CHL','Chile',152,'t');
INSERT INTO "spree_countries" VALUES(41,'CHINA','CN','CHN','China',156,'t');
INSERT INTO "spree_countries" VALUES(42,'COLOMBIA','CO','COL','Colombia',170,'t');
INSERT INTO "spree_countries" VALUES(43,'COMOROS','KM','COM','Comoros',174,'t');
INSERT INTO "spree_countries" VALUES(44,'CONGO','CG','COG','Congo',178,'t');
INSERT INTO "spree_countries" VALUES(45,'CONGO, THE DEMOCRATIC REPUBLIC OF THE','CD','COD','Congo, the Democratic Republic of the',180,'t');
INSERT INTO "spree_countries" VALUES(46,'COOK ISLANDS','CK','COK','Cook Islands',184,'t');
INSERT INTO "spree_countries" VALUES(47,'COSTA RICA','CR','CRI','Costa Rica',188,'t');
INSERT INTO "spree_countries" VALUES(48,'COTE D''IVOIRE','CI','CIV','Cote D''Ivoire',384,'t');
INSERT INTO "spree_countries" VALUES(49,'CROATIA','HR','HRV','Croatia',191,'t');
INSERT INTO "spree_countries" VALUES(50,'CUBA','CU','CUB','Cuba',192,'t');
INSERT INTO "spree_countries" VALUES(51,'CYPRUS','CY','CYP','Cyprus',196,'t');
INSERT INTO "spree_countries" VALUES(52,'CZECH REPUBLIC','CZ','CZE','Czech Republic',203,'t');
INSERT INTO "spree_countries" VALUES(53,'DENMARK','DK','DNK','Denmark',208,'t');
INSERT INTO "spree_countries" VALUES(54,'DJIBOUTI','DJ','DJI','Djibouti',262,'t');
INSERT INTO "spree_countries" VALUES(55,'DOMINICA','DM','DMA','Dominica',212,'t');
INSERT INTO "spree_countries" VALUES(56,'DOMINICAN REPUBLIC','DO','DOM','Dominican Republic',214,'t');
INSERT INTO "spree_countries" VALUES(57,'ECUADOR','EC','ECU','Ecuador',218,'t');
INSERT INTO "spree_countries" VALUES(58,'EGYPT','EG','EGY','Egypt',818,'t');
INSERT INTO "spree_countries" VALUES(59,'EL SALVADOR','SV','SLV','El Salvador',222,'t');
INSERT INTO "spree_countries" VALUES(60,'EQUATORIAL GUINEA','GQ','GNQ','Equatorial Guinea',226,'t');
INSERT INTO "spree_countries" VALUES(61,'ERITREA','ER','ERI','Eritrea',232,'t');
INSERT INTO "spree_countries" VALUES(62,'ESTONIA','EE','EST','Estonia',233,'t');
INSERT INTO "spree_countries" VALUES(63,'ETHIOPIA','ET','ETH','Ethiopia',231,'t');
INSERT INTO "spree_countries" VALUES(64,'FALKLAND ISLANDS (MALVINAS)','FK','FLK','Falkland Islands (Malvinas)',238,'t');
INSERT INTO "spree_countries" VALUES(65,'FAROE ISLANDS','FO','FRO','Faroe Islands',234,'t');
INSERT INTO "spree_countries" VALUES(66,'FIJI','FJ','FJI','Fiji',242,'t');
INSERT INTO "spree_countries" VALUES(67,'FINLAND','FI','FIN','Finland',246,'t');
INSERT INTO "spree_countries" VALUES(68,'FRANCE','FR','FRA','France',250,'f');
INSERT INTO "spree_countries" VALUES(69,'FRENCH GUIANA','GF','GUF','French Guiana',254,'t');
INSERT INTO "spree_countries" VALUES(70,'FRENCH POLYNESIA','PF','PYF','French Polynesia',258,'t');
INSERT INTO "spree_countries" VALUES(71,'GABON','GA','GAB','Gabon',266,'t');
INSERT INTO "spree_countries" VALUES(72,'GAMBIA','GM','GMB','Gambia',270,'t');
INSERT INTO "spree_countries" VALUES(73,'GEORGIA','GE','GEO','Georgia',268,'t');
INSERT INTO "spree_countries" VALUES(74,'GERMANY','DE','DEU','Germany',276,'t');
INSERT INTO "spree_countries" VALUES(75,'GHANA','GH','GHA','Ghana',288,'t');
INSERT INTO "spree_countries" VALUES(76,'GIBRALTAR','GI','GIB','Gibraltar',292,'t');
INSERT INTO "spree_countries" VALUES(77,'GREECE','GR','GRC','Greece',300,'t');
INSERT INTO "spree_countries" VALUES(78,'GREENLAND','GL','GRL','Greenland',304,'t');
INSERT INTO "spree_countries" VALUES(79,'GRENADA','GD','GRD','Grenada',308,'t');
INSERT INTO "spree_countries" VALUES(80,'GUADELOUPE','GP','GLP','Guadeloupe',312,'t');
INSERT INTO "spree_countries" VALUES(81,'GUAM','GU','GUM','Guam',316,'t');
INSERT INTO "spree_countries" VALUES(82,'GUATEMALA','GT','GTM','Guatemala',320,'t');
INSERT INTO "spree_countries" VALUES(83,'GUINEA','GN','GIN','Guinea',324,'t');
INSERT INTO "spree_countries" VALUES(84,'GUINEA-BISSAU','GW','GNB','Guinea-Bissau',624,'t');
INSERT INTO "spree_countries" VALUES(85,'GUYANA','GY','GUY','Guyana',328,'t');
INSERT INTO "spree_countries" VALUES(86,'HAITI','HT','HTI','Haiti',332,'t');
INSERT INTO "spree_countries" VALUES(87,'HOLY SEE (VATICAN CITY STATE)','VA','VAT','Holy See (Vatican City State)',336,'t');
INSERT INTO "spree_countries" VALUES(88,'HONDURAS','HN','HND','Honduras',340,'t');
INSERT INTO "spree_countries" VALUES(89,'HONG KONG','HK','HKG','Hong Kong',344,'t');
INSERT INTO "spree_countries" VALUES(90,'HUNGARY','HU','HUN','Hungary',348,'t');
INSERT INTO "spree_countries" VALUES(91,'ICELAND','IS','ISL','Iceland',352,'t');
INSERT INTO "spree_countries" VALUES(92,'INDIA','IN','IND','India',356,'t');
INSERT INTO "spree_countries" VALUES(93,'INDONESIA','ID','IDN','Indonesia',360,'t');
INSERT INTO "spree_countries" VALUES(94,'IRAN, ISLAMIC REPUBLIC OF','IR','IRN','Iran, Islamic Republic of',364,'t');
INSERT INTO "spree_countries" VALUES(95,'IRAQ','IQ','IRQ','Iraq',368,'t');
INSERT INTO "spree_countries" VALUES(96,'IRELAND','IE','IRL','Ireland',372,'t');
INSERT INTO "spree_countries" VALUES(97,'ISRAEL','IL','ISR','Israel',376,'t');
INSERT INTO "spree_countries" VALUES(98,'ITALY','IT','ITA','Italy',380,'t');
INSERT INTO "spree_countries" VALUES(99,'JAMAICA','JM','JAM','Jamaica',388,'t');
INSERT INTO "spree_countries" VALUES(100,'JAPAN','JP','JPN','Japan',392,'t');
INSERT INTO "spree_countries" VALUES(101,'JORDAN','JO','JOR','Jordan',400,'t');
INSERT INTO "spree_countries" VALUES(102,'KAZAKHSTAN','KZ','KAZ','Kazakhstan',398,'t');
INSERT INTO "spree_countries" VALUES(103,'KENYA','KE','KEN','Kenya',404,'t');
INSERT INTO "spree_countries" VALUES(104,'KIRIBATI','KI','KIR','Kiribati',296,'t');
INSERT INTO "spree_countries" VALUES(105,'KOREA, DEMOCRATIC PEOPLE''S REPUBLIC OF','KP','PRK','North Korea',408,'t');
INSERT INTO "spree_countries" VALUES(106,'KOREA, REPUBLIC OF','KR','KOR','South Korea',410,'t');
INSERT INTO "spree_countries" VALUES(107,'KUWAIT','KW','KWT','Kuwait',414,'t');
INSERT INTO "spree_countries" VALUES(108,'KYRGYZSTAN','KG','KGZ','Kyrgyzstan',417,'t');
INSERT INTO "spree_countries" VALUES(109,'LAO PEOPLE''S DEMOCRATIC REPUBLIC','LA','LAO','Lao People''s Democratic Republic',418,'t');
INSERT INTO "spree_countries" VALUES(110,'LATVIA','LV','LVA','Latvia',428,'t');
INSERT INTO "spree_countries" VALUES(111,'LEBANON','LB','LBN','Lebanon',422,'t');
INSERT INTO "spree_countries" VALUES(112,'LESOTHO','LS','LSO','Lesotho',426,'t');
INSERT INTO "spree_countries" VALUES(113,'LIBERIA','LR','LBR','Liberia',430,'t');
INSERT INTO "spree_countries" VALUES(114,'LIBYAN ARAB JAMAHIRIYA','LY','LBY','Libyan Arab Jamahiriya',434,'t');
INSERT INTO "spree_countries" VALUES(115,'LIECHTENSTEIN','LI','LIE','Liechtenstein',438,'t');
INSERT INTO "spree_countries" VALUES(116,'LITHUANIA','LT','LTU','Lithuania',440,'t');
INSERT INTO "spree_countries" VALUES(117,'LUXEMBOURG','LU','LUX','Luxembourg',442,'t');
INSERT INTO "spree_countries" VALUES(118,'MACAO','MO','MAC','Macao',446,'t');
INSERT INTO "spree_countries" VALUES(119,'MACEDONIA, THE FORMER YUGOSLAV REPUBLIC OF','MK','MKD','Macedonia',807,'t');
INSERT INTO "spree_countries" VALUES(120,'MADAGASCAR','MG','MDG','Madagascar',450,'t');
INSERT INTO "spree_countries" VALUES(121,'MALAWI','MW','MWI','Malawi',454,'t');
INSERT INTO "spree_countries" VALUES(122,'MALAYSIA','MY','MYS','Malaysia',458,'t');
INSERT INTO "spree_countries" VALUES(123,'MALDIVES','MV','MDV','Maldives',462,'t');
INSERT INTO "spree_countries" VALUES(124,'MALI','ML','MLI','Mali',466,'t');
INSERT INTO "spree_countries" VALUES(125,'MALTA','MT','MLT','Malta',470,'t');
INSERT INTO "spree_countries" VALUES(126,'MARSHALL ISLANDS','MH','MHL','Marshall Islands',584,'t');
INSERT INTO "spree_countries" VALUES(127,'MARTINIQUE','MQ','MTQ','Martinique',474,'t');
INSERT INTO "spree_countries" VALUES(128,'MAURITANIA','MR','MRT','Mauritania',478,'t');
INSERT INTO "spree_countries" VALUES(129,'MAURITIUS','MU','MUS','Mauritius',480,'t');
INSERT INTO "spree_countries" VALUES(130,'MEXICO','MX','MEX','Mexico',484,'t');
INSERT INTO "spree_countries" VALUES(131,'MICRONESIA, FEDERATED STATES OF','FM','FSM','Micronesia, Federated States of',583,'t');
INSERT INTO "spree_countries" VALUES(132,'MOLDOVA, REPUBLIC OF','MD','MDA','Moldova, Republic of',498,'t');
INSERT INTO "spree_countries" VALUES(133,'MONACO','MC','MCO','Monaco',492,'t');
INSERT INTO "spree_countries" VALUES(134,'MONGOLIA','MN','MNG','Mongolia',496,'t');
INSERT INTO "spree_countries" VALUES(135,'MONTSERRAT','MS','MSR','Montserrat',500,'t');
INSERT INTO "spree_countries" VALUES(136,'MOROCCO','MA','MAR','Morocco',504,'t');
INSERT INTO "spree_countries" VALUES(137,'MOZAMBIQUE','MZ','MOZ','Mozambique',508,'t');
INSERT INTO "spree_countries" VALUES(138,'MYANMAR','MM','MMR','Myanmar',104,'t');
INSERT INTO "spree_countries" VALUES(139,'NAMIBIA','NA','NAM','Namibia',516,'t');
INSERT INTO "spree_countries" VALUES(140,'NAURU','NR','NRU','Nauru',520,'t');
INSERT INTO "spree_countries" VALUES(141,'NEPAL','NP','NPL','Nepal',524,'t');
INSERT INTO "spree_countries" VALUES(142,'NETHERLANDS','NL','NLD','Netherlands',528,'t');
INSERT INTO "spree_countries" VALUES(143,'NETHERLANDS ANTILLES','AN','ANT','Netherlands Antilles',530,'t');
INSERT INTO "spree_countries" VALUES(144,'NEW CALEDONIA','NC','NCL','New Caledonia',540,'t');
INSERT INTO "spree_countries" VALUES(145,'NEW ZEALAND','NZ','NZL','New Zealand',554,'t');
INSERT INTO "spree_countries" VALUES(146,'NICARAGUA','NI','NIC','Nicaragua',558,'t');
INSERT INTO "spree_countries" VALUES(147,'NIGER','NE','NER','Niger',562,'t');
INSERT INTO "spree_countries" VALUES(148,'NIGERIA','NG','NGA','Nigeria',566,'t');
INSERT INTO "spree_countries" VALUES(149,'NIUE','NU','NIU','Niue',570,'t');
INSERT INTO "spree_countries" VALUES(150,'NORFOLK ISLAND','NF','NFK','Norfolk Island',574,'t');
INSERT INTO "spree_countries" VALUES(151,'NORTHERN MARIANA ISLANDS','MP','MNP','Northern Mariana Islands',580,'t');
INSERT INTO "spree_countries" VALUES(152,'NORWAY','NO','NOR','Norway',578,'t');
INSERT INTO "spree_countries" VALUES(153,'OMAN','OM','OMN','Oman',512,'t');
INSERT INTO "spree_countries" VALUES(154,'PAKISTAN','PK','PAK','Pakistan',586,'t');
INSERT INTO "spree_countries" VALUES(155,'PALAU','PW','PLW','Palau',585,'t');
INSERT INTO "spree_countries" VALUES(156,'PANAMA','PA','PAN','Panama',591,'t');
INSERT INTO "spree_countries" VALUES(157,'PAPUA NEW GUINEA','PG','PNG','Papua New Guinea',598,'t');
INSERT INTO "spree_countries" VALUES(158,'PARAGUAY','PY','PRY','Paraguay',600,'t');
INSERT INTO "spree_countries" VALUES(159,'PERU','PE','PER','Peru',604,'t');
INSERT INTO "spree_countries" VALUES(160,'PHILIPPINES','PH','PHL','Philippines',608,'t');
INSERT INTO "spree_countries" VALUES(161,'PITCAIRN','PN','PCN','Pitcairn',612,'t');
INSERT INTO "spree_countries" VALUES(162,'POLAND','PL','POL','Poland',616,'t');
INSERT INTO "spree_countries" VALUES(163,'PORTUGAL','PT','PRT','Portugal',620,'t');
INSERT INTO "spree_countries" VALUES(164,'PUERTO RICO','PR','PRI','Puerto Rico',630,'t');
INSERT INTO "spree_countries" VALUES(165,'QATAR','QA','QAT','Qatar',634,'t');
INSERT INTO "spree_countries" VALUES(166,'REUNION','RE','REU','Reunion',638,'t');
INSERT INTO "spree_countries" VALUES(167,'ROMANIA','RO','ROM','Romania',642,'t');
INSERT INTO "spree_countries" VALUES(168,'RUSSIAN FEDERATION','RU','RUS','Russian Federation',643,'t');
INSERT INTO "spree_countries" VALUES(169,'RWANDA','RW','RWA','Rwanda',646,'t');
INSERT INTO "spree_countries" VALUES(170,'SAINT HELENA','SH','SHN','Saint Helena',654,'t');
INSERT INTO "spree_countries" VALUES(171,'SAINT KITTS AND NEVIS','KN','KNA','Saint Kitts and Nevis',659,'t');
INSERT INTO "spree_countries" VALUES(172,'SAINT LUCIA','LC','LCA','Saint Lucia',662,'t');
INSERT INTO "spree_countries" VALUES(173,'SAINT PIERRE AND MIQUELON','PM','SPM','Saint Pierre and Miquelon',666,'t');
INSERT INTO "spree_countries" VALUES(174,'SAINT VINCENT AND THE GRENADINES','VC','VCT','Saint Vincent and the Grenadines',670,'t');
INSERT INTO "spree_countries" VALUES(175,'SAMOA','WS','WSM','Samoa',882,'t');
INSERT INTO "spree_countries" VALUES(176,'SAN MARINO','SM','SMR','San Marino',674,'t');
INSERT INTO "spree_countries" VALUES(177,'SAO TOME AND PRINCIPE','ST','STP','Sao Tome and Principe',678,'t');
INSERT INTO "spree_countries" VALUES(178,'SAUDI ARABIA','SA','SAU','Saudi Arabia',682,'t');
INSERT INTO "spree_countries" VALUES(179,'SENEGAL','SN','SEN','Senegal',686,'t');
INSERT INTO "spree_countries" VALUES(180,'SEYCHELLES','SC','SYC','Seychelles',690,'t');
INSERT INTO "spree_countries" VALUES(181,'SIERRA LEONE','SL','SLE','Sierra Leone',694,'t');
INSERT INTO "spree_countries" VALUES(182,'SINGAPORE','SG','SGP','Singapore',702,'t');
INSERT INTO "spree_countries" VALUES(183,'SLOVAKIA','SK','SVK','Slovakia',703,'t');
INSERT INTO "spree_countries" VALUES(184,'SLOVENIA','SI','SVN','Slovenia',705,'t');
INSERT INTO "spree_countries" VALUES(185,'SOLOMON ISLANDS','SB','SLB','Solomon Islands',90,'t');
INSERT INTO "spree_countries" VALUES(186,'SOMALIA','SO','SOM','Somalia',706,'t');
INSERT INTO "spree_countries" VALUES(187,'SOUTH AFRICA','ZA','ZAF','South Africa',710,'t');
INSERT INTO "spree_countries" VALUES(188,'SPAIN','ES','ESP','Spain',724,'t');
INSERT INTO "spree_countries" VALUES(189,'SRI LANKA','LK','LKA','Sri Lanka',144,'t');
INSERT INTO "spree_countries" VALUES(190,'SUDAN','SD','SDN','Sudan',736,'t');
INSERT INTO "spree_countries" VALUES(191,'SURINAME','SR','SUR','Suriname',740,'t');
INSERT INTO "spree_countries" VALUES(192,'SVALBARD AND JAN MAYEN','SJ','SJM','Svalbard and Jan Mayen',744,'t');
INSERT INTO "spree_countries" VALUES(193,'SWAZILAND','SZ','SWZ','Swaziland',748,'t');
INSERT INTO "spree_countries" VALUES(194,'SWEDEN','SE','SWE','Sweden',752,'t');
INSERT INTO "spree_countries" VALUES(195,'SWITZERLAND','CH','CHE','Switzerland',756,'t');
INSERT INTO "spree_countries" VALUES(196,'SYRIAN ARAB REPUBLIC','SY','SYR','Syrian Arab Republic',760,'t');
INSERT INTO "spree_countries" VALUES(197,'TAIWAN, PROVINCE OF CHINA','TW','TWN','Taiwan',158,'t');
INSERT INTO "spree_countries" VALUES(198,'TAJIKISTAN','TJ','TJK','Tajikistan',762,'t');
INSERT INTO "spree_countries" VALUES(199,'TANZANIA, UNITED REPUBLIC OF','TZ','TZA','Tanzania, United Republic of',834,'t');
INSERT INTO "spree_countries" VALUES(200,'THAILAND','TH','THA','Thailand',764,'t');
INSERT INTO "spree_countries" VALUES(201,'TOGO','TG','TGO','Togo',768,'t');
INSERT INTO "spree_countries" VALUES(202,'TOKELAU','TK','TKL','Tokelau',772,'t');
INSERT INTO "spree_countries" VALUES(203,'TONGA','TO','TON','Tonga',776,'t');
INSERT INTO "spree_countries" VALUES(204,'TRINIDAD AND TOBAGO','TT','TTO','Trinidad and Tobago',780,'t');
INSERT INTO "spree_countries" VALUES(205,'TUNISIA','TN','TUN','Tunisia',788,'t');
INSERT INTO "spree_countries" VALUES(206,'TURKEY','TR','TUR','Turkey',792,'t');
INSERT INTO "spree_countries" VALUES(207,'TURKMENISTAN','TM','TKM','Turkmenistan',795,'t');
INSERT INTO "spree_countries" VALUES(208,'TURKS AND CAICOS ISLANDS','TC','TCA','Turks and Caicos Islands',796,'t');
INSERT INTO "spree_countries" VALUES(209,'TUVALU','TV','TUV','Tuvalu',798,'t');
INSERT INTO "spree_countries" VALUES(210,'UGANDA','UG','UGA','Uganda',800,'t');
INSERT INTO "spree_countries" VALUES(211,'UKRAINE','UA','UKR','Ukraine',804,'t');
INSERT INTO "spree_countries" VALUES(212,'UNITED ARAB EMIRATES','AE','ARE','United Arab Emirates',784,'t');
INSERT INTO "spree_countries" VALUES(213,'UNITED KINGDOM','GB','GBR','United Kingdom',826,'t');
INSERT INTO "spree_countries" VALUES(214,'UNITED STATES','US','USA','United States',840,'t');
INSERT INTO "spree_countries" VALUES(215,'URUGUAY','UY','URY','Uruguay',858,'t');
INSERT INTO "spree_countries" VALUES(216,'UZBEKISTAN','UZ','UZB','Uzbekistan',860,'t');
INSERT INTO "spree_countries" VALUES(217,'VANUATU','VU','VUT','Vanuatu',548,'t');
INSERT INTO "spree_countries" VALUES(218,'VENEZUELA','VE','VEN','Venezuela',862,'t');
INSERT INTO "spree_countries" VALUES(219,'VIET NAM','VN','VNM','Viet Nam',704,'t');
INSERT INTO "spree_countries" VALUES(220,'VIRGIN ISLANDS, BRITISH','VG','VGB','Virgin Islands, British',92,'t');
INSERT INTO "spree_countries" VALUES(221,'VIRGIN ISLANDS, U.S.','VI','VIR','Virgin Islands, U.S.',850,'t');
INSERT INTO "spree_countries" VALUES(222,'WALLIS AND FUTUNA','WF','WLF','Wallis and Futuna',876,'t');
INSERT INTO "spree_countries" VALUES(223,'WESTERN SAHARA','EH','ESH','Western Sahara',732,'t');
INSERT INTO "spree_countries" VALUES(224,'YEMEN','YE','YEM','Yemen',887,'t');
INSERT INTO "spree_countries" VALUES(225,'ZAMBIA','ZM','ZMB','Zambia',894,'t');
INSERT INTO "spree_countries" VALUES(226,'ZIMBABWE','ZW','ZWE','Zimbabwe',716,'t');
INSERT INTO "spree_countries" VALUES(998,NULL,'RS','SRB','Serbia',999,'t');
CREATE TABLE "spree_credit_cards" ("id" INTEGER PRIMARY KEY AUTOINCREMENT NOT NULL, "month" varchar(255), "year" varchar(255), "cc_type" varchar(255), "last_digits" varchar(255), "first_name" varchar(255), "last_name" varchar(255), "start_month" varchar(255), "start_year" varchar(255), "issue_number" varchar(255), "address_id" integer, "gateway_customer_profile_id" varchar(255), "gateway_payment_profile_id" varchar(255), "created_at" datetime NOT NULL, "updated_at" datetime NOT NULL);
INSERT INTO "spree_credit_cards" VALUES(1,'12','2014','visa','1111','Sean','Schofield',NULL,NULL,NULL,NULL,'BGS-1234',NULL,'2013-05-06 20:21:45.358392','2013-05-06 20:21:45.358392');
CREATE TABLE "spree_gateways" ("id" INTEGER PRIMARY KEY AUTOINCREMENT NOT NULL, "type" varchar(255), "name" varchar(255), "description" text, "active" boolean DEFAULT 't', "environment" varchar(255) DEFAULT 'development', "server" varchar(255) DEFAULT 'test', "test_mode" boolean DEFAULT 't', "created_at" datetime NOT NULL, "updated_at" datetime NOT NULL);
CREATE TABLE "spree_inventory_units" ("id" INTEGER PRIMARY KEY AUTOINCREMENT NOT NULL, "lock_version" integer DEFAULT 0, "state" varchar(255), "variant_id" integer, "order_id" integer, "shipment_id" integer, "return_authorization_id" integer, "created_at" datetime NOT NULL, "updated_at" datetime NOT NULL);
INSERT INTO "spree_inventory_units" VALUES(1,0,'sold',215054540,146573512,1053020929,NULL,'2013-05-06 20:21:42.622678','2013-05-06 20:21:42.622678');
INSERT INTO "spree_inventory_units" VALUES(2,0,'sold',215054540,146573512,1053020929,NULL,'2013-05-06 20:21:42.633466','2013-05-06 20:21:42.633466');
INSERT INTO "spree_inventory_units" VALUES(3,0,'sold',215054540,145680447,1053930492,NULL,'2013-05-06 20:21:42.641047','2013-05-06 20:21:42.641047');
INSERT INTO "spree_inventory_units" VALUES(4,0,'sold',215054540,145680447,1053930492,NULL,'2013-05-06 20:21:42.644752','2013-05-06 20:21:42.644752');
INSERT INTO "spree_inventory_units" VALUES(5,0,'sold',215054540,145680447,1053930492,NULL,'2013-05-06 20:21:42.648964','2013-05-06 20:21:42.648964');
INSERT INTO "spree_inventory_units" VALUES(6,0,'sold',215054540,145680447,1053930492,NULL,'2013-05-06 20:21:42.653493','2013-05-06 20:21:42.653493');
INSERT INTO "spree_inventory_units" VALUES(7,0,'sold',52862384,780983247,418611208,NULL,'2013-05-06 20:21:42.660862','2013-05-06 20:21:42.660862');
INSERT INTO "spree_inventory_units" VALUES(8,0,'sold',52862384,780983247,418611208,NULL,'2013-05-06 20:21:42.664642','2013-05-06 20:21:42.664642');
INSERT INTO "spree_inventory_units" VALUES(9,0,'sold',52862384,780983247,418611208,NULL,'2013-05-06 20:21:42.668571','2013-05-06 20:21:42.668571');
INSERT INTO "spree_inventory_units" VALUES(10,0,'sold',52862384,780983247,418611208,NULL,'2013-05-06 20:21:42.672056','2013-05-06 20:21:42.672056');
INSERT INTO "spree_inventory_units" VALUES(11,0,'sold',215054540,73849921,35341291,NULL,'2013-05-06 20:21:42.679985','2013-05-06 20:21:42.679985');
INSERT INTO "spree_inventory_units" VALUES(12,0,'sold',215054540,73849921,35341291,NULL,'2013-05-06 20:21:42.684005','2013-05-06 20:21:42.684005');
INSERT INTO "spree_inventory_units" VALUES(13,0,'sold',215054540,73849921,35341291,NULL,'2013-05-06 20:21:42.687785','2013-05-06 20:21:42.687785');
INSERT INTO "spree_inventory_units" VALUES(14,0,'sold',215054540,73849921,35341291,NULL,'2013-05-06 20:21:42.692639','2013-05-06 20:21:42.692639');
INSERT INTO "spree_inventory_units" VALUES(15,0,'sold',215054540,183664179,1015883258,NULL,'2013-05-06 20:21:42.700014','2013-05-06 20:21:42.700014');
INSERT INTO "spree_inventory_units" VALUES(16,0,'sold',215054540,183664179,1015883258,NULL,'2013-05-06 20:21:42.703762','2013-05-06 20:21:42.703762');
INSERT INTO "spree_inventory_units" VALUES(17,0,'sold',405540681,183664179,1015883258,NULL,'2013-05-06 20:21:42.710949','2013-05-06 20:21:42.710949');
INSERT INTO "spree_inventory_units" VALUES(18,0,'sold',405540681,183664179,1015883258,NULL,'2013-05-06 20:21:42.714279','2013-05-06 20:21:42.714279');
INSERT INTO "spree_inventory_units" VALUES(19,0,'sold',215054540,192544832,1023761401,NULL,'2013-05-06 20:21:42.722136','2013-05-06 20:21:42.722136');
INSERT INTO "spree_inventory_units" VALUES(20,0,'sold',215054540,192544832,1023761401,NULL,'2013-05-06 20:21:42.725806','2013-05-06 20:21:42.725806');
INSERT INTO "spree_inventory_units" VALUES(21,0,'sold',52862384,790021435,426352382,NULL,'2013-05-06 20:21:42.734164','2013-05-06 20:21:42.734164');
INSERT INTO "spree_inventory_units" VALUES(22,0,'sold',52862384,790021435,426352382,NULL,'2013-05-06 20:21:42.738041','2013-05-06 20:21:42.738041');
INSERT INTO "spree_inventory_units" VALUES(23,0,'sold',52862384,790021435,426352382,NULL,'2013-05-06 20:21:42.742030','2013-05-06 20:21:42.742030');
INSERT INTO "spree_inventory_units" VALUES(24,0,'sold',52862384,790021435,426352382,NULL,'2013-05-06 20:21:42.745297','2013-05-06 20:21:42.745297');
INSERT INTO "spree_inventory_units" VALUES(25,0,'sold',52862384,790021435,426352382,NULL,'2013-05-06 20:21:42.748953','2013-05-06 20:21:42.748953');
INSERT INTO "spree_inventory_units" VALUES(26,0,'sold',52862384,790021435,426352382,NULL,'2013-05-06 20:21:42.752705','2013-05-06 20:21:42.752705');
INSERT INTO "spree_inventory_units" VALUES(27,0,'sold',52862384,790021435,426352382,NULL,'2013-05-06 20:21:42.756283','2013-05-06 20:21:42.756283');
INSERT INTO "spree_inventory_units" VALUES(28,0,'sold',52862384,790021435,426352382,NULL,'2013-05-06 20:21:42.759728','2013-05-06 20:21:42.759728');
INSERT INTO "spree_inventory_units" VALUES(29,0,'sold',405540681,228571690,1004593649,NULL,'2013-05-06 20:21:42.767305','2013-05-06 20:21:42.767305');
INSERT INTO "spree_inventory_units" VALUES(30,0,'sold',215054540,216145139,983385912,NULL,'2013-05-06 20:21:42.775526','2013-05-06 20:21:42.775526');
INSERT INTO "spree_inventory_units" VALUES(31,0,'sold',52862384,702619608,530465809,NULL,'2013-05-06 20:21:42.783325','2013-05-06 20:21:42.783325');
INSERT INTO "spree_inventory_units" VALUES(32,0,'sold',52862384,702619608,530465809,NULL,'2013-05-06 20:21:42.786894','2013-05-06 20:21:42.786894');
INSERT INTO "spree_inventory_units" VALUES(33,0,'sold',52862384,702619608,530465809,NULL,'2013-05-06 20:21:42.790461','2013-05-06 20:21:42.790461');
INSERT INTO "spree_inventory_units" VALUES(34,0,'sold',52862384,702619608,530465809,NULL,'2013-05-06 20:21:42.794090','2013-05-06 20:21:42.794090');
INSERT INTO "spree_inventory_units" VALUES(35,0,'sold',52862384,702619608,530465809,NULL,'2013-05-06 20:21:42.797862','2013-05-06 20:21:42.797862');
INSERT INTO "spree_inventory_units" VALUES(36,0,'sold',215054540,228571690,1004593649,NULL,'2013-05-06 20:21:42.805392','2013-05-06 20:21:42.805392');
INSERT INTO "spree_inventory_units" VALUES(37,0,'sold',215054540,228571690,1004593649,NULL,'2013-05-06 20:21:42.810812','2013-05-06 20:21:42.810812');
INSERT INTO "spree_inventory_units" VALUES(38,0,'sold',215054540,228571690,1004593649,NULL,'2013-05-06 20:21:42.815879','2013-05-06 20:21:42.815879');
INSERT INTO "spree_inventory_units" VALUES(39,0,'sold',215054540,239817259,942934510,NULL,'2013-05-06 20:21:42.824874','2013-05-06 20:21:42.824874');
INSERT INTO "spree_inventory_units" VALUES(40,0,'sold',215054540,239817259,942934510,NULL,'2013-05-06 20:21:42.828599','2013-05-06 20:21:42.828599');
INSERT INTO "spree_inventory_units" VALUES(41,0,'sold',215054540,239817259,942934510,NULL,'2013-05-06 20:21:42.831811','2013-05-06 20:21:42.831811');
INSERT INTO "spree_inventory_units" VALUES(42,0,'sold',599112055,906884218,7516093,NULL,'2013-05-06 20:21:42.839758','2013-05-06 20:21:42.839758');
INSERT INTO "spree_inventory_units" VALUES(43,0,'sold',599112055,906884218,7516093,NULL,'2013-05-06 20:21:42.843429','2013-05-06 20:21:42.843429');
INSERT INTO "spree_inventory_units" VALUES(44,0,'sold',599112055,906884218,7516093,NULL,'2013-05-06 20:21:42.846961','2013-05-06 20:21:42.846961');
INSERT INTO "spree_inventory_units" VALUES(45,0,'sold',215054540,265374943,967710488,NULL,'2013-05-06 20:21:42.854748','2013-05-06 20:21:42.854748');
INSERT INTO "spree_inventory_units" VALUES(46,0,'sold',215054540,265374943,967710488,NULL,'2013-05-06 20:21:42.858629','2013-05-06 20:21:42.858629');
INSERT INTO "spree_inventory_units" VALUES(47,0,'sold',215054540,265374943,967710488,NULL,'2013-05-06 20:21:42.862411','2013-05-06 20:21:42.862411');
INSERT INTO "spree_inventory_units" VALUES(48,0,'sold',215054540,264449064,968652773,NULL,'2013-05-06 20:21:42.870422','2013-05-06 20:21:42.870422');
INSERT INTO "spree_inventory_units" VALUES(49,0,'sold',215054540,264449064,968652773,NULL,'2013-05-06 20:21:42.873890','2013-05-06 20:21:42.873890');
INSERT INTO "spree_inventory_units" VALUES(50,0,'sold',215054540,264449064,968652773,NULL,'2013-05-06 20:21:42.877296','2013-05-06 20:21:42.877296');
INSERT INTO "spree_inventory_units" VALUES(51,0,'sold',504220342,330565047,365533797,NULL,'2013-05-06 20:21:42.884894','2013-05-06 20:21:42.884894');
INSERT INTO "spree_inventory_units" VALUES(52,0,'sold',504220342,330565047,365533797,NULL,'2013-05-06 20:21:42.888620','2013-05-06 20:21:42.888620');
INSERT INTO "spree_inventory_units" VALUES(53,0,'sold',504220342,335228811,629437518,NULL,'2013-05-06 20:21:42.896254','2013-05-06 20:21:42.896254');
INSERT INTO "spree_inventory_units" VALUES(54,0,'sold',504220342,335228811,629437518,NULL,'2013-05-06 20:21:42.961299','2013-05-06 20:21:42.961299');
INSERT INTO "spree_inventory_units" VALUES(55,0,'sold',215054540,9493021,921666016,NULL,'2013-05-06 20:21:42.970224','2013-05-06 20:21:42.970224');
INSERT INTO "spree_inventory_units" VALUES(56,0,'sold',215054540,9493021,921666016,NULL,'2013-05-06 20:21:42.974216','2013-05-06 20:21:42.974216');
INSERT INTO "spree_inventory_units" VALUES(57,0,'sold',215054540,9493021,921666016,NULL,'2013-05-06 20:21:42.977839','2013-05-06 20:21:42.977839');
INSERT INTO "spree_inventory_units" VALUES(58,0,'sold',215054540,8567520,922607911,NULL,'2013-05-06 20:21:42.986616','2013-05-06 20:21:42.986616');
INSERT INTO "spree_inventory_units" VALUES(59,0,'sold',215054540,8567520,922607911,NULL,'2013-05-06 20:21:42.990590','2013-05-06 20:21:42.990590');
INSERT INTO "spree_inventory_units" VALUES(60,0,'sold',215054540,17482993,930455338,NULL,'2013-05-06 20:21:42.998274','2013-05-06 20:21:42.998274');
INSERT INTO "spree_inventory_units" VALUES(61,0,'sold',599112055,953580620,245966735,NULL,'2013-05-06 20:21:43.005975','2013-05-06 20:21:43.005975');
INSERT INTO "spree_inventory_units" VALUES(62,0,'sold',599112055,953580620,245966735,NULL,'2013-05-06 20:21:43.009808','2013-05-06 20:21:43.009808');
INSERT INTO "spree_inventory_units" VALUES(63,0,'sold',52862384,648055060,283103959,NULL,'2013-05-06 20:21:43.017720','2013-05-06 20:21:43.017720');
INSERT INTO "spree_inventory_units" VALUES(64,0,'sold',52862384,648055060,283103959,NULL,'2013-05-06 20:21:43.022085','2013-05-06 20:21:43.022085');
INSERT INTO "spree_inventory_units" VALUES(65,0,'sold',52862384,648055060,283103959,NULL,'2013-05-06 20:21:43.025824','2013-05-06 20:21:43.025824');
INSERT INTO "spree_inventory_units" VALUES(66,0,'sold',215054540,37328065,877055750,NULL,'2013-05-06 20:21:43.033374','2013-05-06 20:21:43.033374');
INSERT INTO "spree_inventory_units" VALUES(67,0,'sold',215054540,37328065,877055750,NULL,'2013-05-06 20:21:43.037717','2013-05-06 20:21:43.037717');
INSERT INTO "spree_inventory_units" VALUES(68,0,'sold',215054540,36435006,877965311,NULL,'2013-05-06 20:21:43.045313','2013-05-06 20:21:43.045313');
INSERT INTO "spree_inventory_units" VALUES(69,0,'sold',215054540,36435006,877965311,NULL,'2013-05-06 20:21:43.049325','2013-05-06 20:21:43.049325');
INSERT INTO "spree_inventory_units" VALUES(70,0,'sold',215054540,36435006,877965311,NULL,'2013-05-06 20:21:43.052656','2013-05-06 20:21:43.052656');
INSERT INTO "spree_inventory_units" VALUES(71,0,'sold',215054540,36435006,877965311,NULL,'2013-05-06 20:21:43.055854','2013-05-06 20:21:43.055854');
INSERT INTO "spree_inventory_units" VALUES(72,0,'sold',215054540,48114926,882997035,NULL,'2013-05-06 20:21:43.065153','2013-05-06 20:21:43.065153');
INSERT INTO "spree_inventory_units" VALUES(73,0,'sold',215054540,48114926,882997035,NULL,'2013-05-06 20:21:43.069791','2013-05-06 20:21:43.069791');
INSERT INTO "spree_inventory_units" VALUES(74,0,'sold',215054540,48114926,882997035,NULL,'2013-05-06 20:21:43.074004','2013-05-06 20:21:43.074004');
INSERT INTO "spree_inventory_units" VALUES(75,0,'sold',215054540,46943257,884152274,NULL,'2013-05-06 20:21:43.082540','2013-05-06 20:21:43.082540');
INSERT INTO "spree_inventory_units" VALUES(76,0,'sold',215054540,231772182,195891138,NULL,'2013-05-06 20:21:43.090327','2013-05-06 20:21:43.090327');
INSERT INTO "spree_inventory_units" VALUES(77,0,'sold',215054540,231772182,195891138,NULL,'2013-05-06 20:21:43.094811','2013-05-06 20:21:43.094811');
INSERT INTO "spree_inventory_units" VALUES(78,0,'sold',215054540,231772182,195891138,NULL,'2013-05-06 20:21:43.098565','2013-05-06 20:21:43.098565');
INSERT INTO "spree_inventory_units" VALUES(79,0,'sold',215054540,231772182,195891138,NULL,'2013-05-06 20:21:43.102594','2013-05-06 20:21:43.102594');
INSERT INTO "spree_inventory_units" VALUES(80,0,'sold',599112055,983075517,216519034,NULL,'2013-05-06 20:21:43.111825','2013-05-06 20:21:43.111825');
INSERT INTO "spree_inventory_units" VALUES(81,0,'sold',599112055,1039486630,193598819,NULL,'2013-05-06 20:21:43.120284','2013-05-06 20:21:43.120284');
INSERT INTO "spree_inventory_units" VALUES(82,0,'sold',52862384,542594049,371722298,NULL,'2013-05-06 20:21:43.128584','2013-05-06 20:21:43.128584');
INSERT INTO "spree_inventory_units" VALUES(83,0,'sold',52862384,542594049,371722298,NULL,'2013-05-06 20:21:43.132911','2013-05-06 20:21:43.132911');
INSERT INTO "spree_inventory_units" VALUES(84,0,'sold',52862384,542594049,371722298,NULL,'2013-05-06 20:21:43.136224','2013-05-06 20:21:43.136224');
INSERT INTO "spree_inventory_units" VALUES(85,0,'sold',52862384,542594049,371722298,NULL,'2013-05-06 20:21:43.140137','2013-05-06 20:21:43.140137');
INSERT INTO "spree_inventory_units" VALUES(86,0,'sold',52862384,542594049,371722298,NULL,'2013-05-06 20:21:43.144021','2013-05-06 20:21:43.144021');
INSERT INTO "spree_inventory_units" VALUES(87,0,'sold',52862384,542594049,371722298,NULL,'2013-05-06 20:21:43.147744','2013-05-06 20:21:43.147744');
INSERT INTO "spree_inventory_units" VALUES(88,0,'sold',52862384,542594049,371722298,NULL,'2013-05-06 20:21:43.151950','2013-05-06 20:21:43.151950');
INSERT INTO "spree_inventory_units" VALUES(89,0,'sold',52862384,542594049,371722298,NULL,'2013-05-06 20:21:43.156483','2013-05-06 20:21:43.156483');
INSERT INTO "spree_inventory_units" VALUES(90,0,'sold',52862384,542594049,371722298,NULL,'2013-05-06 20:21:43.160331','2013-05-06 20:21:43.160331');
INSERT INTO "spree_inventory_units" VALUES(91,0,'sold',52862384,542594049,371722298,NULL,'2013-05-06 20:21:43.163987','2013-05-06 20:21:43.163987');
INSERT INTO "spree_inventory_units" VALUES(92,0,'sold',215054540,89411802,858458911,NULL,'2013-05-06 20:21:43.172010','2013-05-06 20:21:43.172010');
INSERT INTO "spree_inventory_units" VALUES(93,0,'sold',215054540,89411802,858458911,NULL,'2013-05-06 20:21:43.175798','2013-05-06 20:21:43.175798');
INSERT INTO "spree_inventory_units" VALUES(94,0,'sold',215054540,89411802,858458911,NULL,'2013-05-06 20:21:43.179295','2013-05-06 20:21:43.179295');
INSERT INTO "spree_inventory_units" VALUES(95,0,'sold',215054540,88485925,859401190,NULL,'2013-05-06 20:21:43.187010','2013-05-06 20:21:43.187010');
INSERT INTO "spree_inventory_units" VALUES(96,0,'sold',215054540,88485925,859401190,NULL,'2013-05-06 20:21:43.190795','2013-05-06 20:21:43.190795');
INSERT INTO "spree_inventory_units" VALUES(97,0,'sold',215054540,88485925,859401190,NULL,'2013-05-06 20:21:43.194586','2013-05-06 20:21:43.194586');
INSERT INTO "spree_inventory_units" VALUES(98,0,'sold',215054540,88485925,859401190,NULL,'2013-05-06 20:21:43.198752','2013-05-06 20:21:43.198752');
INSERT INTO "spree_inventory_units" VALUES(99,0,'sold',52862384,567102733,397547216,NULL,'2013-05-06 20:21:43.206252','2013-05-06 20:21:43.206252');
INSERT INTO "spree_inventory_units" VALUES(100,0,'sold',52862384,567102733,397547216,NULL,'2013-05-06 20:21:43.210015','2013-05-06 20:21:43.210015');
INSERT INTO "spree_inventory_units" VALUES(101,0,'sold',52862384,567102733,397547216,NULL,'2013-05-06 20:21:43.214247','2013-05-06 20:21:43.214247');
INSERT INTO "spree_inventory_units" VALUES(102,0,'sold',52862384,567102733,397547216,NULL,'2013-05-06 20:21:43.217978','2013-05-06 20:21:43.217978');
INSERT INTO "spree_inventory_units" VALUES(103,0,'sold',52862384,567102733,397547216,NULL,'2013-05-06 20:21:43.221519','2013-05-06 20:21:43.221519');
INSERT INTO "spree_inventory_units" VALUES(104,0,'sold',52862384,567102733,397547216,NULL,'2013-05-06 20:21:43.225367','2013-05-06 20:21:43.225367');
INSERT INTO "spree_inventory_units" VALUES(105,0,'sold',215054540,95676661,869053234,NULL,'2013-05-06 20:21:43.234164','2013-05-06 20:21:43.234164');
INSERT INTO "spree_inventory_units" VALUES(106,0,'sold',215054540,95676661,869053234,NULL,'2013-05-06 20:21:43.238478','2013-05-06 20:21:43.238478');
INSERT INTO "spree_inventory_units" VALUES(107,0,'sold',215054540,95676661,869053234,NULL,'2013-05-06 20:21:43.242144','2013-05-06 20:21:43.242144');
INSERT INTO "spree_inventory_units" VALUES(108,0,'sold',215054540,95676661,869053234,NULL,'2013-05-06 20:21:43.245436','2013-05-06 20:21:43.245436');
INSERT INTO "spree_inventory_units" VALUES(109,0,'sold',215054540,94472210,870241227,NULL,'2013-05-06 20:21:43.253120','2013-05-06 20:21:43.253120');
INSERT INTO "spree_inventory_units" VALUES(110,0,'sold',215054540,94472210,870241227,NULL,'2013-05-06 20:21:43.256797','2013-05-06 20:21:43.256797');
INSERT INTO "spree_inventory_units" VALUES(111,0,'sold',215054540,94472210,870241227,NULL,'2013-05-06 20:21:43.260397','2013-05-06 20:21:43.260397');
INSERT INTO "spree_inventory_units" VALUES(112,0,'sold',215054540,94472210,870241227,NULL,'2013-05-06 20:21:43.264292','2013-05-06 20:21:43.264292');
INSERT INTO "spree_inventory_units" VALUES(113,0,'sold',599112055,1069267029,163898264,NULL,'2013-05-06 20:21:43.272672','2013-05-06 20:21:43.272672');
INSERT INTO "spree_inventory_units" VALUES(114,0,'sold',599112055,1069267029,163898264,NULL,'2013-05-06 20:21:43.276877','2013-05-06 20:21:43.276877');
INSERT INTO "spree_inventory_units" VALUES(115,0,'sold',215054540,134028804,830621127,NULL,'2013-05-06 20:21:43.284219','2013-05-06 20:21:43.284219');
INSERT INTO "spree_inventory_units" VALUES(116,0,'sold',215054540,133136121,831530304,NULL,'2013-05-06 20:21:43.292006','2013-05-06 20:21:43.292006');
INSERT INTO "spree_inventory_units" VALUES(117,0,'sold',215054540,133136121,831530304,NULL,'2013-05-06 20:21:43.295593','2013-05-06 20:21:43.295593');
INSERT INTO "spree_inventory_units" VALUES(118,0,'sold',504220342,349815214,312761982,NULL,'2013-05-06 20:21:43.303442','2013-05-06 20:21:43.303442');
INSERT INTO "spree_inventory_units" VALUES(119,0,'sold',504220342,349815214,312761982,NULL,'2013-05-06 20:21:43.307589','2013-05-06 20:21:43.307589');
INSERT INTO "spree_inventory_units" VALUES(120,0,'sold',215054540,403830194,779005547,NULL,'2013-05-06 20:21:43.315731','2013-05-06 20:21:43.315731');
INSERT INTO "spree_inventory_units" VALUES(121,0,'sold',215054540,403830194,779005547,NULL,'2013-05-06 20:21:43.319820','2013-05-06 20:21:43.319820');
INSERT INTO "spree_inventory_units" VALUES(122,0,'sold',215054540,403830194,779005547,NULL,'2013-05-06 20:21:43.323715','2013-05-06 20:21:43.323715');
INSERT INTO "spree_inventory_units" VALUES(123,0,'sold',599112055,567102733,397547216,NULL,'2013-05-06 20:21:43.331059','2013-05-06 20:21:43.331059');
INSERT INTO "spree_inventory_units" VALUES(124,0,'sold',599112055,567102733,397547216,NULL,'2013-05-06 20:21:43.335047','2013-05-06 20:21:43.335047');
INSERT INTO "spree_inventory_units" VALUES(125,0,'sold',599112055,567102733,397547216,NULL,'2013-05-06 20:21:43.338525','2013-05-06 20:21:43.338525');
INSERT INTO "spree_inventory_units" VALUES(126,0,'sold',599112055,568274416,396391991,NULL,'2013-05-06 20:21:43.346196','2013-05-06 20:21:43.346196');
INSERT INTO "spree_inventory_units" VALUES(127,0,'sold',599112055,568274416,396391991,NULL,'2013-05-06 20:21:43.350220','2013-05-06 20:21:43.350220');
INSERT INTO "spree_inventory_units" VALUES(128,0,'sold',599112055,568274416,396391991,NULL,'2013-05-06 20:21:43.354729','2013-05-06 20:21:43.354729');
INSERT INTO "spree_inventory_units" VALUES(129,0,'sold',215054540,429493153,803655784,NULL,'2013-05-06 20:21:43.364948','2013-05-06 20:21:43.364948');
INSERT INTO "spree_inventory_units" VALUES(130,0,'sold',215054540,428600156,804565151,NULL,'2013-05-06 20:21:43.374097','2013-05-06 20:21:43.374097');
INSERT INTO "spree_inventory_units" VALUES(131,0,'sold',215054540,349815214,312761982,NULL,'2013-05-06 20:21:43.383325','2013-05-06 20:21:43.383325');
INSERT INTO "spree_inventory_units" VALUES(132,0,'sold',215054540,349815214,312761982,NULL,'2013-05-06 20:21:43.387036','2013-05-06 20:21:43.387036');
INSERT INTO "spree_inventory_units" VALUES(133,0,'sold',215054540,349815214,312761982,NULL,'2013-05-06 20:21:43.390435','2013-05-06 20:21:43.390435');
INSERT INTO "spree_inventory_units" VALUES(134,0,'sold',215054540,349815214,312761982,NULL,'2013-05-06 20:21:43.393811','2013-05-06 20:21:43.393811');
INSERT INTO "spree_inventory_units" VALUES(135,0,'sold',599112055,596761353,367952066,NULL,'2013-05-06 20:21:43.402991','2013-05-06 20:21:43.402991');
INSERT INTO "spree_inventory_units" VALUES(136,0,'sold',52862384,1068095656,165053295,NULL,'2013-05-06 20:21:43.410738','2013-05-06 20:21:43.410738');
INSERT INTO "spree_inventory_units" VALUES(137,0,'sold',52862384,1068095656,165053295,NULL,'2013-05-06 20:21:43.414925','2013-05-06 20:21:43.414925');
INSERT INTO "spree_inventory_units" VALUES(138,0,'sold',52862384,1068095656,165053295,NULL,'2013-05-06 20:21:43.418404','2013-05-06 20:21:43.418404');
INSERT INTO "spree_inventory_units" VALUES(139,0,'sold',52862384,1068095656,165053295,NULL,'2013-05-06 20:21:43.421998','2013-05-06 20:21:43.421998');
INSERT INTO "spree_inventory_units" VALUES(140,0,'sold',52862384,1068095656,165053295,NULL,'2013-05-06 20:21:43.426093','2013-05-06 20:21:43.426093');
INSERT INTO "spree_inventory_units" VALUES(141,0,'sold',215054540,456181117,760192702,NULL,'2013-05-06 20:21:43.433498','2013-05-06 20:21:43.433498');
INSERT INTO "spree_inventory_units" VALUES(142,0,'sold',215054540,456181117,760192702,NULL,'2013-05-06 20:21:43.438178','2013-05-06 20:21:43.438178');
INSERT INTO "spree_inventory_units" VALUES(143,0,'sold',215054540,456181117,760192702,NULL,'2013-05-06 20:21:43.442311','2013-05-06 20:21:43.442311');
INSERT INTO "spree_inventory_units" VALUES(144,0,'sold',215054540,455255426,761134663,NULL,'2013-05-06 20:21:43.449928','2013-05-06 20:21:43.449928');
INSERT INTO "spree_inventory_units" VALUES(145,0,'sold',215054540,467107162,765994643,NULL,'2013-05-06 20:21:43.457237','2013-05-06 20:21:43.457237');
INSERT INTO "spree_inventory_units" VALUES(146,0,'sold',215054540,465903021,767182442,NULL,'2013-05-06 20:21:43.465322','2013-05-06 20:21:43.465322');
INSERT INTO "spree_inventory_units" VALUES(147,0,'sold',215054540,475857254,706894503,NULL,'2013-05-06 20:21:43.472205','2013-05-06 20:21:43.472205');
INSERT INTO "spree_inventory_units" VALUES(148,0,'sold',215054540,475857254,706894503,NULL,'2013-05-06 20:21:43.475927','2013-05-06 20:21:43.475927');
INSERT INTO "spree_inventory_units" VALUES(149,0,'sold',215054540,475857254,706894503,NULL,'2013-05-06 20:21:43.479771','2013-05-06 20:21:43.479771');
INSERT INTO "spree_inventory_units" VALUES(150,0,'sold',215054540,474964377,707803742,NULL,'2013-05-06 20:21:43.488319','2013-05-06 20:21:43.488319');
INSERT INTO "spree_inventory_units" VALUES(151,0,'sold',52862384,952376497,247154552,NULL,'2013-05-06 20:21:43.495700','2013-05-06 20:21:43.495700');
INSERT INTO "spree_inventory_units" VALUES(152,0,'sold',52862384,952376497,247154552,NULL,'2013-05-06 20:21:43.499447','2013-05-06 20:21:43.499447');
INSERT INTO "spree_inventory_units" VALUES(153,0,'sold',52862384,952376497,247154552,NULL,'2013-05-06 20:21:43.503247','2013-05-06 20:21:43.503247');
INSERT INTO "spree_inventory_units" VALUES(154,0,'sold',52862384,952376497,247154552,NULL,'2013-05-06 20:21:43.506716','2013-05-06 20:21:43.506716');
INSERT INTO "spree_inventory_units" VALUES(155,0,'sold',52862384,952376497,247154552,NULL,'2013-05-06 20:21:43.510285','2013-05-06 20:21:43.510285');
INSERT INTO "spree_inventory_units" VALUES(156,0,'sold',405540681,488679357,727710848,NULL,'2013-05-06 20:21:43.518007','2013-05-06 20:21:43.518007');
INSERT INTO "spree_inventory_units" VALUES(157,0,'sold',405540681,488679357,727710848,NULL,'2013-05-06 20:21:43.522104','2013-05-06 20:21:43.522104');
INSERT INTO "spree_inventory_units" VALUES(158,0,'sold',405540681,488679357,727710848,NULL,'2013-05-06 20:21:43.526447','2013-05-06 20:21:43.526447');
INSERT INTO "spree_inventory_units" VALUES(159,0,'sold',215054540,481999185,717611658,NULL,'2013-05-06 20:21:43.535663','2013-05-06 20:21:43.535663');
INSERT INTO "spree_inventory_units" VALUES(160,0,'sold',215054540,481999185,717611658,NULL,'2013-05-06 20:21:43.539554','2013-05-06 20:21:43.539554');
INSERT INTO "spree_inventory_units" VALUES(161,0,'sold',215054540,481999185,717611658,NULL,'2013-05-06 20:21:43.543147','2013-05-06 20:21:43.543147');
INSERT INTO "spree_inventory_units" VALUES(162,0,'sold',215054540,481999185,717611658,NULL,'2013-05-06 20:21:43.546535','2013-05-06 20:21:43.546535');
INSERT INTO "spree_inventory_units" VALUES(163,0,'sold',215054540,480827830,718766707,NULL,'2013-05-06 20:21:43.554402','2013-05-06 20:21:43.554402');
INSERT INTO "spree_inventory_units" VALUES(164,0,'sold',215054540,330565047,365533797,NULL,'2013-05-06 20:21:43.563679','2013-05-06 20:21:43.563679');
INSERT INTO "spree_inventory_units" VALUES(165,0,'sold',215054540,330565047,365533797,NULL,'2013-05-06 20:21:43.568694','2013-05-06 20:21:43.568694');
INSERT INTO "spree_inventory_units" VALUES(166,0,'sold',215054540,488679357,727710848,NULL,'2013-05-06 20:21:43.576556','2013-05-06 20:21:43.576556');
INSERT INTO "spree_inventory_units" VALUES(167,0,'sold',215054540,488679357,727710848,NULL,'2013-05-06 20:21:43.580373','2013-05-06 20:21:43.580373');
INSERT INTO "spree_inventory_units" VALUES(168,0,'sold',215054540,488679357,727710848,NULL,'2013-05-06 20:21:43.584040','2013-05-06 20:21:43.584040');
INSERT INTO "spree_inventory_units" VALUES(169,0,'sold',215054540,539762571,1020487291,NULL,'2013-05-06 20:21:43.591836','2013-05-06 20:21:43.591836');
INSERT INTO "spree_inventory_units" VALUES(170,0,'sold',215054540,539762571,1020487291,NULL,'2013-05-06 20:21:43.595691','2013-05-06 20:21:43.595691');
INSERT INTO "spree_inventory_units" VALUES(171,0,'sold',215054540,539762571,1020487291,NULL,'2013-05-06 20:21:43.599026','2013-05-06 20:21:43.599026');
INSERT INTO "spree_inventory_units" VALUES(172,0,'sold',599112055,620502818,310592731,NULL,'2013-05-06 20:21:43.607928','2013-05-06 20:21:43.607928');
INSERT INTO "spree_inventory_units" VALUES(173,0,'sold',599112055,620502818,310592731,NULL,'2013-05-06 20:21:43.612040','2013-05-06 20:21:43.612040');
INSERT INTO "spree_inventory_units" VALUES(174,0,'sold',215054540,519327672,680203391,NULL,'2013-05-06 20:21:43.619190','2013-05-06 20:21:43.619190');
INSERT INTO "spree_inventory_units" VALUES(175,0,'sold',215054540,519327672,680203391,NULL,'2013-05-06 20:21:43.623299','2013-05-06 20:21:43.623299');
INSERT INTO "spree_inventory_units" VALUES(176,0,'sold',215054540,519327672,680203391,NULL,'2013-05-06 20:21:43.626773','2013-05-06 20:21:43.626773');
INSERT INTO "spree_inventory_units" VALUES(177,0,'sold',215054540,519327672,680203391,NULL,'2013-05-06 20:21:43.630314','2013-05-06 20:21:43.630314');
INSERT INTO "spree_inventory_units" VALUES(178,0,'sold',215054540,518401861,681145480,NULL,'2013-05-06 20:21:43.637595','2013-05-06 20:21:43.637595');
INSERT INTO "spree_inventory_units" VALUES(179,0,'sold',215054540,518401861,681145480,NULL,'2013-05-06 20:21:43.641230','2013-05-06 20:21:43.641230');
INSERT INTO "spree_inventory_units" VALUES(180,0,'sold',504220342,231772182,195891138,NULL,'2013-05-06 20:21:43.650093','2013-05-06 20:21:43.650093');
INSERT INTO "spree_inventory_units" VALUES(181,0,'sold',504220342,231772182,195891138,NULL,'2013-05-06 20:21:43.654501','2013-05-06 20:21:43.654501');
INSERT INTO "spree_inventory_units" VALUES(182,0,'sold',599112055,649259497,281915952,NULL,'2013-05-06 20:21:43.661746','2013-05-06 20:21:43.661746');
INSERT INTO "spree_inventory_units" VALUES(183,0,'sold',215054540,297130368,667583165,NULL,'2013-05-06 20:21:43.669426','2013-05-06 20:21:43.669426');
INSERT INTO "spree_inventory_units" VALUES(184,0,'sold',215054540,297130368,667583165,NULL,'2013-05-06 20:21:43.673025','2013-05-06 20:21:43.673025');
INSERT INTO "spree_inventory_units" VALUES(185,0,'sold',215054540,296204679,668525120,NULL,'2013-05-06 20:21:43.749339','2013-05-06 20:21:43.749339');
INSERT INTO "spree_inventory_units" VALUES(186,0,'sold',215054540,296204679,668525120,NULL,'2013-05-06 20:21:43.754793','2013-05-06 20:21:43.754793');
INSERT INTO "spree_inventory_units" VALUES(187,0,'sold',215054540,296204679,668525120,NULL,'2013-05-06 20:21:43.758413','2013-05-06 20:21:43.758413');
INSERT INTO "spree_inventory_units" VALUES(188,0,'sold',405540681,335228811,629437518,NULL,'2013-05-06 20:21:43.767087','2013-05-06 20:21:43.767087');
INSERT INTO "spree_inventory_units" VALUES(189,0,'sold',215054540,308359551,605973176,NULL,'2013-05-06 20:21:43.775656','2013-05-06 20:21:43.775656');
INSERT INTO "spree_inventory_units" VALUES(190,0,'sold',215054540,308359551,605973176,NULL,'2013-05-06 20:21:43.779745','2013-05-06 20:21:43.779745');
INSERT INTO "spree_inventory_units" VALUES(191,0,'sold',52862384,932702864,32026953,NULL,'2013-05-06 20:21:43.787215','2013-05-06 20:21:43.787215');
INSERT INTO "spree_inventory_units" VALUES(192,0,'sold',52862384,931498615,33214900,NULL,'2013-05-06 20:21:43.794272','2013-05-06 20:21:43.794272');
INSERT INTO "spree_inventory_units" VALUES(193,0,'sold',52862384,931498615,33214900,NULL,'2013-05-06 20:21:43.798439','2013-05-06 20:21:43.798439');
INSERT INTO "spree_inventory_units" VALUES(194,0,'sold',52862384,931498615,33214900,NULL,'2013-05-06 20:21:43.802251','2013-05-06 20:21:43.802251');
INSERT INTO "spree_inventory_units" VALUES(195,0,'sold',52862384,931498615,33214900,NULL,'2013-05-06 20:21:43.805683','2013-05-06 20:21:43.805683');
INSERT INTO "spree_inventory_units" VALUES(196,0,'sold',52862384,931498615,33214900,NULL,'2013-05-06 20:21:43.809073','2013-05-06 20:21:43.809073');
INSERT INTO "spree_inventory_units" VALUES(197,0,'sold',52862384,931498615,33214900,NULL,'2013-05-06 20:21:43.812907','2013-05-06 20:21:43.812907');
INSERT INTO "spree_inventory_units" VALUES(198,0,'sold',599112055,707237680,475581673,NULL,'2013-05-06 20:21:43.820968','2013-05-06 20:21:43.820968');
INSERT INTO "spree_inventory_units" VALUES(199,0,'sold',215054540,335228811,629437518,NULL,'2013-05-06 20:21:43.828982','2013-05-06 20:21:43.828982');
INSERT INTO "spree_inventory_units" VALUES(200,0,'sold',215054540,335228811,629437518,NULL,'2013-05-06 20:21:43.832604','2013-05-06 20:21:43.832604');
INSERT INTO "spree_inventory_units" VALUES(201,0,'sold',215054540,335228811,629437518,NULL,'2013-05-06 20:21:43.836704','2013-05-06 20:21:43.836704');
INSERT INTO "spree_inventory_units" VALUES(202,0,'sold',215054540,335228811,629437518,NULL,'2013-05-06 20:21:43.840069','2013-05-06 20:21:43.840069');
INSERT INTO "spree_inventory_units" VALUES(203,0,'sold',52862384,820530800,110564781,NULL,'2013-05-06 20:21:43.847929','2013-05-06 20:21:43.847929');
INSERT INTO "spree_inventory_units" VALUES(204,0,'sold',52862384,820530800,110564781,NULL,'2013-05-06 20:21:43.852277','2013-05-06 20:21:43.852277');
INSERT INTO "spree_inventory_units" VALUES(205,0,'sold',52862384,820530800,110564781,NULL,'2013-05-06 20:21:43.856576','2013-05-06 20:21:43.856576');
INSERT INTO "spree_inventory_units" VALUES(206,0,'sold',52862384,820530800,110564781,NULL,'2013-05-06 20:21:43.860729','2013-05-06 20:21:43.860729');
INSERT INTO "spree_inventory_units" VALUES(207,0,'sold',52862384,820530800,110564781,NULL,'2013-05-06 20:21:43.864377','2013-05-06 20:21:43.864377');
INSERT INTO "spree_inventory_units" VALUES(208,0,'sold',52862384,820530800,110564781,NULL,'2013-05-06 20:21:43.868005','2013-05-06 20:21:43.868005');
INSERT INTO "spree_inventory_units" VALUES(209,0,'sold',52862384,820530800,110564781,NULL,'2013-05-06 20:21:43.871422','2013-05-06 20:21:43.871422');
INSERT INTO "spree_inventory_units" VALUES(210,0,'sold',52862384,820530800,110564781,NULL,'2013-05-06 20:21:43.874750','2013-05-06 20:21:43.874750');
INSERT INTO "spree_inventory_units" VALUES(211,0,'sold',52862384,820530800,110564781,NULL,'2013-05-06 20:21:43.878257','2013-05-06 20:21:43.878257');
INSERT INTO "spree_inventory_units" VALUES(212,0,'sold',215054540,345435026,585740373,NULL,'2013-05-06 20:21:43.886568','2013-05-06 20:21:43.886568');
INSERT INTO "spree_inventory_units" VALUES(213,0,'sold',405540681,345435026,585740373,NULL,'2013-05-06 20:21:43.893892','2013-05-06 20:21:43.893892');
INSERT INTO "spree_inventory_units" VALUES(214,0,'sold',215054540,368651700,596014713,NULL,'2013-05-06 20:21:43.902886','2013-05-06 20:21:43.902886');
INSERT INTO "spree_inventory_units" VALUES(215,0,'sold',215054540,368651700,596014713,NULL,'2013-05-06 20:21:43.906659','2013-05-06 20:21:43.906659');
INSERT INTO "spree_inventory_units" VALUES(216,0,'sold',215054540,368651700,596014713,NULL,'2013-05-06 20:21:43.910236','2013-05-06 20:21:43.910236');
INSERT INTO "spree_inventory_units" VALUES(217,0,'sold',215054540,383262055,547833508,NULL,'2013-05-06 20:21:43.917785','2013-05-06 20:21:43.917785');
INSERT INTO "spree_inventory_units" VALUES(218,0,'sold',215054540,383262055,547833508,NULL,'2013-05-06 20:21:43.921965','2013-05-06 20:21:43.921965');
INSERT INTO "spree_inventory_units" VALUES(219,0,'sold',215054540,383262055,547833508,NULL,'2013-05-06 20:21:43.925528','2013-05-06 20:21:43.925528');
INSERT INTO "spree_inventory_units" VALUES(220,0,'sold',215054540,382369184,548742745,NULL,'2013-05-06 20:21:43.933357','2013-05-06 20:21:43.933357');
INSERT INTO "spree_inventory_units" VALUES(221,0,'sold',215054540,391144298,556742829,NULL,'2013-05-06 20:21:43.941831','2013-05-06 20:21:43.941831');
INSERT INTO "spree_inventory_units" VALUES(222,0,'sold',215054540,391144298,556742829,NULL,'2013-05-06 20:21:43.945705','2013-05-06 20:21:43.945705');
INSERT INTO "spree_inventory_units" VALUES(223,0,'sold',215054540,391144298,556742829,NULL,'2013-05-06 20:21:43.949036','2013-05-06 20:21:43.949036');
INSERT INTO "spree_inventory_units" VALUES(224,0,'sold',215054540,391144298,556742829,NULL,'2013-05-06 20:21:43.952567','2013-05-06 20:21:43.952567');
INSERT INTO "spree_inventory_units" VALUES(225,0,'sold',504220342,73849921,35341291,NULL,'2013-05-06 20:21:43.960046','2013-05-06 20:21:43.960046');
INSERT INTO "spree_inventory_units" VALUES(226,0,'sold',504220342,73849921,35341291,NULL,'2013-05-06 20:21:43.963735','2013-05-06 20:21:43.963735');
INSERT INTO "spree_inventory_units" VALUES(227,0,'sold',599112055,297130368,667583165,NULL,'2013-05-06 20:21:43.970690','2013-05-06 20:21:43.970690');
INSERT INTO "spree_inventory_units" VALUES(228,0,'sold',599112055,297130368,667583165,NULL,'2013-05-06 20:21:43.974948','2013-05-06 20:21:43.974948');
INSERT INTO "spree_inventory_units" VALUES(229,0,'sold',215054540,703823663,529278188,NULL,'2013-05-06 20:21:43.984356','2013-05-06 20:21:43.984356');
INSERT INTO "spree_inventory_units" VALUES(230,0,'sold',215054540,703823663,529278188,NULL,'2013-05-06 20:21:43.988222','2013-05-06 20:21:43.988222');
INSERT INTO "spree_inventory_units" VALUES(231,0,'sold',215054540,702619608,530465809,NULL,'2013-05-06 20:21:43.995460','2013-05-06 20:21:43.995460');
INSERT INTO "spree_inventory_units" VALUES(232,0,'sold',215054540,702619608,530465809,NULL,'2013-05-06 20:21:43.999750','2013-05-06 20:21:43.999750');
INSERT INTO "spree_inventory_units" VALUES(233,0,'sold',504220342,987209861,1017790295,NULL,'2013-05-06 20:21:44.008205','2013-05-06 20:21:44.008205');
INSERT INTO "spree_inventory_units" VALUES(234,0,'sold',215054540,615724322,583969526,NULL,'2013-05-06 20:21:44.016411','2013-05-06 20:21:44.016411');
INSERT INTO "spree_inventory_units" VALUES(235,0,'sold',215054540,615724322,583969526,NULL,'2013-05-06 20:21:44.020601','2013-05-06 20:21:44.020601');
INSERT INTO "spree_inventory_units" VALUES(236,0,'sold',215054540,615724322,583969526,NULL,'2013-05-06 20:21:44.025036','2013-05-06 20:21:44.025036');
INSERT INTO "spree_inventory_units" VALUES(237,0,'sold',215054540,707237680,475581673,NULL,'2013-05-06 20:21:44.034761','2013-05-06 20:21:44.034761');
INSERT INTO "spree_inventory_units" VALUES(238,0,'sold',599112055,335228811,629437518,NULL,'2013-05-06 20:21:44.043357','2013-05-06 20:21:44.043357');
INSERT INTO "spree_inventory_units" VALUES(239,0,'sold',599112055,335228811,629437518,NULL,'2013-05-06 20:21:44.048453','2013-05-06 20:21:44.048453');
INSERT INTO "spree_inventory_units" VALUES(240,0,'sold',599112055,335228811,629437518,NULL,'2013-05-06 20:21:44.053806','2013-05-06 20:21:44.053806');
INSERT INTO "spree_inventory_units" VALUES(241,0,'sold',215054540,727331319,488991282,NULL,'2013-05-06 20:21:44.064992','2013-05-06 20:21:44.064992');
INSERT INTO "spree_inventory_units" VALUES(242,0,'sold',215054540,727331319,488991282,NULL,'2013-05-06 20:21:44.070287','2013-05-06 20:21:44.070287');
INSERT INTO "spree_inventory_units" VALUES(243,0,'sold',215054540,727331319,488991282,NULL,'2013-05-06 20:21:44.073913','2013-05-06 20:21:44.073913');
INSERT INTO "spree_inventory_units" VALUES(244,0,'sold',215054540,727331319,488991282,NULL,'2013-05-06 20:21:44.078296','2013-05-06 20:21:44.078296');
INSERT INTO "spree_inventory_units" VALUES(245,0,'sold',215054540,726159630,490146509,NULL,'2013-05-06 20:21:44.086073','2013-05-06 20:21:44.086073');
INSERT INTO "spree_inventory_units" VALUES(246,0,'sold',215054540,726159630,490146509,NULL,'2013-05-06 20:21:44.090301','2013-05-06 20:21:44.090301');
INSERT INTO "spree_inventory_units" VALUES(247,0,'sold',215054540,726159630,490146509,NULL,'2013-05-06 20:21:44.094428','2013-05-06 20:21:44.094428');
INSERT INTO "spree_inventory_units" VALUES(248,0,'sold',52862384,264449064,968652773,NULL,'2013-05-06 20:21:44.102366','2013-05-06 20:21:44.102366');
INSERT INTO "spree_inventory_units" VALUES(249,0,'sold',405540681,707237680,475581673,NULL,'2013-05-06 20:21:44.110441','2013-05-06 20:21:44.110441');
INSERT INTO "spree_inventory_units" VALUES(250,0,'sold',215054540,733841882,499307037,NULL,'2013-05-06 20:21:44.118382','2013-05-06 20:21:44.118382');
INSERT INTO "spree_inventory_units" VALUES(251,0,'sold',215054540,732948771,500216554,NULL,'2013-05-06 20:21:44.125885','2013-05-06 20:21:44.125885');
INSERT INTO "spree_inventory_units" VALUES(252,0,'sold',215054540,732948771,500216554,NULL,'2013-05-06 20:21:44.129412','2013-05-06 20:21:44.129412');
INSERT INTO "spree_inventory_units" VALUES(253,0,'sold',215054540,732948771,500216554,NULL,'2013-05-06 20:21:44.133328','2013-05-06 20:21:44.133328');
INSERT INTO "spree_inventory_units" VALUES(254,0,'sold',215054540,732948771,500216554,NULL,'2013-05-06 20:21:44.136866','2013-05-06 20:21:44.136866');
INSERT INTO "spree_inventory_units" VALUES(255,0,'sold',52862384,145680447,1053930492,NULL,'2013-05-06 20:21:44.146379','2013-05-06 20:21:44.146379');
INSERT INTO "spree_inventory_units" VALUES(256,0,'sold',215054540,741864942,440970793,NULL,'2013-05-06 20:21:44.154683','2013-05-06 20:21:44.154683');
INSERT INTO "spree_inventory_units" VALUES(257,0,'sold',215054540,741864942,440970793,NULL,'2013-05-06 20:21:44.159058','2013-05-06 20:21:44.159058');
INSERT INTO "spree_inventory_units" VALUES(258,0,'sold',215054540,740660503,442158806,NULL,'2013-05-06 20:21:44.166789','2013-05-06 20:21:44.166789');
INSERT INTO "spree_inventory_units" VALUES(259,0,'sold',215054540,740660503,442158806,NULL,'2013-05-06 20:21:44.171436','2013-05-06 20:21:44.171436');
INSERT INTO "spree_inventory_units" VALUES(260,0,'sold',215054540,740660503,442158806,NULL,'2013-05-06 20:21:44.175322','2013-05-06 20:21:44.175322');
INSERT INTO "spree_inventory_units" VALUES(261,0,'sold',215054540,740660503,442158806,NULL,'2013-05-06 20:21:44.179292','2013-05-06 20:21:44.179292');
INSERT INTO "spree_inventory_units" VALUES(262,0,'sold',215054540,751848899,447682054,NULL,'2013-05-06 20:21:44.188214','2013-05-06 20:21:44.188214');
INSERT INTO "spree_inventory_units" VALUES(263,0,'sold',215054540,750923066,448624385,NULL,'2013-05-06 20:21:44.196277','2013-05-06 20:21:44.196277');
INSERT INTO "spree_inventory_units" VALUES(264,0,'sold',215054540,601813305,631467759,NULL,'2013-05-06 20:21:44.204387','2013-05-06 20:21:44.204387');
INSERT INTO "spree_inventory_units" VALUES(265,0,'sold',215054540,601813305,631467759,NULL,'2013-05-06 20:21:44.208370','2013-05-06 20:21:44.208370');
INSERT INTO "spree_inventory_units" VALUES(266,0,'sold',215054540,601813305,631467759,NULL,'2013-05-06 20:21:44.212338','2013-05-06 20:21:44.212338');
INSERT INTO "spree_inventory_units" VALUES(267,0,'sold',215054540,601813305,631467759,NULL,'2013-05-06 20:21:44.216726','2013-05-06 20:21:44.216726');
INSERT INTO "spree_inventory_units" VALUES(268,0,'sold',599112055,345435026,585740373,NULL,'2013-05-06 20:21:44.224692','2013-05-06 20:21:44.224692');
INSERT INTO "spree_inventory_units" VALUES(269,0,'sold',504220342,1035625630,1002961742,NULL,'2013-05-06 20:21:44.234293','2013-05-06 20:21:44.234293');
INSERT INTO "spree_inventory_units" VALUES(270,0,'sold',215054540,782154552,417456373,NULL,'2013-05-06 20:21:44.242165','2013-05-06 20:21:44.242165');
INSERT INTO "spree_inventory_units" VALUES(271,0,'sold',215054540,782154552,417456373,NULL,'2013-05-06 20:21:44.246189','2013-05-06 20:21:44.246189');
INSERT INTO "spree_inventory_units" VALUES(272,0,'sold',215054540,782154552,417456373,NULL,'2013-05-06 20:21:44.250019','2013-05-06 20:21:44.250019');
INSERT INTO "spree_inventory_units" VALUES(273,0,'sold',215054540,780983247,418611208,NULL,'2013-05-06 20:21:44.257845','2013-05-06 20:21:44.257845');
INSERT INTO "spree_inventory_units" VALUES(274,0,'sold',215054540,790021435,426352382,NULL,'2013-05-06 20:21:44.265480','2013-05-06 20:21:44.265480');
INSERT INTO "spree_inventory_units" VALUES(275,0,'sold',215054540,790021435,426352382,NULL,'2013-05-06 20:21:44.269210','2013-05-06 20:21:44.269210');
INSERT INTO "spree_inventory_units" VALUES(276,0,'sold',215054540,790021435,426352382,NULL,'2013-05-06 20:21:44.273159','2013-05-06 20:21:44.273159');
INSERT INTO "spree_inventory_units" VALUES(277,0,'sold',215054540,790021435,426352382,NULL,'2013-05-06 20:21:44.276855','2013-05-06 20:21:44.276855');
INSERT INTO "spree_inventory_units" VALUES(278,0,'sold',599112055,383262055,547833508,NULL,'2013-05-06 20:21:44.284874','2013-05-06 20:21:44.284874');
INSERT INTO "spree_inventory_units" VALUES(279,0,'sold',215054540,542594049,371722298,NULL,'2013-05-06 20:21:44.292301','2013-05-06 20:21:44.292301');
INSERT INTO "spree_inventory_units" VALUES(280,0,'sold',215054540,542594049,371722298,NULL,'2013-05-06 20:21:44.296220','2013-05-06 20:21:44.296220');
INSERT INTO "spree_inventory_units" VALUES(281,0,'sold',215054540,542594049,371722298,NULL,'2013-05-06 20:21:44.299972','2013-05-06 20:21:44.299972');
INSERT INTO "spree_inventory_units" VALUES(282,0,'sold',504220342,862055596,891057020,NULL,'2013-05-06 20:21:44.307504','2013-05-06 20:21:44.307504');
INSERT INTO "spree_inventory_units" VALUES(283,0,'sold',215054540,568274416,396391991,NULL,'2013-05-06 20:21:44.316380','2013-05-06 20:21:44.316380');
INSERT INTO "spree_inventory_units" VALUES(284,0,'sold',215054540,568274416,396391991,NULL,'2013-05-06 20:21:44.320443','2013-05-06 20:21:44.320443');
INSERT INTO "spree_inventory_units" VALUES(285,0,'sold',215054540,567102733,397547216,NULL,'2013-05-06 20:21:44.327488','2013-05-06 20:21:44.327488');
INSERT INTO "spree_inventory_units" VALUES(286,0,'sold',215054540,567102733,397547216,NULL,'2013-05-06 20:21:44.330878','2013-05-06 20:21:44.330878');
INSERT INTO "spree_inventory_units" VALUES(287,0,'sold',215054540,567102733,397547216,NULL,'2013-05-06 20:21:44.334338','2013-05-06 20:21:44.334338');
INSERT INTO "spree_inventory_units" VALUES(288,0,'sold',405540681,596761353,367952066,NULL,'2013-05-06 20:21:44.341456','2013-05-06 20:21:44.341456');
INSERT INTO "spree_inventory_units" VALUES(289,0,'sold',405540681,596761353,367952066,NULL,'2013-05-06 20:21:44.345130','2013-05-06 20:21:44.345130');
INSERT INTO "spree_inventory_units" VALUES(290,0,'sold',215054540,587078949,344016612,NULL,'2013-05-06 20:21:44.352265','2013-05-06 20:21:44.352265');
INSERT INTO "spree_inventory_units" VALUES(291,0,'sold',215054540,587078949,344016612,NULL,'2013-05-06 20:21:44.356874','2013-05-06 20:21:44.356874');
INSERT INTO "spree_inventory_units" VALUES(292,0,'sold',215054540,587078949,344016612,NULL,'2013-05-06 20:21:44.361133','2013-05-06 20:21:44.361133');
INSERT INTO "spree_inventory_units" VALUES(293,0,'sold',52862384,133136121,831530304,NULL,'2013-05-06 20:21:44.369063','2013-05-06 20:21:44.369063');
INSERT INTO "spree_inventory_units" VALUES(294,0,'sold',52862384,133136121,831530304,NULL,'2013-05-06 20:21:44.372890','2013-05-06 20:21:44.372890');
INSERT INTO "spree_inventory_units" VALUES(295,0,'sold',52862384,133136121,831530304,NULL,'2013-05-06 20:21:44.376501','2013-05-06 20:21:44.376501');
INSERT INTO "spree_inventory_units" VALUES(296,0,'sold',52862384,133136121,831530304,NULL,'2013-05-06 20:21:44.380134','2013-05-06 20:21:44.380134');
INSERT INTO "spree_inventory_units" VALUES(297,0,'sold',52862384,133136121,831530304,NULL,'2013-05-06 20:21:44.384339','2013-05-06 20:21:44.384339');
INSERT INTO "spree_inventory_units" VALUES(298,0,'sold',52862384,133136121,831530304,NULL,'2013-05-06 20:21:44.387931','2013-05-06 20:21:44.387931');
INSERT INTO "spree_inventory_units" VALUES(299,0,'sold',52862384,133136121,831530304,NULL,'2013-05-06 20:21:44.391338','2013-05-06 20:21:44.391338');
INSERT INTO "spree_inventory_units" VALUES(300,0,'sold',52862384,133136121,831530304,NULL,'2013-05-06 20:21:44.395870','2013-05-06 20:21:44.395870');
INSERT INTO "spree_inventory_units" VALUES(301,0,'sold',52862384,133136121,831530304,NULL,'2013-05-06 20:21:44.399821','2013-05-06 20:21:44.399821');
INSERT INTO "spree_inventory_units" VALUES(302,0,'sold',215054540,596761353,367952066,NULL,'2013-05-06 20:21:44.407725','2013-05-06 20:21:44.407725');
INSERT INTO "spree_inventory_units" VALUES(303,0,'sold',215054540,596761353,367952066,NULL,'2013-05-06 20:21:44.411500','2013-05-06 20:21:44.411500');
INSERT INTO "spree_inventory_units" VALUES(304,0,'sold',215054540,596761353,367952066,NULL,'2013-05-06 20:21:44.415206','2013-05-06 20:21:44.415206');
INSERT INTO "spree_inventory_units" VALUES(305,0,'sold',52862384,8567520,922607911,NULL,'2013-05-06 20:21:44.423351','2013-05-06 20:21:44.423351');
INSERT INTO "spree_inventory_units" VALUES(306,0,'sold',52862384,8567520,922607911,NULL,'2013-05-06 20:21:44.427164','2013-05-06 20:21:44.427164');
INSERT INTO "spree_inventory_units" VALUES(307,0,'sold',52862384,8567520,922607911,NULL,'2013-05-06 20:21:44.430556','2013-05-06 20:21:44.430556');
INSERT INTO "spree_inventory_units" VALUES(308,0,'sold',52862384,8567520,922607911,NULL,'2013-05-06 20:21:44.434263','2013-05-06 20:21:44.434263');
INSERT INTO "spree_inventory_units" VALUES(309,0,'sold',52862384,8567520,922607911,NULL,'2013-05-06 20:21:44.439124','2013-05-06 20:21:44.439124');
INSERT INTO "spree_inventory_units" VALUES(310,0,'sold',52862384,8567520,922607911,NULL,'2013-05-06 20:21:44.443065','2013-05-06 20:21:44.443065');
INSERT INTO "spree_inventory_units" VALUES(311,0,'sold',52862384,8567520,922607911,NULL,'2013-05-06 20:21:44.447003','2013-05-06 20:21:44.447003');
INSERT INTO "spree_inventory_units" VALUES(312,0,'sold',52862384,8567520,922607911,NULL,'2013-05-06 20:21:44.450703','2013-05-06 20:21:44.450703');
INSERT INTO "spree_inventory_units" VALUES(313,0,'sold',52862384,8567520,922607911,NULL,'2013-05-06 20:21:44.454312','2013-05-06 20:21:44.454312');
INSERT INTO "spree_inventory_units" VALUES(314,0,'sold',52862384,8567520,922607911,NULL,'2013-05-06 20:21:44.457859','2013-05-06 20:21:44.457859');
INSERT INTO "spree_inventory_units" VALUES(315,0,'sold',599112055,488679357,727710848,NULL,'2013-05-06 20:21:44.465720','2013-05-06 20:21:44.465720');
INSERT INTO "spree_inventory_units" VALUES(316,0,'sold',215054540,620502818,310592731,NULL,'2013-05-06 20:21:44.548837','2013-05-06 20:21:44.548837');
INSERT INTO "spree_inventory_units" VALUES(317,0,'sold',405540681,620502818,310592731,NULL,'2013-05-06 20:21:44.557834','2013-05-06 20:21:44.557834');
INSERT INTO "spree_inventory_units" VALUES(318,0,'sold',215054540,627442156,320428591,NULL,'2013-05-06 20:21:44.568888','2013-05-06 20:21:44.568888');
INSERT INTO "spree_inventory_units" VALUES(319,0,'sold',215054540,627442156,320428591,NULL,'2013-05-06 20:21:44.572793','2013-05-06 20:21:44.572793');
INSERT INTO "spree_inventory_units" VALUES(320,0,'sold',215054540,649259497,281915952,NULL,'2013-05-06 20:21:44.580360','2013-05-06 20:21:44.580360');
INSERT INTO "spree_inventory_units" VALUES(321,0,'sold',215054540,649259497,281915952,NULL,'2013-05-06 20:21:44.584084','2013-05-06 20:21:44.584084');
INSERT INTO "spree_inventory_units" VALUES(322,0,'sold',215054540,649259497,281915952,NULL,'2013-05-06 20:21:44.587587','2013-05-06 20:21:44.587587');
INSERT INTO "spree_inventory_units" VALUES(323,0,'sold',215054540,649259497,281915952,NULL,'2013-05-06 20:21:44.591312','2013-05-06 20:21:44.591312');
INSERT INTO "spree_inventory_units" VALUES(324,0,'sold',215054540,648055060,283103959,NULL,'2013-05-06 20:21:44.599420','2013-05-06 20:21:44.599420');
INSERT INTO "spree_inventory_units" VALUES(325,0,'sold',215054540,648055060,283103959,NULL,'2013-05-06 20:21:44.603639','2013-05-06 20:21:44.603639');
INSERT INTO "spree_inventory_units" VALUES(326,0,'sold',599112055,17482993,930455338,NULL,'2013-05-06 20:21:44.611461','2013-05-06 20:21:44.611461');
INSERT INTO "spree_inventory_units" VALUES(327,0,'sold',215054540,953580620,245966735,NULL,'2013-05-06 20:21:44.618749','2013-05-06 20:21:44.618749');
INSERT INTO "spree_inventory_units" VALUES(328,0,'sold',215054540,952376497,247154552,NULL,'2013-05-06 20:21:44.626383','2013-05-06 20:21:44.626383');
INSERT INTO "spree_inventory_units" VALUES(329,0,'sold',215054540,952376497,247154552,NULL,'2013-05-06 20:21:44.630695','2013-05-06 20:21:44.630695');
INSERT INTO "spree_inventory_units" VALUES(330,0,'sold',215054540,952376497,247154552,NULL,'2013-05-06 20:21:44.634454','2013-05-06 20:21:44.634454');
INSERT INTO "spree_inventory_units" VALUES(331,0,'sold',215054540,961307330,255015291,NULL,'2013-05-06 20:21:44.642395','2013-05-06 20:21:44.642395');
INSERT INTO "spree_inventory_units" VALUES(332,0,'sold',215054540,961307330,255015291,NULL,'2013-05-06 20:21:44.646439','2013-05-06 20:21:44.646439');
INSERT INTO "spree_inventory_units" VALUES(333,0,'sold',405540681,953580620,245966735,NULL,'2013-05-06 20:21:44.654607','2013-05-06 20:21:44.654607');
INSERT INTO "spree_inventory_units" VALUES(334,0,'sold',52862384,518401861,681145480,NULL,'2013-05-06 20:21:44.662386','2013-05-06 20:21:44.662386');
INSERT INTO "spree_inventory_units" VALUES(335,0,'sold',52862384,518401861,681145480,NULL,'2013-05-06 20:21:44.666636','2013-05-06 20:21:44.666636');
INSERT INTO "spree_inventory_units" VALUES(336,0,'sold',52862384,518401861,681145480,NULL,'2013-05-06 20:21:44.670476','2013-05-06 20:21:44.670476');
INSERT INTO "spree_inventory_units" VALUES(337,0,'sold',52862384,518401861,681145480,NULL,'2013-05-06 20:21:44.673846','2013-05-06 20:21:44.673846');
INSERT INTO "spree_inventory_units" VALUES(338,0,'sold',215054540,983075517,216519034,NULL,'2013-05-06 20:21:44.681394','2013-05-06 20:21:44.681394');
INSERT INTO "spree_inventory_units" VALUES(339,0,'sold',215054540,983075517,216519034,NULL,'2013-05-06 20:21:44.685279','2013-05-06 20:21:44.685279');
INSERT INTO "spree_inventory_units" VALUES(340,0,'sold',215054540,983075517,216519034,NULL,'2013-05-06 20:21:44.689187','2013-05-06 20:21:44.689187');
INSERT INTO "spree_inventory_units" VALUES(341,0,'sold',215054540,983075517,216519034,NULL,'2013-05-06 20:21:44.693607','2013-05-06 20:21:44.693607');
INSERT INTO "spree_inventory_units" VALUES(342,0,'sold',405540681,983075517,216519034,NULL,'2013-05-06 20:21:44.701113','2013-05-06 20:21:44.701113');
INSERT INTO "spree_inventory_units" VALUES(343,0,'sold',405540681,983075517,216519034,NULL,'2013-05-06 20:21:44.704860','2013-05-06 20:21:44.704860');
INSERT INTO "spree_inventory_units" VALUES(344,0,'sold',215054540,1004874852,228226979,NULL,'2013-05-06 20:21:44.712293','2013-05-06 20:21:44.712293');
INSERT INTO "spree_inventory_units" VALUES(345,0,'sold',405540681,1039486630,193598819,NULL,'2013-05-06 20:21:44.719957','2013-05-06 20:21:44.719957');
INSERT INTO "spree_inventory_units" VALUES(346,0,'sold',405540681,1039486630,193598819,NULL,'2013-05-06 20:21:44.723899','2013-05-06 20:21:44.723899');
INSERT INTO "spree_inventory_units" VALUES(347,0,'sold',405540681,1039486630,193598819,NULL,'2013-05-06 20:21:44.727989','2013-05-06 20:21:44.727989');
INSERT INTO "spree_inventory_units" VALUES(348,0,'sold',215054540,1014837421,167930736,NULL,'2013-05-06 20:21:44.736185','2013-05-06 20:21:44.736185');
INSERT INTO "spree_inventory_units" VALUES(349,0,'sold',215054540,1014837421,167930736,NULL,'2013-05-06 20:21:44.740003','2013-05-06 20:21:44.740003');
INSERT INTO "spree_inventory_units" VALUES(350,0,'sold',215054540,1014837421,167930736,NULL,'2013-05-06 20:21:44.743633','2013-05-06 20:21:44.743633');
INSERT INTO "spree_inventory_units" VALUES(351,0,'sold',215054540,1014837421,167930736,NULL,'2013-05-06 20:21:44.747214','2013-05-06 20:21:44.747214');
INSERT INTO "spree_inventory_units" VALUES(352,0,'sold',52862384,403830194,779005547,NULL,'2013-05-06 20:21:44.754677','2013-05-06 20:21:44.754677');
INSERT INTO "spree_inventory_units" VALUES(353,0,'sold',52862384,403830194,779005547,NULL,'2013-05-06 20:21:44.758703','2013-05-06 20:21:44.758703');
INSERT INTO "spree_inventory_units" VALUES(354,0,'sold',52862384,403830194,779005547,NULL,'2013-05-06 20:21:44.762641','2013-05-06 20:21:44.762641');
INSERT INTO "spree_inventory_units" VALUES(355,0,'sold',52862384,403830194,779005547,NULL,'2013-05-06 20:21:44.766464','2013-05-06 20:21:44.766464');
INSERT INTO "spree_inventory_units" VALUES(356,0,'sold',52862384,403830194,779005547,NULL,'2013-05-06 20:21:44.770045','2013-05-06 20:21:44.770045');
INSERT INTO "spree_inventory_units" VALUES(357,0,'sold',52862384,403830194,779005547,NULL,'2013-05-06 20:21:44.774280','2013-05-06 20:21:44.774280');
INSERT INTO "spree_inventory_units" VALUES(358,0,'sold',52862384,403830194,779005547,NULL,'2013-05-06 20:21:44.777901','2013-05-06 20:21:44.777901');
INSERT INTO "spree_inventory_units" VALUES(359,0,'sold',52862384,403830194,779005547,NULL,'2013-05-06 20:21:44.781694','2013-05-06 20:21:44.781694');
INSERT INTO "spree_inventory_units" VALUES(360,0,'sold',52862384,403830194,779005547,NULL,'2013-05-06 20:21:44.785528','2013-05-06 20:21:44.785528');
INSERT INTO "spree_inventory_units" VALUES(361,0,'sold',52862384,428600156,804565151,NULL,'2013-05-06 20:21:44.793183','2013-05-06 20:21:44.793183');
INSERT INTO "spree_inventory_units" VALUES(362,0,'sold',52862384,428600156,804565151,NULL,'2013-05-06 20:21:44.797050','2013-05-06 20:21:44.797050');
INSERT INTO "spree_inventory_units" VALUES(363,0,'sold',52862384,428600156,804565151,NULL,'2013-05-06 20:21:44.800715','2013-05-06 20:21:44.800715');
INSERT INTO "spree_inventory_units" VALUES(364,0,'sold',52862384,428600156,804565151,NULL,'2013-05-06 20:21:44.804275','2013-05-06 20:21:44.804275');
INSERT INTO "spree_inventory_units" VALUES(365,0,'sold',52862384,428600156,804565151,NULL,'2013-05-06 20:21:44.807775','2013-05-06 20:21:44.807775');
INSERT INTO "spree_inventory_units" VALUES(366,0,'sold',52862384,428600156,804565151,NULL,'2013-05-06 20:21:44.811396','2013-05-06 20:21:44.811396');
INSERT INTO "spree_inventory_units" VALUES(367,0,'sold',52862384,428600156,804565151,NULL,'2013-05-06 20:21:44.815251','2013-05-06 20:21:44.815251');
INSERT INTO "spree_inventory_units" VALUES(368,0,'sold',52862384,428600156,804565151,NULL,'2013-05-06 20:21:44.818741','2013-05-06 20:21:44.818741');
INSERT INTO "spree_inventory_units" VALUES(369,0,'sold',215054540,862055596,891057020,NULL,'2013-05-06 20:21:44.825944','2013-05-06 20:21:44.825944');
INSERT INTO "spree_inventory_units" VALUES(370,0,'sold',215054540,862055596,891057020,NULL,'2013-05-06 20:21:44.829774','2013-05-06 20:21:44.829774');
INSERT INTO "spree_inventory_units" VALUES(371,0,'sold',215054540,862055596,891057020,NULL,'2013-05-06 20:21:44.833413','2013-05-06 20:21:44.833413');
INSERT INTO "spree_inventory_units" VALUES(372,0,'sold',215054540,862055596,891057020,NULL,'2013-05-06 20:21:44.837025','2013-05-06 20:21:44.837025');
INSERT INTO "spree_inventory_units" VALUES(373,0,'sold',215054540,1039486630,193598819,NULL,'2013-05-06 20:21:44.844448','2013-05-06 20:21:44.844448');
INSERT INTO "spree_inventory_units" VALUES(374,0,'sold',215054540,1039486630,193598819,NULL,'2013-05-06 20:21:44.848329','2013-05-06 20:21:44.848329');
INSERT INTO "spree_inventory_units" VALUES(375,0,'sold',215054540,1069267029,163898264,NULL,'2013-05-06 20:21:44.857036','2013-05-06 20:21:44.857036');
INSERT INTO "spree_inventory_units" VALUES(376,0,'sold',215054540,1069267029,163898264,NULL,'2013-05-06 20:21:44.860757','2013-05-06 20:21:44.860757');
INSERT INTO "spree_inventory_units" VALUES(377,0,'sold',215054540,1069267029,163898264,NULL,'2013-05-06 20:21:44.864221','2013-05-06 20:21:44.864221');
INSERT INTO "spree_inventory_units" VALUES(378,0,'sold',215054540,1068095656,165053295,NULL,'2013-05-06 20:21:44.871547','2013-05-06 20:21:44.871547');
INSERT INTO "spree_inventory_units" VALUES(379,0,'sold',215054540,1068095656,165053295,NULL,'2013-05-06 20:21:44.875923','2013-05-06 20:21:44.875923');
INSERT INTO "spree_inventory_units" VALUES(380,0,'sold',215054540,1068095656,165053295,NULL,'2013-05-06 20:21:44.879525','2013-05-06 20:21:44.879525');
INSERT INTO "spree_inventory_units" VALUES(381,0,'sold',215054540,1068095656,165053295,NULL,'2013-05-06 20:21:44.882765','2013-05-06 20:21:44.882765');
INSERT INTO "spree_inventory_units" VALUES(382,0,'sold',215054540,821702295,109409616,NULL,'2013-05-06 20:21:44.890060','2013-05-06 20:21:44.890060');
INSERT INTO "spree_inventory_units" VALUES(383,0,'sold',215054540,820530800,110564781,NULL,'2013-05-06 20:21:44.898925','2013-05-06 20:21:44.898925');
INSERT INTO "spree_inventory_units" VALUES(384,0,'sold',215054540,820530800,110564781,NULL,'2013-05-06 20:21:44.902738','2013-05-06 20:21:44.902738');
INSERT INTO "spree_inventory_units" VALUES(385,0,'sold',215054540,820530800,110564781,NULL,'2013-05-06 20:21:44.906001','2013-05-06 20:21:44.906001');
INSERT INTO "spree_inventory_units" VALUES(386,0,'sold',504220342,601813305,631467759,NULL,'2013-05-06 20:21:44.913654','2013-05-06 20:21:44.913654');
INSERT INTO "spree_inventory_units" VALUES(387,0,'sold',504220342,601813305,631467759,NULL,'2013-05-06 20:21:44.917535','2013-05-06 20:21:44.917535');
INSERT INTO "spree_inventory_units" VALUES(388,0,'sold',599112055,146573512,1053020929,NULL,'2013-05-06 20:21:44.925623','2013-05-06 20:21:44.925623');
INSERT INTO "spree_inventory_units" VALUES(389,0,'sold',599112055,146573512,1053020929,NULL,'2013-05-06 20:21:44.929507','2013-05-06 20:21:44.929507');
INSERT INTO "spree_inventory_units" VALUES(390,0,'sold',599112055,146573512,1053020929,NULL,'2013-05-06 20:21:44.933796','2013-05-06 20:21:44.933796');
INSERT INTO "spree_inventory_units" VALUES(391,0,'sold',215054540,844324943,70007694,NULL,'2013-05-06 20:21:44.943173','2013-05-06 20:21:44.943173');
INSERT INTO "spree_inventory_units" VALUES(392,0,'sold',215054540,844324943,70007694,NULL,'2013-05-06 20:21:44.947035','2013-05-06 20:21:44.947035');
INSERT INTO "spree_inventory_units" VALUES(393,0,'sold',215054540,844324943,70007694,NULL,'2013-05-06 20:21:44.950910','2013-05-06 20:21:44.950910');
INSERT INTO "spree_inventory_units" VALUES(394,0,'sold',215054540,843120822,71195505,NULL,'2013-05-06 20:21:44.958704','2013-05-06 20:21:44.958704');
INSERT INTO "spree_inventory_units" VALUES(395,0,'sold',215054540,843120822,71195505,NULL,'2013-05-06 20:21:44.962393','2013-05-06 20:21:44.962393');
INSERT INTO "spree_inventory_units" VALUES(396,0,'sold',215054540,843120822,71195505,NULL,'2013-05-06 20:21:44.965653','2013-05-06 20:21:44.965653');
INSERT INTO "spree_inventory_units" VALUES(397,0,'sold',52862384,382369184,548742745,NULL,'2013-05-06 20:21:44.973628','2013-05-06 20:21:44.973628');
INSERT INTO "spree_inventory_units" VALUES(398,0,'sold',52862384,382369184,548742745,NULL,'2013-05-06 20:21:44.978185','2013-05-06 20:21:44.978185');
INSERT INTO "spree_inventory_units" VALUES(399,0,'sold',52862384,382369184,548742745,NULL,'2013-05-06 20:21:44.981936','2013-05-06 20:21:44.981936');
INSERT INTO "spree_inventory_units" VALUES(400,0,'sold',52862384,382369184,548742745,NULL,'2013-05-06 20:21:44.985468','2013-05-06 20:21:44.985468');
INSERT INTO "spree_inventory_units" VALUES(401,0,'sold',215054540,850712674,80446377,NULL,'2013-05-06 20:21:44.993057','2013-05-06 20:21:44.993057');
INSERT INTO "spree_inventory_units" VALUES(402,0,'sold',215054540,850712674,80446377,NULL,'2013-05-06 20:21:44.996533','2013-05-06 20:21:44.996533');
INSERT INTO "spree_inventory_units" VALUES(403,0,'sold',215054540,850712674,80446377,NULL,'2013-05-06 20:21:45.000956','2013-05-06 20:21:45.000956');
INSERT INTO "spree_inventory_units" VALUES(404,0,'sold',215054540,850712674,80446377,NULL,'2013-05-06 20:21:45.004711','2013-05-06 20:21:45.004711');
INSERT INTO "spree_inventory_units" VALUES(405,0,'sold',215054540,849787035,81388382,NULL,'2013-05-06 20:21:45.012571','2013-05-06 20:21:45.012571');
INSERT INTO "spree_inventory_units" VALUES(406,0,'sold',215054540,849787035,81388382,NULL,'2013-05-06 20:21:45.016606','2013-05-06 20:21:45.016606');
INSERT INTO "spree_inventory_units" VALUES(407,0,'sold',215054540,849787035,81388382,NULL,'2013-05-06 20:21:45.020441','2013-05-06 20:21:45.020441');
INSERT INTO "spree_inventory_units" VALUES(408,0,'sold',215054540,849787035,81388382,NULL,'2013-05-06 20:21:45.024403','2013-05-06 20:21:45.024403');
INSERT INTO "spree_inventory_units" VALUES(409,0,'sold',215054540,1035625630,1002961742,NULL,'2013-05-06 20:21:45.032035','2013-05-06 20:21:45.032035');
INSERT INTO "spree_inventory_units" VALUES(410,0,'sold',215054540,1035625630,1002961742,NULL,'2013-05-06 20:21:45.036016','2013-05-06 20:21:45.036016');
INSERT INTO "spree_inventory_units" VALUES(411,0,'sold',215054540,1035625630,1002961742,NULL,'2013-05-06 20:21:45.039874','2013-05-06 20:21:45.039874');
INSERT INTO "spree_inventory_units" VALUES(412,0,'sold',599112055,183664179,1015883258,NULL,'2013-05-06 20:21:45.047592','2013-05-06 20:21:45.047592');
INSERT INTO "spree_inventory_units" VALUES(413,0,'sold',599112055,183664179,1015883258,NULL,'2013-05-06 20:21:45.051462','2013-05-06 20:21:45.051462');
INSERT INTO "spree_inventory_units" VALUES(414,0,'sold',599112055,183664179,1015883258,NULL,'2013-05-06 20:21:45.055083','2013-05-06 20:21:45.055083');
INSERT INTO "spree_inventory_units" VALUES(415,0,'sold',52862384,391144298,556742829,NULL,'2013-05-06 20:21:45.064457','2013-05-06 20:21:45.064457');
INSERT INTO "spree_inventory_units" VALUES(416,0,'sold',52862384,391144298,556742829,NULL,'2013-05-06 20:21:45.068506','2013-05-06 20:21:45.068506');
INSERT INTO "spree_inventory_units" VALUES(417,0,'sold',215054540,987209861,1017790295,NULL,'2013-05-06 20:21:45.075852','2013-05-06 20:21:45.075852');
INSERT INTO "spree_inventory_units" VALUES(418,0,'sold',215054540,987209861,1017790295,NULL,'2013-05-06 20:21:45.079993','2013-05-06 20:21:45.079993');
INSERT INTO "spree_inventory_units" VALUES(419,0,'sold',599112055,228571690,1004593649,NULL,'2013-05-06 20:21:45.087492','2013-05-06 20:21:45.087492');
INSERT INTO "spree_inventory_units" VALUES(420,0,'sold',52862384,296204679,668525120,NULL,'2013-05-06 20:21:45.095334','2013-05-06 20:21:45.095334');
INSERT INTO "spree_inventory_units" VALUES(421,0,'sold',52862384,296204679,668525120,NULL,'2013-05-06 20:21:45.099918','2013-05-06 20:21:45.099918');
INSERT INTO "spree_inventory_units" VALUES(422,0,'sold',52862384,296204679,668525120,NULL,'2013-05-06 20:21:45.104303','2013-05-06 20:21:45.104303');
INSERT INTO "spree_inventory_units" VALUES(423,0,'sold',52862384,296204679,668525120,NULL,'2013-05-06 20:21:45.108413','2013-05-06 20:21:45.108413');
INSERT INTO "spree_inventory_units" VALUES(424,0,'sold',52862384,296204679,668525120,NULL,'2013-05-06 20:21:45.112090','2013-05-06 20:21:45.112090');
INSERT INTO "spree_inventory_units" VALUES(425,0,'sold',215054540,893297750,54656917,NULL,'2013-05-06 20:21:45.120120','2013-05-06 20:21:45.120120');
INSERT INTO "spree_inventory_units" VALUES(426,0,'sold',215054540,892126383,55811946,NULL,'2013-05-06 20:21:45.127879','2013-05-06 20:21:45.127879');
INSERT INTO "spree_inventory_units" VALUES(427,0,'sold',215054540,892126383,55811946,NULL,'2013-05-06 20:21:45.131620','2013-05-06 20:21:45.131620');
INSERT INTO "spree_inventory_units" VALUES(428,0,'sold',215054540,903421051,61228994,NULL,'2013-05-06 20:21:45.138979','2013-05-06 20:21:45.138979');
INSERT INTO "spree_inventory_units" VALUES(429,0,'sold',215054540,903421051,61228994,NULL,'2013-05-06 20:21:45.143102','2013-05-06 20:21:45.143102');
INSERT INTO "spree_inventory_units" VALUES(430,0,'sold',215054540,903421051,61228994,NULL,'2013-05-06 20:21:45.147142','2013-05-06 20:21:45.147142');
INSERT INTO "spree_inventory_units" VALUES(431,0,'sold',215054540,902528130,62138181,NULL,'2013-05-06 20:21:45.154980','2013-05-06 20:21:45.154980');
INSERT INTO "spree_inventory_units" VALUES(432,0,'sold',215054540,902528130,62138181,NULL,'2013-05-06 20:21:45.158547','2013-05-06 20:21:45.158547');
INSERT INTO "spree_inventory_units" VALUES(433,0,'sold',215054540,906884218,7516093,NULL,'2013-05-06 20:21:45.166051','2013-05-06 20:21:45.166051');
INSERT INTO "spree_inventory_units" VALUES(434,0,'sold',215054540,906884218,7516093,NULL,'2013-05-06 20:21:45.170230','2013-05-06 20:21:45.170230');
INSERT INTO "spree_inventory_units" VALUES(435,0,'sold',599112055,265374943,967710488,NULL,'2013-05-06 20:21:45.177888','2013-05-06 20:21:45.177888');
INSERT INTO "spree_inventory_units" VALUES(436,0,'sold',599112055,265374943,967710488,NULL,'2013-05-06 20:21:45.182622','2013-05-06 20:21:45.182622');
INSERT INTO "spree_inventory_units" VALUES(437,0,'sold',599112055,265374943,967710488,NULL,'2013-05-06 20:21:45.186837','2013-05-06 20:21:45.186837');
INSERT INTO "spree_inventory_units" VALUES(438,0,'sold',504220342,615724322,583969526,NULL,'2013-05-06 20:21:45.194307','2013-05-06 20:21:45.194307');
INSERT INTO "spree_inventory_units" VALUES(439,0,'sold',215054540,932702864,32026953,NULL,'2013-05-06 20:21:45.201484','2013-05-06 20:21:45.201484');
INSERT INTO "spree_inventory_units" VALUES(440,0,'sold',215054540,932702864,32026953,NULL,'2013-05-06 20:21:45.205174','2013-05-06 20:21:45.205174');
INSERT INTO "spree_inventory_units" VALUES(441,0,'sold',215054540,932702864,32026953,NULL,'2013-05-06 20:21:45.208986','2013-05-06 20:21:45.208986');
INSERT INTO "spree_inventory_units" VALUES(442,0,'sold',215054540,931498615,33214900,NULL,'2013-05-06 20:21:45.216449','2013-05-06 20:21:45.216449');
INSERT INTO "spree_inventory_units" VALUES(443,2,'shipped',1013589414,1069267031,1053930494,NULL,'2013-05-23 14:27:20.534165','2013-05-23 14:36:50.780453');
INSERT INTO "spree_inventory_units" VALUES(444,3,'shipped',1013589418,1069267031,1053930494,NULL,'2013-05-23 14:27:20.547820','2013-05-23 14:36:50.782502');
INSERT INTO "spree_inventory_units" VALUES(445,1,'shipped',1013589414,1069267032,1053930495,NULL,'2013-05-23 18:08:46.452676','2013-05-23 18:22:39.429059');
INSERT INTO "spree_inventory_units" VALUES(446,1,'shipped',1013589416,1069267032,1053930495,NULL,'2013-05-23 18:08:46.464116','2013-05-23 18:22:39.431500');
CREATE TABLE "spree_line_items" ("id" INTEGER PRIMARY KEY AUTOINCREMENT NOT NULL, "variant_id" integer, "order_id" integer, "quantity" integer NOT NULL, "price" decimal(8,2) NOT NULL, "created_at" datetime NOT NULL, "updated_at" datetime NOT NULL, "currency" varchar(255));
INSERT INTO "spree_line_items" VALUES(15543303,215054540,146573512,2,15.99,'2013-05-06 20:21:41','2013-05-06 20:21:41',NULL);
INSERT INTO "spree_line_items" VALUES(16731390,215054540,145680447,4,15.99,'2013-05-06 20:21:41','2013-05-06 20:21:41',NULL);
INSERT INTO "spree_line_items" VALUES(34846300,52862384,780983247,4,13.99,'2013-05-06 20:21:41','2013-05-06 20:21:41',NULL);
INSERT INTO "spree_line_items" VALUES(43228685,215054540,73849921,4,15.99,'2013-05-06 20:21:41','2013-05-06 20:21:41',NULL);
INSERT INTO "spree_line_items" VALUES(44292852,215054540,183664179,2,15.99,'2013-05-06 20:21:41','2013-05-06 20:21:41',NULL);
INSERT INTO "spree_line_items" VALUES(50744442,405540681,183664179,2,19.99,'2013-05-06 20:21:41','2013-05-06 20:21:41',NULL);
INSERT INTO "spree_line_items" VALUES(53191935,215054540,192544832,2,15.99,'2013-05-06 20:21:41','2013-05-06 20:21:41',NULL);
INSERT INTO "spree_line_items" VALUES(59353266,52862384,790021435,8,13.99,'2013-05-06 20:21:41','2013-05-06 20:21:41',NULL);
INSERT INTO "spree_line_items" VALUES(74156129,405540681,228571690,1,19.99,'2013-05-06 20:21:41','2013-05-06 20:21:41',NULL);
INSERT INTO "spree_line_items" VALUES(78886962,215054540,216145139,1,15.99,'2013-05-06 20:21:41','2013-05-06 20:21:41',NULL);
INSERT INTO "spree_line_items" VALUES(92172869,52862384,702619608,5,13.99,'2013-05-06 20:21:41','2013-05-06 20:21:41',NULL);
INSERT INTO "spree_line_items" VALUES(97394411,215054540,228571690,3,15.99,'2013-05-06 20:21:41','2013-05-06 20:21:41',NULL);
INSERT INTO "spree_line_items" VALUES(102430444,215054540,239817259,3,15.99,'2013-05-06 20:21:41','2013-05-06 20:21:41',NULL);
INSERT INTO "spree_line_items" VALUES(122003800,599112055,906884218,3,16.99,'2013-05-06 20:21:41','2013-05-06 20:21:41',NULL);
INSERT INTO "spree_line_items" VALUES(125888542,215054540,265374943,3,15.99,'2013-05-06 20:21:41','2013-05-06 20:21:41',NULL);
INSERT INTO "spree_line_items" VALUES(127043815,215054540,264449064,3,15.99,'2013-05-06 20:21:41','2013-05-06 20:21:41',NULL);
INSERT INTO "spree_line_items" VALUES(145281751,504220342,330565047,2,22.99,'2013-05-06 20:21:41','2013-05-06 20:21:41',NULL);
INSERT INTO "spree_line_items" VALUES(146453040,504220342,335228811,2,22.99,'2013-05-06 20:21:41','2013-05-06 20:21:41',NULL);
INSERT INTO "spree_line_items" VALUES(146898650,215054540,9493021,3,15.99,'2013-05-06 20:21:41','2013-05-06 20:21:41',NULL);
INSERT INTO "spree_line_items" VALUES(148053541,215054540,8567520,2,15.99,'2013-05-06 20:21:41','2013-05-06 20:21:41',NULL);
INSERT INTO "spree_line_items" VALUES(156983340,215054540,17482993,1,15.99,'2013-05-06 20:21:41','2013-05-06 20:21:41',NULL);
INSERT INTO "spree_line_items" VALUES(161360230,599112055,953580620,2,16.99,'2013-05-06 20:21:41','2013-05-06 20:21:41',NULL);
INSERT INTO "spree_line_items" VALUES(171959431,52862384,648055060,3,13.99,'2013-05-06 20:21:41','2013-05-06 20:21:41',NULL);
INSERT INTO "spree_line_items" VALUES(174600196,215054540,37328065,2,15.99,'2013-05-06 20:21:41','2013-05-06 20:21:41',NULL);
INSERT INTO "spree_line_items" VALUES(175788281,215054540,36435006,4,15.99,'2013-05-06 20:21:41','2013-05-06 20:21:41',NULL);
INSERT INTO "spree_line_items" VALUES(177178673,215054540,48114926,3,15.99,'2013-05-06 20:21:41','2013-05-06 20:21:41',NULL);
INSERT INTO "spree_line_items" VALUES(178120916,215054540,46943257,1,15.99,'2013-05-06 20:21:41','2013-05-06 20:21:41',NULL);
INSERT INTO "spree_line_items" VALUES(187028006,215054540,231772182,4,15.99,'2013-05-06 20:21:41','2013-05-06 20:21:41',NULL);
INSERT INTO "spree_line_items" VALUES(198238101,599112055,983075517,1,16.99,'2013-05-06 20:21:41','2013-05-06 20:21:41',NULL);
INSERT INTO "spree_line_items" VALUES(213719948,599112055,1039486630,1,16.99,'2013-05-06 20:21:41','2013-05-06 20:21:41',NULL);
INSERT INTO "spree_line_items" VALUES(214449770,52862384,542594049,10,13.99,'2013-05-06 20:21:41','2013-05-06 20:21:41',NULL);
INSERT INTO "spree_line_items" VALUES(218493981,215054540,89411802,3,15.99,'2013-05-06 20:21:41','2013-05-06 20:21:41',NULL);
INSERT INTO "spree_line_items" VALUES(219649248,215054540,88485925,4,15.99,'2013-05-06 20:21:41','2013-05-06 20:21:41',NULL);
INSERT INTO "spree_line_items" VALUES(223486112,52862384,567102733,6,13.99,'2013-05-06 20:21:41','2013-05-06 20:21:41',NULL);
INSERT INTO "spree_line_items" VALUES(232934456,215054540,95676661,4,15.99,'2013-05-06 20:21:41','2013-05-06 20:21:41',NULL);
INSERT INTO "spree_line_items" VALUES(233843917,215054540,94472210,4,15.99,'2013-05-06 20:21:41','2013-05-06 20:21:41',NULL);
INSERT INTO "spree_line_items" VALUES(250867069,599112055,1069267029,2,16.99,'2013-05-06 20:21:41','2013-05-06 20:21:41',NULL);
INSERT INTO "spree_line_items" VALUES(262978241,215054540,134028804,1,15.99,'2013-05-06 20:21:41','2013-05-06 20:21:41',NULL);
INSERT INTO "spree_line_items" VALUES(264165950,215054540,133136121,2,15.99,'2013-05-06 20:21:41','2013-05-06 20:21:41',NULL);
INSERT INTO "spree_line_items" VALUES(264574672,504220342,349815214,2,22.99,'2013-05-06 20:21:41','2013-05-06 20:21:41',NULL);
INSERT INTO "spree_line_items" VALUES(272650605,215054540,403830194,3,15.99,'2013-05-06 20:21:41','2013-05-06 20:21:41',NULL);
INSERT INTO "spree_line_items" VALUES(277157925,599112055,567102733,3,16.99,'2013-05-06 20:21:41','2013-05-06 20:21:41',NULL);
INSERT INTO "spree_line_items" VALUES(278362338,599112055,568274416,3,16.99,'2013-05-06 20:21:41','2013-05-06 20:21:41',NULL);
INSERT INTO "spree_line_items" VALUES(298332006,215054540,429493153,1,15.99,'2013-05-06 20:21:41','2013-05-06 20:21:41',NULL);
INSERT INTO "spree_line_items" VALUES(299519897,215054540,428600156,1,15.99,'2013-05-06 20:21:41','2013-05-06 20:21:41',NULL);
INSERT INTO "spree_line_items" VALUES(304907166,215054540,349815214,4,15.99,'2013-05-06 20:21:41','2013-05-06 20:21:41',NULL);
INSERT INTO "spree_line_items" VALUES(316247593,599112055,596761353,1,16.99,'2013-05-06 20:21:41','2013-05-06 20:21:41',NULL);
INSERT INTO "spree_line_items" VALUES(322352447,52862384,1068095656,5,13.99,'2013-05-06 20:21:41','2013-05-06 20:21:41',NULL);
INSERT INTO "spree_line_items" VALUES(325149112,215054540,456181117,3,15.99,'2013-05-06 20:21:41','2013-05-06 20:21:41',NULL);
INSERT INTO "spree_line_items" VALUES(326304069,215054540,455255426,1,15.99,'2013-05-06 20:21:41','2013-05-06 20:21:41',NULL);
INSERT INTO "spree_line_items" VALUES(327604629,215054540,467107162,1,15.99,'2013-05-06 20:21:41','2013-05-06 20:21:41',NULL);
INSERT INTO "spree_line_items" VALUES(328513904,215054540,465903021,1,15.99,'2013-05-06 20:21:41','2013-05-06 20:21:41',NULL);
INSERT INTO "spree_line_items" VALUES(336373153,215054540,475857254,3,15.99,'2013-05-06 20:21:41','2013-05-06 20:21:41',NULL);
INSERT INTO "spree_line_items" VALUES(337560924,215054540,474964377,1,15.99,'2013-05-06 20:21:41','2013-05-06 20:21:41',NULL);
INSERT INTO "spree_line_items" VALUES(341537064,52862384,952376497,5,13.99,'2013-05-06 20:21:41','2013-05-06 20:21:41',NULL);
INSERT INTO "spree_line_items" VALUES(349476340,405540681,488679357,3,19.99,'2013-05-06 20:21:41','2013-05-06 20:21:41',NULL);
INSERT INTO "spree_line_items" VALUES(350952844,215054540,481999185,4,15.99,'2013-05-06 20:21:41','2013-05-06 20:21:41',NULL);
INSERT INTO "spree_line_items" VALUES(351894905,215054540,480827830,1,15.99,'2013-05-06 20:21:41','2013-05-06 20:21:41',NULL);
INSERT INTO "spree_line_items" VALUES(356599687,215054540,330565047,2,15.99,'2013-05-06 20:21:41','2013-05-06 20:21:41',NULL);
INSERT INTO "spree_line_items" VALUES(359727994,215054540,488679357,3,15.99,'2013-05-06 20:21:41','2013-05-06 20:21:41',NULL);
INSERT INTO "spree_line_items" VALUES(361688498,215054540,539762571,3,15.99,'2013-05-06 20:21:41','2013-05-06 20:21:41',NULL);
INSERT INTO "spree_line_items" VALUES(364137008,599112055,620502818,2,16.99,'2013-05-06 20:21:41','2013-05-06 20:21:41',NULL);
INSERT INTO "spree_line_items" VALUES(379972477,215054540,519327672,4,15.99,'2013-05-06 20:21:41','2013-05-06 20:21:41',NULL);
INSERT INTO "spree_line_items" VALUES(381127554,215054540,518401861,2,15.99,'2013-05-06 20:21:41','2013-05-06 20:21:41',NULL);
INSERT INTO "spree_line_items" VALUES(382486392,504220342,231772182,2,22.99,'2013-05-06 20:21:41','2013-05-06 20:21:41',NULL);
INSERT INTO "spree_line_items" VALUES(402308297,599112055,649259497,1,16.99,'2013-05-06 20:21:41','2013-05-06 20:21:41',NULL);
INSERT INTO "spree_line_items" VALUES(434404799,215054540,297130368,2,15.99,'2013-05-06 20:21:41','2013-05-06 20:21:41',NULL);
INSERT INTO "spree_line_items" VALUES(435559750,215054540,296204679,3,15.99,'2013-05-06 20:21:41','2013-05-06 20:21:41',NULL);
INSERT INTO "spree_line_items" VALUES(437198278,405540681,335228811,1,19.99,'2013-05-06 20:21:41','2013-05-06 20:21:41',NULL);
INSERT INTO "spree_line_items" VALUES(439391678,215054540,308359551,2,15.99,'2013-05-06 20:21:41','2013-05-06 20:21:41',NULL);
INSERT INTO "spree_line_items" VALUES(453543709,52862384,932702864,1,13.99,'2013-05-06 20:21:41','2013-05-06 20:21:41',NULL);
INSERT INTO "spree_line_items" VALUES(454748128,52862384,931498615,6,13.99,'2013-05-06 20:21:41','2013-05-06 20:21:41',NULL);
INSERT INTO "spree_line_items" VALUES(460308994,599112055,707237680,1,16.99,'2013-05-06 20:21:41','2013-05-06 20:21:41',NULL);
INSERT INTO "spree_line_items" VALUES(464161612,215054540,335228811,4,15.99,'2013-05-06 20:21:41','2013-05-06 20:21:41',NULL);
INSERT INTO "spree_line_items" VALUES(477570041,52862384,820530800,9,13.99,'2013-05-06 20:21:41','2013-05-06 20:21:41',NULL);
INSERT INTO "spree_line_items" VALUES(482824019,215054540,345435026,1,15.99,'2013-05-06 20:21:41','2013-05-06 20:21:41',NULL);
INSERT INTO "spree_line_items" VALUES(493017565,405540681,345435026,1,19.99,'2013-05-06 20:21:41','2013-05-06 20:21:41',NULL);
INSERT INTO "spree_line_items" VALUES(497584499,215054540,368651700,3,15.99,'2013-05-06 20:21:41','2013-05-06 20:21:41',NULL);
INSERT INTO "spree_line_items" VALUES(512342438,215054540,383262055,3,15.99,'2013-05-06 20:21:41','2013-05-06 20:21:41',NULL);
INSERT INTO "spree_line_items" VALUES(513530207,215054540,382369184,1,15.99,'2013-05-06 20:21:41','2013-05-06 20:21:41',NULL);
INSERT INTO "spree_line_items" VALUES(520210347,215054540,391144298,4,15.99,'2013-05-06 20:21:41','2013-05-06 20:21:41',NULL);
INSERT INTO "spree_line_items" VALUES(528092001,504220342,73849921,2,22.99,'2013-05-06 20:21:41','2013-05-06 20:21:41',NULL);
INSERT INTO "spree_line_items" VALUES(553487442,599112055,297130368,2,16.99,'2013-05-06 20:21:41','2013-05-06 20:21:41',NULL);
INSERT INTO "spree_line_items" VALUES(564321262,215054540,703823663,2,15.99,'2013-05-06 20:21:41','2013-05-06 20:21:41',NULL);
INSERT INTO "spree_line_items" VALUES(565230359,215054540,702619608,2,15.99,'2013-05-06 20:21:41','2013-05-06 20:21:41',NULL);
INSERT INTO "spree_line_items" VALUES(566982629,504220342,987209861,1,22.99,'2013-05-06 20:21:41','2013-05-06 20:21:41',NULL);
INSERT INTO "spree_line_items" VALUES(575043350,215054540,615724322,3,15.99,'2013-05-06 20:21:41','2013-05-06 20:21:41',NULL);
INSERT INTO "spree_line_items" VALUES(578171887,215054540,707237680,1,15.99,'2013-05-06 20:21:41','2013-05-06 20:21:41',NULL);
INSERT INTO "spree_line_items" VALUES(582187687,599112055,335228811,3,16.99,'2013-05-06 20:21:41','2013-05-06 20:21:41',NULL);
INSERT INTO "spree_line_items" VALUES(587961656,215054540,727331319,4,15.99,'2013-05-06 20:21:41','2013-05-06 20:21:41',NULL);
INSERT INTO "spree_line_items" VALUES(588903887,215054540,726159630,3,15.99,'2013-05-06 20:21:41','2013-05-06 20:21:41',NULL);
INSERT INTO "spree_line_items" VALUES(593248689,52862384,264449064,1,13.99,'2013-05-06 20:21:41','2013-05-06 20:21:41',NULL);
INSERT INTO "spree_line_items" VALUES(601073001,405540681,707237680,1,19.99,'2013-05-06 20:21:41','2013-05-06 20:21:41',NULL);
INSERT INTO "spree_line_items" VALUES(602680603,215054540,733841882,1,15.99,'2013-05-06 20:21:41','2013-05-06 20:21:41',NULL);
INSERT INTO "spree_line_items" VALUES(603868644,215054540,732948771,4,15.99,'2013-05-06 20:21:41','2013-05-06 20:21:41',NULL);
INSERT INTO "spree_line_items" VALUES(607225256,52862384,145680447,1,13.99,'2013-05-06 20:21:41','2013-05-06 20:21:41',NULL);
INSERT INTO "spree_line_items" VALUES(610685231,215054540,741864942,2,15.99,'2013-05-06 20:21:41','2013-05-06 20:21:41',NULL);
INSERT INTO "spree_line_items" VALUES(611594712,215054540,740660503,4,15.99,'2013-05-06 20:21:41','2013-05-06 20:21:41',NULL);
INSERT INTO "spree_line_items" VALUES(612493572,215054540,751848899,1,15.99,'2013-05-06 20:21:41','2013-05-06 20:21:41',NULL);
INSERT INTO "spree_line_items" VALUES(613648891,215054540,750923066,1,15.99,'2013-05-06 20:21:41','2013-05-06 20:21:41',NULL);
INSERT INTO "spree_line_items" VALUES(623620877,215054540,601813305,4,15.99,'2013-05-06 20:21:41','2013-05-06 20:21:41',NULL);
INSERT INTO "spree_line_items" VALUES(635354816,599112055,345435026,1,16.99,'2013-05-06 20:21:41','2013-05-06 20:21:41',NULL);
INSERT INTO "spree_line_items" VALUES(648459260,504220342,1035625630,1,22.99,'2013-05-06 20:21:41','2013-05-06 20:21:41',NULL);
INSERT INTO "spree_line_items" VALUES(651108343,215054540,782154552,3,15.99,'2013-05-06 20:21:41','2013-05-06 20:21:41',NULL);
INSERT INTO "spree_line_items" VALUES(652050190,215054540,780983247,1,15.99,'2013-05-06 20:21:41','2013-05-06 20:21:41',NULL);
INSERT INTO "spree_line_items" VALUES(658989564,215054540,790021435,4,15.99,'2013-05-06 20:21:41','2013-05-06 20:21:41',NULL);
INSERT INTO "spree_line_items" VALUES(663767115,599112055,383262055,1,16.99,'2013-05-06 20:21:41','2013-05-06 20:21:41',NULL);
INSERT INTO "spree_line_items" VALUES(671545148,215054540,542594049,3,15.99,'2013-05-06 20:21:41','2013-05-06 20:21:41',NULL);
INSERT INTO "spree_line_items" VALUES(679295946,504220342,862055596,1,22.99,'2013-05-06 20:21:41','2013-05-06 20:21:41',NULL);
INSERT INTO "spree_line_items" VALUES(697207093,215054540,568274416,2,15.99,'2013-05-06 20:21:41','2013-05-06 20:21:41',NULL);
INSERT INTO "spree_line_items" VALUES(698149322,215054540,567102733,3,15.99,'2013-05-06 20:21:41','2013-05-06 20:21:41',NULL);
INSERT INTO "spree_line_items" VALUES(711321934,405540681,596761353,2,19.99,'2013-05-06 20:21:41','2013-05-06 20:21:41',NULL);
INSERT INTO "spree_line_items" VALUES(716159466,215054540,587078949,3,15.99,'2013-05-06 20:21:41','2013-05-06 20:21:41',NULL);
INSERT INTO "spree_line_items" VALUES(728765296,52862384,133136121,9,13.99,'2013-05-06 20:21:41','2013-05-06 20:21:41',NULL);
INSERT INTO "spree_line_items" VALUES(734035908,215054540,596761353,3,15.99,'2013-05-06 20:21:41','2013-05-06 20:21:41',NULL);
INSERT INTO "spree_line_items" VALUES(740153207,52862384,8567520,10,13.99,'2013-05-06 20:21:41','2013-05-06 20:21:41',NULL);
INSERT INTO "spree_line_items" VALUES(745075349,599112055,488679357,1,16.99,'2013-05-06 20:21:41','2013-05-06 20:21:41',NULL);
INSERT INTO "spree_line_items" VALUES(749583325,215054540,620502818,1,15.99,'2013-05-06 20:21:41','2013-05-06 20:21:41',NULL);
INSERT INTO "spree_line_items" VALUES(755510615,405540681,620502818,1,19.99,'2013-05-06 20:21:41','2013-05-06 20:21:41',NULL);
INSERT INTO "spree_line_items" VALUES(758621481,215054540,627442156,2,15.99,'2013-05-06 20:21:41','2013-05-06 20:21:41',NULL);
INSERT INTO "spree_line_items" VALUES(786648366,215054540,649259497,4,15.99,'2013-05-06 20:21:41','2013-05-06 20:21:41',NULL);
INSERT INTO "spree_line_items" VALUES(787557841,215054540,648055060,2,15.99,'2013-05-06 20:21:41','2013-05-06 20:21:41',NULL);
INSERT INTO "spree_line_items" VALUES(809669057,599112055,17482993,1,16.99,'2013-05-06 20:21:41','2013-05-06 20:21:41',NULL);
INSERT INTO "spree_line_items" VALUES(814209161,215054540,953580620,1,15.99,'2013-05-06 20:21:41','2013-05-06 20:21:41',NULL);
INSERT INTO "spree_line_items" VALUES(815118454,215054540,952376497,3,15.99,'2013-05-06 20:21:41','2013-05-06 20:21:41',NULL);
INSERT INTO "spree_line_items" VALUES(824034941,215054540,961307330,2,15.99,'2013-05-06 20:21:41','2013-05-06 20:21:41',NULL);
INSERT INTO "spree_line_items" VALUES(824331779,405540681,953580620,1,19.99,'2013-05-06 20:21:41','2013-05-06 20:21:41',NULL);
INSERT INTO "spree_line_items" VALUES(846807768,52862384,518401861,4,13.99,'2013-05-06 20:21:41','2013-05-06 20:21:41',NULL);
INSERT INTO "spree_line_items" VALUES(852045440,215054540,983075517,4,15.99,'2013-05-06 20:21:41','2013-05-06 20:21:41',NULL);
INSERT INTO "spree_line_items" VALUES(862763254,405540681,983075517,2,19.99,'2013-05-06 20:21:41','2013-05-06 20:21:41',NULL);
INSERT INTO "spree_line_items" VALUES(867469481,215054540,1004874852,1,15.99,'2013-05-06 20:21:41','2013-05-06 20:21:41',NULL);
INSERT INTO "spree_line_items" VALUES(872512751,405540681,1039486630,3,19.99,'2013-05-06 20:21:41','2013-05-06 20:21:41',NULL);
INSERT INTO "spree_line_items" VALUES(875336810,215054540,1014837421,4,15.99,'2013-05-06 20:21:41','2013-05-06 20:21:41',NULL);
INSERT INTO "spree_line_items" VALUES(881760315,52862384,403830194,9,13.99,'2013-05-06 20:21:41','2013-05-06 20:21:41',NULL);
INSERT INTO "spree_line_items" VALUES(890537679,52862384,428600156,8,13.99,'2013-05-06 20:21:41','2013-05-06 20:21:41',NULL);
INSERT INTO "spree_line_items" VALUES(898936476,215054540,862055596,4,15.99,'2013-05-06 20:21:41','2013-05-06 20:21:41',NULL);
INSERT INTO "spree_line_items" VALUES(900000361,215054540,1039486630,2,15.99,'2013-05-06 20:21:41','2013-05-06 20:21:41',NULL);
INSERT INTO "spree_line_items" VALUES(938089618,215054540,1069267029,3,15.99,'2013-05-06 20:21:41','2013-05-06 20:21:41',NULL);
INSERT INTO "spree_line_items" VALUES(939031661,215054540,1068095656,4,15.99,'2013-05-06 20:21:41','2013-05-06 20:21:41',NULL);
INSERT INTO "spree_line_items" VALUES(950766166,215054540,821702295,1,15.99,'2013-05-06 20:21:41','2013-05-06 20:21:41',NULL);
INSERT INTO "spree_line_items" VALUES(951708335,215054540,820530800,3,15.99,'2013-05-06 20:21:41','2013-05-06 20:21:41',NULL);
INSERT INTO "spree_line_items" VALUES(952247897,504220342,601813305,2,22.99,'2013-05-06 20:21:41','2013-05-06 20:21:41',NULL);
INSERT INTO "spree_line_items" VALUES(972348906,599112055,146573512,3,16.99,'2013-05-06 20:21:41','2013-05-06 20:21:41',NULL);
INSERT INTO "spree_line_items" VALUES(973259920,215054540,844324943,3,15.99,'2013-05-06 20:21:41','2013-05-06 20:21:41',NULL);
INSERT INTO "spree_line_items" VALUES(974169207,215054540,843120822,3,15.99,'2013-05-06 20:21:41','2013-05-06 20:21:41',NULL);
INSERT INTO "spree_line_items" VALUES(978653197,52862384,382369184,4,13.99,'2013-05-06 20:21:41','2013-05-06 20:21:41',NULL);
INSERT INTO "spree_line_items" VALUES(988118179,215054540,850712674,4,15.99,'2013-05-06 20:21:41','2013-05-06 20:21:41',NULL);
INSERT INTO "spree_line_items" VALUES(989273180,215054540,849787035,4,15.99,'2013-05-06 20:21:41','2013-05-06 20:21:41',NULL);
INSERT INTO "spree_line_items" VALUES(995042986,215054540,1035625630,3,15.99,'2013-05-06 20:21:41','2013-05-06 20:21:41',NULL);
INSERT INTO "spree_line_items" VALUES(1002056479,599112055,183664179,3,16.99,'2013-05-06 20:21:41','2013-05-06 20:21:41',NULL);
INSERT INTO "spree_line_items" VALUES(1003425537,52862384,391144298,2,13.99,'2013-05-06 20:21:41','2013-05-06 20:21:41',NULL);
INSERT INTO "spree_line_items" VALUES(1008919217,215054540,987209861,2,15.99,'2013-05-06 20:21:41','2013-05-06 20:21:41',NULL);
INSERT INTO "spree_line_items" VALUES(1020784392,599112055,228571690,1,16.99,'2013-05-06 20:21:41','2013-05-06 20:21:41',NULL);
INSERT INTO "spree_line_items" VALUES(1027134484,52862384,296204679,5,13.99,'2013-05-06 20:21:41','2013-05-06 20:21:41',NULL);
INSERT INTO "spree_line_items" VALUES(1030684823,215054540,893297750,1,15.99,'2013-05-06 20:21:41','2013-05-06 20:21:41',NULL);
INSERT INTO "spree_line_items" VALUES(1031626864,215054540,892126383,2,15.99,'2013-05-06 20:21:41','2013-05-06 20:21:41',NULL);
INSERT INTO "spree_line_items" VALUES(1032370364,215054540,903421051,3,15.99,'2013-05-06 20:21:41','2013-05-06 20:21:41',NULL);
INSERT INTO "spree_line_items" VALUES(1033558083,215054540,902528130,2,15.99,'2013-05-06 20:21:41','2013-05-06 20:21:41',NULL);
INSERT INTO "spree_line_items" VALUES(1046237371,215054540,906884218,2,15.99,'2013-05-06 20:21:41','2013-05-06 20:21:41',NULL);
INSERT INTO "spree_line_items" VALUES(1050221043,599112055,265374943,3,16.99,'2013-05-06 20:21:41','2013-05-06 20:21:41',NULL);
INSERT INTO "spree_line_items" VALUES(1068491328,504220342,615724322,1,22.99,'2013-05-06 20:21:41','2013-05-06 20:21:41',NULL);
INSERT INTO "spree_line_items" VALUES(1069960783,215054540,932702864,3,15.99,'2013-05-06 20:21:41','2013-05-06 20:21:41',NULL);
INSERT INTO "spree_line_items" VALUES(1070870198,215054540,931498615,1,15.99,'2013-05-06 20:21:41','2013-05-06 20:21:41',NULL);
INSERT INTO "spree_line_items" VALUES(1070870200,1013589414,1069267031,1,16,'2013-05-23 14:09:14.918887','2013-05-23 14:09:14.918887','EUR');
INSERT INTO "spree_line_items" VALUES(1070870201,1013589418,1069267031,1,30,'2013-05-23 14:09:27.577388','2013-05-23 14:09:27.577388','EUR');
INSERT INTO "spree_line_items" VALUES(1070870202,1013589414,1069267032,1,16,'2013-05-23 17:06:18.331693','2013-05-23 17:06:18.331693','EUR');
INSERT INTO "spree_line_items" VALUES(1070870203,1013589416,1069267032,1,16,'2013-05-23 17:39:21.823067','2013-05-23 17:39:21.823067','EUR');
CREATE TABLE "spree_log_entries" ("id" INTEGER PRIMARY KEY AUTOINCREMENT NOT NULL, "source_id" integer, "source_type" varchar(255), "details" text, "created_at" datetime NOT NULL, "updated_at" datetime NOT NULL);
INSERT INTO "spree_log_entries" VALUES(1,101,'Spree::Payment','--- !ruby/object:ActiveMerchant::Billing::Response
params: {}
message: ''''
success: true
test: false
authorization: 
fraud_review: 
avs_result:
  code: 
  message: 
  street_match: 
  postal_match: 
cvv_result:
  code: 
  message: 
','2013-05-23 14:29:02.008231','2013-05-23 14:29:02.008231');
INSERT INTO "spree_log_entries" VALUES(2,102,'Spree::Payment','--- !ruby/object:ActiveMerchant::Billing::Response
params: {}
message: ''''
success: true
test: false
authorization: 
fraud_review: 
avs_result:
  code: 
  message: 
  street_match: 
  postal_match: 
cvv_result:
  code: 
  message: 
','2013-05-23 18:20:26.182696','2013-05-23 18:20:26.182696');
CREATE TABLE "spree_mail_methods" ("id" INTEGER PRIMARY KEY AUTOINCREMENT NOT NULL, "environment" varchar(255), "active" boolean DEFAULT 't', "created_at" datetime NOT NULL, "updated_at" datetime NOT NULL);
CREATE TABLE "spree_option_types" ("id" INTEGER PRIMARY KEY AUTOINCREMENT NOT NULL, "name" varchar(100), "presentation" varchar(100), "position" integer DEFAULT 0 NOT NULL, "created_at" datetime NOT NULL, "updated_at" datetime NOT NULL);
INSERT INTO "spree_option_types" VALUES(643188970,'tshirt-color','Color',2,'2013-05-06 20:21:41','2013-05-06 20:21:41');
INSERT INTO "spree_option_types" VALUES(935339117,'tshirt-size','Size',1,'2013-05-06 20:21:41','2013-05-06 20:21:41');
INSERT INTO "spree_option_types" VALUES(935339118,'couleur','Couleur',0,'2013-05-22 18:33:40.019331','2013-05-22 18:33:40.019331');
CREATE TABLE "spree_option_types_prototypes" ("prototype_id" integer, "option_type_id" integer);
CREATE TABLE "spree_option_values" ("id" INTEGER PRIMARY KEY AUTOINCREMENT NOT NULL, "position" integer, "name" varchar(255), "presentation" varchar(255), "option_type_id" integer, "created_at" datetime NOT NULL, "updated_at" datetime NOT NULL);
INSERT INTO "spree_option_values" VALUES(278588964,2,'Green','Green',643188970,'2013-05-06 20:21:41','2013-05-06 20:21:41');
INSERT INTO "spree_option_values" VALUES(369541888,3,'Large','L',935339117,'2013-05-06 20:21:41','2013-05-06 20:21:41');
INSERT INTO "spree_option_values" VALUES(453955339,1,'Small','S',935339117,'2013-05-06 20:21:41','2013-05-06 20:21:41');
INSERT INTO "spree_option_values" VALUES(506907318,3,'Blue','Blue',643188970,'2013-05-06 20:21:41','2013-05-06 20:21:41');
INSERT INTO "spree_option_values" VALUES(553775723,2,'Medium','M',935339117,'2013-05-06 20:21:41','2013-05-06 20:21:41');
INSERT INTO "spree_option_values" VALUES(574344309,4,'Extra Large','XL',935339117,'2013-05-06 20:21:41','2013-05-06 20:21:41');
INSERT INTO "spree_option_values" VALUES(979459986,1,'Red','Red',643188970,'2013-05-06 20:21:41','2013-05-06 20:21:41');
INSERT INTO "spree_option_values" VALUES(979459987,1,'Moutarde','Moutarde',935339118,'2013-05-22 18:34:36.832139','2013-05-22 18:34:36.832139');
INSERT INTO "spree_option_values" VALUES(979459988,2,'Taupe','Taupe',935339118,'2013-05-22 18:34:36.834277','2013-05-22 18:34:36.834277');
INSERT INTO "spree_option_values" VALUES(979459989,3,'Bleu','Bleu',935339118,'2013-05-22 18:34:36.835670','2013-05-22 18:34:36.835670');
CREATE TABLE "spree_option_values_variants" ("variant_id" integer, "option_value_id" integer);
INSERT INTO "spree_option_values_variants" VALUES(325821322,453955339);
INSERT INTO "spree_option_values_variants" VALUES(325821322,979459986);
INSERT INTO "spree_option_values_variants" VALUES(1013589412,453955339);
INSERT INTO "spree_option_values_variants" VALUES(1013589412,506907318);
INSERT INTO "spree_option_values_variants" VALUES(529709246,453955339);
INSERT INTO "spree_option_values_variants" VALUES(529709246,278588964);
INSERT INTO "spree_option_values_variants" VALUES(947339321,553775723);
INSERT INTO "spree_option_values_variants" VALUES(947339321,979459986);
INSERT INTO "spree_option_values_variants" VALUES(664770399,553775723);
INSERT INTO "spree_option_values_variants" VALUES(664770399,506907318);
INSERT INTO "spree_option_values_variants" VALUES(97292824,553775723);
INSERT INTO "spree_option_values_variants" VALUES(97292824,278588964);
INSERT INTO "spree_option_values_variants" VALUES(568516732,369541888);
INSERT INTO "spree_option_values_variants" VALUES(568516732,979459986);
INSERT INTO "spree_option_values_variants" VALUES(405540681,369541888);
INSERT INTO "spree_option_values_variants" VALUES(405540681,506907318);
INSERT INTO "spree_option_values_variants" VALUES(265742438,369541888);
INSERT INTO "spree_option_values_variants" VALUES(265742438,278588964);
INSERT INTO "spree_option_values_variants" VALUES(205047256,574344309);
INSERT INTO "spree_option_values_variants" VALUES(205047256,979459986);
INSERT INTO "spree_option_values_variants" VALUES(11550984,453955339);
INSERT INTO "spree_option_values_variants" VALUES(451832754,553775723);
INSERT INTO "spree_option_values_variants" VALUES(284430812,369541888);
INSERT INTO "spree_option_values_variants" VALUES(1013589414,979459987);
INSERT INTO "spree_option_values_variants" VALUES(1013589415,979459988);
INSERT INTO "spree_option_values_variants" VALUES(1013589416,979459989);
INSERT INTO "spree_option_values_variants" VALUES(1013589421,979459987);
CREATE TABLE "spree_orders" ("id" INTEGER PRIMARY KEY AUTOINCREMENT NOT NULL, "number" varchar(15), "item_total" decimal(8,2) DEFAULT 0.0 NOT NULL, "total" decimal(8,2) DEFAULT 0.0 NOT NULL, "state" varchar(255), "adjustment_total" decimal(8,2) DEFAULT 0.0 NOT NULL, "user_id" integer, "completed_at" datetime, "bill_address_id" integer, "ship_address_id" integer, "payment_total" decimal(8,2) DEFAULT 0.0, "shipping_method_id" integer, "shipment_state" varchar(255), "payment_state" varchar(255), "email" varchar(255), "special_instructions" text, "created_at" datetime NOT NULL, "updated_at" datetime NOT NULL, "currency" varchar(255), "last_ip_address" varchar(255));
INSERT INTO "spree_orders" VALUES(8567520,'R232500556',171.88,173.48,'complete',1.6,712180813,'2013-04-27 06:21:41.000000',379059436,574376536,0,NULL,'pending','balance_due','roosevelt_hagenes@kozey.uk',NULL,'2013-04-27 06:21:41.000000','2013-05-06 20:21:41',NULL,NULL);
INSERT INTO "spree_orders" VALUES(9493021,'R077444814',47.97,50.37,'complete',2.4,711025848,'2013-04-25 14:21:41.000000',377854995,573450925,0,NULL,'pending','balance_due','laney@bernierstrosin.us',NULL,'2013-04-25 14:21:41.000000','2013-05-06 20:21:41',NULL,NULL);
INSERT INTO "spree_orders" VALUES(17482993,'R741815735',32.98,33.78,'complete',0.8,737901126,'2013-04-29 15:21:41.000000',387941095,599012441,0,NULL,'pending','balance_due','genoveva.schuster@rohanrolfson.uk',NULL,'2013-04-29 15:21:41.000000','2013-05-06 20:21:41',NULL,NULL);
INSERT INTO "spree_orders" VALUES(36435006,'R560318763',63.96,67.16,'complete',3.2,685394585,'2013-04-16 09:21:41.000000',339653170,546636942,0,NULL,'pending','balance_due','alan@kundebartell.name',NULL,'2013-04-16 09:21:41.000000','2013-05-06 20:21:41',NULL,NULL);
INSERT INTO "spree_orders" VALUES(37328065,'R516868118',31.98,33.58,'complete',1.6,684206702,'2013-04-19 06:21:41.000000',338481867,545743993,0,NULL,'pending','balance_due','reyna@grimes.com',NULL,'2013-04-19 06:21:41.000000','2013-05-06 20:21:41',NULL,NULL);
INSERT INTO "spree_orders" VALUES(46943257,'R548480533',15.99,16.79,'complete',0.8,675148478,'2013-04-20 16:21:41.000000',349768223,544390305,0,NULL,'pending','balance_due','ashlee.pagac@christiansen.info',NULL,'2013-04-20 16:21:41.000000','2013-05-06 20:21:41',NULL,NULL);
INSERT INTO "spree_orders" VALUES(48114926,'R738053623',47.97,50.37,'complete',2.4,674206273,'2013-04-22 03:21:41.000000',348875494,543218782,0,NULL,'pending','balance_due','sarah@barrowspowlowski.uk',NULL,'2013-04-22 03:21:41.000000','2013-05-06 20:21:41',NULL,NULL);
INSERT INTO "spree_orders" VALUES(73849921,'R310656416',109.94,115.44,'complete',5.5,452191684,'2013-05-04 17:21:41.000000',126041504,501684253,0,NULL,'pending','balance_due','dalton.lebsack@pagacpaucek.info',NULL,'2013-05-04 17:21:41.000000','2013-05-06 20:21:41',NULL,NULL);
INSERT INTO "spree_orders" VALUES(88485925,'R427403278',63.96,67.16,'complete',3.2,800558738,'2013-04-15 00:21:41.000000',324236843,670613653,0,NULL,'pending','balance_due','beryl@turner.info',NULL,'2013-04-15 00:21:41.000000','2013-05-06 20:21:41',NULL,NULL);
INSERT INTO "spree_orders" VALUES(89411802,'R702722545',47.97,50.37,'complete',2.4,799403637,'2013-04-18 01:21:41.000000',323032786,669687922,0,NULL,'pending','balance_due','lauretta@schuppe.com',NULL,'2013-04-18 01:21:41.000000','2013-05-06 20:21:41',NULL,NULL);
INSERT INTO "spree_orders" VALUES(94472210,'R550808810',63.96,67.16,'complete',3.2,793786021,'2013-04-21 11:21:41.000000',330616326,656373946,0,NULL,'pending','balance_due','daron@farrellhyatt.info',NULL,'2013-04-21 11:21:41.000000','2013-05-06 20:21:41',NULL,NULL);
INSERT INTO "spree_orders" VALUES(95676661,'R026041275',63.96,67.16,'complete',3.2,792876634,'2013-04-23 00:21:41.000000',329690879,655169605,0,NULL,'pending','balance_due','dagmar_fahey@crona.uk',NULL,'2013-04-23 00:21:41.000000','2013-05-06 20:21:41',NULL,NULL);
INSERT INTO "spree_orders" VALUES(133136121,'R204226551',157.89,159.49,'complete',1.6,756990036,'2013-04-26 06:21:41.000000',301611251,626101841,0,NULL,'pending','balance_due','roxane.okon@barrows.us',NULL,'2013-04-26 06:21:41.000000','2013-05-06 20:21:41',NULL,NULL);
INSERT INTO "spree_orders" VALUES(134028804,'R420475608',15.99,16.79,'complete',0.8,755802289,'2013-04-25 01:21:41.000000',300439564,625209012,0,NULL,'pending','balance_due','alexandria@tillman.name',NULL,'2013-04-25 01:21:41.000000','2013-05-06 20:21:41',NULL,NULL);
INSERT INTO "spree_orders" VALUES(145680447,'R602364728',77.95,81.15,'complete',3.2,576673428,'2013-04-28 08:21:41.000000',515616313,705697931,0,NULL,'pending','balance_due','noble.brown@stark.name',NULL,'2013-04-28 08:21:41.000000','2013-05-06 20:21:41',NULL,NULL);
INSERT INTO "spree_orders" VALUES(146573512,'R242813370',82.95,84.55,'complete',1.6,575485547,'2013-04-30 14:21:41.000000',514445004,704804980,0,NULL,'pending','balance_due','enos_turcotte@schmittdenesik.com',NULL,'2013-04-30 14:21:41.000000','2013-05-06 20:21:41',NULL,NULL);
INSERT INTO "spree_orders" VALUES(183664179,'R146660851',122.93,126.53,'complete',3.6,537116830,'2013-05-03 15:21:41.000000',484915261,676105863,0,NULL,'pending','balance_due','vivianne@oconnermann.ca',NULL,'2013-05-03 15:21:41.000000','2013-05-06 20:21:41',NULL,NULL);
INSERT INTO "spree_orders" VALUES(192544832,'R351536305',31.98,33.58,'complete',1.6,562806419,'2013-04-19 15:21:41.000000',493831732,700772492,0,NULL,'pending','balance_due','hettie@balistrerijenkins.us',NULL,'2013-04-19 15:21:41.000000','2013-05-06 20:21:41',NULL,NULL);
INSERT INTO "spree_orders" VALUES(216145139,'R408727587',15.99,16.79,'complete',0.8,638820960,'2013-04-17 00:21:41.000000',452418301,777841735,0,NULL,'pending','balance_due','kraig.krajcik@zemlakwilkinson.name',NULL,'2013-04-17 00:21:41.000000','2013-05-06 20:21:41',NULL,NULL);
INSERT INTO "spree_orders" VALUES(228571690,'R305786448',84.95,88.35,'complete',3.4,661521543,'2013-05-02 12:21:41.000000',462093350,790710942,0,NULL,'pending','balance_due','sandrine.feest@kautzer.ca',NULL,'2013-05-02 12:21:41.000000','2013-05-06 20:21:41',NULL,NULL);
INSERT INTO "spree_orders" VALUES(231772182,'R553681305',109.94,115.44,'complete',5.5,323332591,'2013-05-06 04:21:41.000000',238383541,340874296,0,NULL,'pending','balance_due','madyson.lakin@lockman.com',NULL,'2013-05-06 04:21:41.000000','2013-05-06 20:21:41',NULL,NULL);
INSERT INTO "spree_orders" VALUES(239817259,'R684844360',47.97,50.37,'complete',2.4,616230022,'2013-04-23 21:21:41.000000',408818721,754295455,0,NULL,'pending','balance_due','lizeth.casper@harveyweimann.us',NULL,'2013-04-23 21:21:41.000000','2013-05-06 20:21:41',NULL,NULL);
INSERT INTO "spree_orders" VALUES(264449064,'R072661331',61.96,64.36,'complete',2.4,624071307,'2013-04-28 16:21:41.000000',433482288,763223188,0,NULL,'pending','balance_due','emmanuel@beatty.uk',NULL,'2013-04-28 16:21:41.000000','2013-05-06 20:21:41',NULL,NULL);
INSERT INTO "spree_orders" VALUES(265374943,'R622370111',98.94,101.34,'complete',2.4,622916212,'2013-05-01 10:21:41.000000',432278229,762297451,0,NULL,'pending','balance_due','toney.grady@cole.uk',NULL,'2013-05-01 10:21:41.000000','2013-05-06 20:21:41',NULL,NULL);
INSERT INTO "spree_orders" VALUES(296204679,'R275411251',117.92,120.32,'complete',2.4,995493676,'2013-04-28 08:21:41.000000',129171341,857295155,0,NULL,'pending','balance_due','hassan@glover.ca',NULL,'2013-04-28 08:21:41.000000','2013-05-06 20:21:41',NULL,NULL);
INSERT INTO "spree_orders" VALUES(297130368,'R062066021',65.96,67.56,'complete',1.6,994338771,'2013-04-30 06:21:41.000000',127967096,856369612,0,NULL,'pending','balance_due','ferne@steuber.us',NULL,'2013-04-30 06:21:41.000000','2013-05-06 20:21:41',NULL,NULL);
INSERT INTO "spree_orders" VALUES(308359551,'R358645155',31.98,33.58,'complete',1.6,948998100,'2013-04-21 17:21:41.000000',74741621,819970507,0,NULL,'pending','balance_due','phyllis@oconnerbotsford.us',NULL,'2013-04-21 17:21:41.000000','2013-05-06 20:21:41',NULL,NULL);
INSERT INTO "spree_orders" VALUES(330565047,'R560784763',77.96,81.86,'complete',3.9,220281934,'2013-05-06 11:21:41.000000',273802266,171295127,0,NULL,'pending','balance_due','hoyt@hermannromaguera.biz',NULL,'2013-05-06 11:21:41.000000','2013-05-06 20:21:41',NULL,NULL);
INSERT INTO "spree_orders" VALUES(335228811,'R486830883',180.9,187.4,'complete',6.5,956993830,'2013-05-04 03:21:41.000000',99510657,826662719,0,NULL,'pending','balance_due','ruth@oconner.uk',NULL,'2013-05-04 03:21:41.000000','2013-05-06 20:21:41',NULL,NULL);
INSERT INTO "spree_orders" VALUES(345435026,'R221024163',52.97,54.77,'complete',1.8,1046959423,'2013-05-03 10:21:41.000000',42184090,908598054,0,NULL,'pending','balance_due','susana@ritchiewunsch.biz',NULL,'2013-05-03 10:21:41.000000','2013-05-06 20:21:41',NULL,NULL);
INSERT INTO "spree_orders" VALUES(349815214,'R841363545',109.94,115.44,'complete',5.5,172816471,'2013-05-05 03:21:41.000000',389816337,223872400,0,NULL,'pending','balance_due','cassandre@moore.co.uk',NULL,'2013-05-05 03:21:41.000000','2013-05-06 20:21:41',NULL,NULL);
INSERT INTO "spree_orders" VALUES(368651700,'R057240010',47.97,50.37,'complete',2.4,1057526559,'2013-04-14 14:21:41.000000',65825724,927456520,0,NULL,'pending','balance_due','stewart@beatty.co.uk',NULL,'2013-04-14 14:21:41.000000','2013-05-06 20:21:41',NULL,NULL);
INSERT INTO "spree_orders" VALUES(382369184,'R625587107',71.95,72.75,'complete',0.8,1010549555,'2013-04-29 00:21:41.000000',14629780,880053548,0,NULL,'pending','balance_due','joseph@bogan.info',NULL,'2013-04-29 00:21:41.000000','2013-05-06 20:21:41',NULL,NULL);
INSERT INTO "spree_orders" VALUES(383262055,'R642620014',64.96,67.36,'complete',2.4,1009361868,'2013-05-01 06:21:41.000000',13458289,879160787,0,NULL,'pending','balance_due','cassandra@ullrichwalsh.name',NULL,'2013-05-01 06:21:41.000000','2013-05-06 20:21:41',NULL,NULL);
INSERT INTO "spree_orders" VALUES(391144298,'R761444304',91.94,95.14,'complete',3.2,1034018247,'2013-04-25 19:21:41.000000',21308770,904827870,0,NULL,'pending','balance_due','talia@borer.info',NULL,'2013-04-25 19:21:41.000000','2013-05-06 20:21:41',NULL,NULL);
INSERT INTO "spree_orders" VALUES(403830194,'R128584746',173.88,176.28,'complete',2.4,853560069,'2013-04-28 02:21:41.000000',235189158,984548634,0,NULL,'pending','balance_due','ike@jacobsonwuckert.biz',NULL,'2013-04-28 02:21:41.000000','2013-05-06 20:21:41',NULL,NULL);
INSERT INTO "spree_orders" VALUES(428600156,'R402781207',127.91,128.71,'complete',0.8,863655417,'2013-04-27 15:21:41.000000',262057300,993336300,0,NULL,'pending','balance_due','zena_franecki@cassinbins.uk',NULL,'2013-04-27 15:21:41.000000','2013-05-06 20:21:41',NULL,NULL);
INSERT INTO "spree_orders" VALUES(429493153,'R268450041',15.99,16.79,'complete',0.8,862467340,'2013-04-25 13:21:41.000000',260885931,992443161,0,NULL,'pending','balance_due','frida@towne.com',NULL,'2013-04-25 13:21:41.000000','2013-05-06 20:21:41',NULL,NULL);
INSERT INTO "spree_orders" VALUES(455255426,'R186875065',15.99,16.79,'complete',0.8,835918637,'2013-04-16 17:21:41.000000',221766538,966546746,0,NULL,'pending','balance_due','garrison.kuhn@donnelly.biz',NULL,'2013-04-16 17:21:41.000000','2013-05-06 20:21:41',NULL,NULL);
INSERT INTO "spree_orders" VALUES(456181117,'R427107858',47.97,50.37,'complete',2.4,834763738,'2013-04-18 12:21:41.000000',220562291,965621197,0,NULL,'pending','balance_due','barbara.weimann@rath.info',NULL,'2013-04-18 12:21:41.000000','2013-05-06 20:21:41',NULL,NULL);
INSERT INTO "spree_orders" VALUES(465903021,'R231803558',15.99,16.79,'complete',0.8,825533186,'2013-04-19 18:21:41.000000',231758759,964422941,0,NULL,'pending','balance_due','edwina_becker@hahnkrajcik.biz',NULL,'2013-04-19 18:21:41.000000','2013-05-06 20:21:41',NULL,NULL);
INSERT INTO "spree_orders" VALUES(467107162,'R107302506',15.99,16.79,'complete',0.8,824624125,'2013-04-22 16:21:41.000000',230832990,963218914,0,NULL,'pending','balance_due','concepcion.rolfson@roob.info',NULL,'2013-04-22 16:21:41.000000','2013-05-06 20:21:41',NULL,NULL);
INSERT INTO "spree_orders" VALUES(474964377,'R710755852',15.99,16.79,'complete',0.8,918478646,'2013-04-15 22:21:41.000000',173680531,1056018737,0,NULL,'pending','balance_due','marianna_boyle@feeney.biz',NULL,'2013-04-15 22:21:41.000000','2013-05-06 20:21:41',NULL,NULL);
INSERT INTO "spree_orders" VALUES(475857254,'R552365185',47.97,50.37,'complete',2.4,917290961,'2013-04-17 10:21:41.000000',172509034,1055125974,0,NULL,'pending','balance_due','emelie.hudson@abernathy.name',NULL,'2013-04-17 10:21:41.000000','2013-05-06 20:21:41',NULL,NULL);
INSERT INTO "spree_orders" VALUES(480827830,'R750238354',15.99,16.79,'complete',0.8,911828761,'2013-04-20 21:21:41.000000',180199358,1041639686,0,NULL,'pending','balance_due','eunice@kuhlmanoconner.co.uk',NULL,'2013-04-20 21:21:41.000000','2013-05-06 20:21:41',NULL,NULL);
INSERT INTO "spree_orders" VALUES(481999185,'R176750366',63.96,67.16,'complete',3.2,910886886,'2013-04-23 11:21:41.000000',179306311,1040468473,0,NULL,'pending','balance_due','violet@heidenreich.uk',NULL,'2013-04-23 11:21:41.000000','2013-05-06 20:21:41',NULL,NULL);
INSERT INTO "spree_orders" VALUES(488679357,'R642778748',124.93,130.33,'complete',5.4,936450328,'2013-05-02 12:21:41.000000',188080563,1067341581,0,NULL,'pending','balance_due','daphne.christiansen@stehrturner.us',NULL,'2013-05-02 12:21:41.000000','2013-05-06 20:21:41',NULL,NULL);
INSERT INTO "spree_orders" VALUES(518401861,'R545024500',87.94,89.54,'complete',1.6,873959920,'2013-04-26 08:21:41.000000',150169931,1012457461,0,NULL,'pending','balance_due','marcel_funk@lueilwitz.info',NULL,'2013-04-26 08:21:41.000000','2013-05-06 20:21:41',NULL,NULL);
INSERT INTO "spree_orders" VALUES(519327672,'R638344807',63.96,67.16,'complete',3.2,872804629,'2013-04-24 17:21:41.000000',148965812,1011531536,0,NULL,'pending','balance_due','ruthe.pouros@kerluke.us',NULL,'2013-04-24 17:21:41.000000','2013-05-06 20:21:41',NULL,NULL);
INSERT INTO "spree_orders" VALUES(539762571,'R765156608',47.97,50.37,'complete',2.4,140587364,'2013-04-14 02:21:41.000000',421966440,42776516,0,NULL,'pending','balance_due','kenya@schmidt.uk',NULL,'2013-04-14 02:21:41.000000','2013-05-06 20:21:41',NULL,NULL);
INSERT INTO "spree_orders" VALUES(542594049,'R650146762',187.87,190.27,'complete',2.4,178711894,'2013-04-26 03:21:41.000000',910300663,48866121,0,NULL,'pending','balance_due','raymond@torpkunze.name',NULL,'2013-04-26 03:21:41.000000','2013-05-06 20:21:41',NULL,NULL);
INSERT INTO "spree_orders" VALUES(567102733,'R574661434',182.88,185.28,'complete',2.4,188543912,'2013-04-29 11:21:41.000000',936905475,57916861,0,NULL,'pending','balance_due','ocie@altenwerth.uk',NULL,'2013-04-29 11:21:41.000000','2013-05-06 20:21:41',NULL,NULL);
INSERT INTO "spree_orders" VALUES(568274416,'R065863567',82.95,84.55,'complete',1.6,187601757,'2013-05-01 02:21:41.000000',936012796,56745288,0,NULL,'pending','balance_due','kylee_shields@nader.name',NULL,'2013-05-01 02:21:41.000000','2013-05-06 20:21:41',NULL,NULL);
INSERT INTO "spree_orders" VALUES(587078949,'R247400103',47.97,50.37,'complete',2.4,135242632,'2013-04-14 13:21:41.000000',887839535,4255125,0,NULL,'pending','balance_due','owen@labadie.ca',NULL,'2013-04-14 13:21:41.000000','2013-05-06 20:21:41',NULL,NULL);
INSERT INTO "spree_orders" VALUES(596761353,'R347360354',104.94,109.34,'complete',4.4,157312430,'2013-05-03 03:21:41.000000',897883407,19868593,0,NULL,'pending','balance_due','nayeli@kassulke.com',NULL,'2013-05-03 03:21:41.000000','2013-05-06 20:21:41',NULL,NULL);
INSERT INTO "spree_orders" VALUES(601813305,'R505652441',109.94,115.44,'complete',5.5,1028376774,'2013-05-05 10:21:41.000000',540741786,979318045,0,NULL,'pending','balance_due','fleta_herzog@hoeger.com',NULL,'2013-05-05 10:21:41.000000','2013-05-06 20:21:41',NULL,NULL);
INSERT INTO "spree_orders" VALUES(615724322,'R734683533',70.96,74.51,'complete',3.55,975572189,'2013-05-06 17:21:41.000000',660001923,1026748676,0,NULL,'pending','balance_due','claudia@daugherty.info',NULL,'2013-05-06 17:21:41.000000','2013-05-06 20:21:41',NULL,NULL);
INSERT INTO "spree_orders" VALUES(620502818,'R265645224',69.96,71.76,'complete',1.8,235774389,'2013-05-03 22:21:41.000000',854153494,105050026,0,NULL,'pending','balance_due','verona@cassin.uk',NULL,'2013-05-03 22:21:41.000000','2013-05-06 20:21:41',NULL,NULL);
INSERT INTO "spree_orders" VALUES(627442156,'R114815614',31.98,33.58,'complete',1.6,261603145,'2013-04-21 16:21:41.000000',863193060,131658076,0,NULL,'pending','balance_due','priscilla@dachziemann.biz',NULL,'2013-04-21 16:21:41.000000','2013-05-06 20:21:41',NULL,NULL);
INSERT INTO "spree_orders" VALUES(648055060,'R384584564',73.95,75.55,'complete',1.6,206649281,'2013-04-28 10:21:41.000000',817221404,69106084,0,NULL,'pending','balance_due','tabitha@murphybeer.com',NULL,'2013-04-28 10:21:41.000000','2013-05-06 20:21:41',NULL,NULL);
INSERT INTO "spree_orders" VALUES(649259497,'R330478312',80.95,84.15,'complete',3.2,205739844,'2013-04-30 03:21:41.000000',816295907,67901793,0,NULL,'pending','balance_due','myrtie@witting.info',NULL,'2013-04-30 03:21:41.000000','2013-05-06 20:21:41',NULL,NULL);
INSERT INTO "spree_orders" VALUES(702619608,'R083548268',101.93,103.53,'complete',1.6,51421563,'2013-04-26 19:21:41.000000',1072978396,190836580,0,NULL,'pending','balance_due','josie@schowalterdare.biz',NULL,'2013-04-26 19:21:41.000000','2013-05-06 20:21:41',NULL,NULL);
INSERT INTO "spree_orders" VALUES(703823663,'R761317733',31.98,33.58,'complete',1.6,50512260,'2013-04-24 11:21:41.000000',1072052521,189632411,0,NULL,'pending','balance_due','robert@champlin.us',NULL,'2013-04-24 11:21:41.000000','2013-05-06 20:21:41',NULL,NULL);
INSERT INTO "spree_orders" VALUES(707237680,'R564107004',52.97,54.77,'complete',1.8,14035331,'2013-05-02 03:21:41.000000',1009963300,144271260,0,NULL,'pending','balance_due','bridgette@hayes.ca',NULL,'2013-05-02 03:21:41.000000','2013-05-06 20:21:41',NULL,NULL);
INSERT INTO "spree_orders" VALUES(726159630,'R287056111',47.97,50.37,'complete',2.4,28962723,'2013-04-15 12:21:41.000000',1029510922,167158202,0,NULL,'pending','balance_due','chaya.strosin@greennikolaus.biz',NULL,'2013-04-15 12:21:41.000000','2013-05-06 20:21:41',NULL,NULL);
INSERT INTO "spree_orders" VALUES(727331319,'R762818501',63.96,67.16,'complete',3.2,28020570,'2013-04-17 11:21:41.000000',1028618237,165986627,0,NULL,'pending','balance_due','luisa@treutel.com',NULL,'2013-04-17 11:21:41.000000','2013-05-06 20:21:41',NULL,NULL);
INSERT INTO "spree_orders" VALUES(732948771,'R041423157',63.96,67.16,'complete',3.2,22960014,'2013-04-20 23:21:41.000000',1035644717,152115607,0,NULL,'pending','balance_due','darius@bechtelargutmann.co.uk',NULL,'2013-04-20 23:21:41.000000','2013-05-06 20:21:41',NULL,NULL);
INSERT INTO "spree_orders" VALUES(733841882,'R052204885',15.99,16.79,'complete',0.8,21772151,'2013-04-23 10:21:41.000000',1034473426,151222638,0,NULL,'pending','balance_due','torrey_lindgren@jacobs.co.uk',NULL,'2013-04-23 10:21:41.000000','2013-05-06 20:21:41',NULL,NULL);
INSERT INTO "spree_orders" VALUES(740660503,'R758231586',63.96,67.16,'complete',3.2,114568122,'2013-04-16 13:21:41.000000',976278305,245065123,0,NULL,'pending','balance_due','dominique.abernathy@roob.info',NULL,'2013-04-16 13:21:41.000000','2013-05-06 20:21:41',NULL,NULL);
INSERT INTO "spree_orders" VALUES(741864942,'R537424356',31.98,33.58,'complete',1.6,113658691,'2013-04-18 23:21:41.000000',975352806,243860826,0,NULL,'pending','balance_due','kianna@hudson.us',NULL,'2013-04-18 23:21:41.000000','2013-05-06 20:21:41',NULL,NULL);
INSERT INTO "spree_orders" VALUES(750923066,'R035735765',15.99,16.79,'complete',0.8,104043415,'2013-04-19 22:21:41.000000',987196214,243064206,0,NULL,'pending','balance_due','junius_homenick@kutch.uk',NULL,'2013-04-19 22:21:41.000000','2013-05-06 20:21:41',NULL,NULL);
INSERT INTO "spree_orders" VALUES(751848899,'R766504068',15.99,16.79,'complete',0.8,102888302,'2013-04-22 16:21:41.000000',985992137,242138487,0,NULL,'pending','balance_due','dudley@gusikowski.biz',NULL,'2013-04-22 16:21:41.000000','2013-05-06 20:21:41',NULL,NULL);
INSERT INTO "spree_orders" VALUES(780983247,'R030300013',71.95,72.75,'complete',0.8,75326820,'2013-04-27 20:21:41.000000',949591493,204614523,0,NULL,'pending','balance_due','presley_abshire@quigleytorp.ca',NULL,'2013-04-27 20:21:41.000000','2013-05-06 20:21:41',NULL,NULL);
INSERT INTO "spree_orders" VALUES(782154552,'R587202185',47.97,50.37,'complete',2.4,74384795,'2013-04-25 13:21:41.000000',948698432,203443076,0,NULL,'pending','balance_due','newton.upton@mcdermottsporer.uk',NULL,'2013-04-25 13:21:41.000000','2013-05-06 20:21:41',NULL,NULL);
INSERT INTO "spree_orders" VALUES(790021435,'R231468523',175.88,179.08,'complete',3.2,99056534,'2013-04-28 02:21:41.000000',956531505,229127567,0,NULL,'pending','balance_due','marlen@mayerbrekke.biz',NULL,'2013-04-28 02:21:41.000000','2013-05-06 20:21:41',NULL,NULL);
INSERT INTO "spree_orders" VALUES(820530800,'R506488363',173.88,176.28,'complete',2.4,437907651,'2013-04-26 03:21:41.000000',654116968,307674844,0,NULL,'pending','balance_due','thalia.johnston@roberts.us',NULL,'2013-04-26 03:21:41.000000','2013-05-06 20:21:41',NULL,NULL);
INSERT INTO "spree_orders" VALUES(821702295,'R485804744',15.99,16.79,'complete',0.8,436965436,'2013-04-25 10:21:41.000000',653224093,306503203,0,NULL,'pending','balance_due','dulce.fadel@hudson.biz',NULL,'2013-04-25 10:21:41.000000','2013-05-06 20:21:41',NULL,NULL);
INSERT INTO "spree_orders" VALUES(843120822,'R830463543',47.97,50.37,'complete',2.4,414236187,'2013-04-15 03:21:41.000000',609502910,285208578,0,NULL,'pending','balance_due','dax_kovacek@mcglynnpfeffer.ca',NULL,'2013-04-15 03:21:41.000000','2013-05-06 20:21:41',NULL,NULL);
INSERT INTO "spree_orders" VALUES(844324943,'R712026770',47.97,50.37,'complete',2.4,413327074,'2013-04-17 21:21:41.000000',608577097,284004603,0,NULL,'pending','balance_due','jasen@gleasonpaucek.ca',NULL,'2013-04-17 21:21:41.000000','2013-05-06 20:21:41',NULL,NULL);
INSERT INTO "spree_orders" VALUES(849787035,'R765385177',63.96,67.16,'complete',3.2,408356406,'2013-04-21 00:21:41.000000',615775889,270026799,0,NULL,'pending','balance_due','wade@langworth.ca',NULL,'2013-04-21 00:21:41.000000','2013-05-06 20:21:41',NULL,NULL);
INSERT INTO "spree_orders" VALUES(850712674,'R280137764',63.96,67.16,'complete',3.2,407201487,'2013-04-23 05:21:41.000000',614571630,269101270,0,NULL,'pending','balance_due','jesse@zemlak.us',NULL,'2013-04-23 05:21:41.000000','2013-05-06 20:21:41',NULL,NULL);
INSERT INTO "spree_orders" VALUES(862055596,'R731542140',86.95,91.3,'complete',4.35,771020115,'2013-05-04 13:21:41.000000',813960457,719333514,0,NULL,'pending','balance_due','enoch@bayer.info',NULL,'2013-05-04 13:21:41.000000','2013-05-06 20:21:41',NULL,NULL);
INSERT INTO "spree_orders" VALUES(892126383,'R042004422',31.98,33.58,'complete',1.6,534608386,'2013-04-16 12:21:41.000000',590971557,395457563,0,NULL,'pending','balance_due','glennie@bogisich.ca',NULL,'2013-04-16 12:21:41.000000','2013-05-06 20:21:41',NULL,NULL);
INSERT INTO "spree_orders" VALUES(893297750,'R613818102',15.99,16.79,'complete',0.8,533666555,'2013-04-19 02:21:41.000000',590078562,394286306,0,NULL,'pending','balance_due','violet_rath@kessler.com',NULL,'2013-04-19 02:21:41.000000','2013-05-06 20:21:41',NULL,NULL);
INSERT INTO "spree_orders" VALUES(902528130,'R712657666',31.98,33.58,'complete',1.6,523944495,'2013-04-20 05:21:41.000000',601766538,393579574,0,NULL,'pending','balance_due','luciano.dach@kuhn.us',NULL,'2013-04-20 05:21:41.000000','2013-05-06 20:21:41',NULL,NULL);
INSERT INTO "spree_orders" VALUES(903421051,'R524088037',47.97,50.37,'complete',2.4,522756822,'2013-04-22 08:21:41.000000',600595061,392686799,0,NULL,'pending','balance_due','kendall@rogahndooley.name',NULL,'2013-04-22 08:21:41.000000','2013-05-06 20:21:41',NULL,NULL);
INSERT INTO "spree_orders" VALUES(906884218,'R580828548',82.95,84.55,'complete',1.6,486296279,'2013-04-30 02:21:41.000000',538489458,347276494,0,NULL,'pending','balance_due','adriel.weber@wilderman.com',NULL,'2013-04-30 02:21:41.000000','2013-05-06 20:21:41',NULL,NULL);
INSERT INTO "spree_orders" VALUES(931498615,'R773706601',99.93,100.73,'complete',0.8,494154972,'2013-04-27 03:21:41.000000',563137665,356219587,0,NULL,'pending','balance_due','claire.skiles@lowesimonis.ca',NULL,'2013-04-27 03:21:41.000000','2013-05-06 20:21:41',NULL,NULL);
INSERT INTO "spree_orders" VALUES(932702864,'R520761157',61.96,64.36,'complete',2.4,493245475,'2013-04-25 16:21:41.000000',562211972,355015228,0,NULL,'pending','balance_due','gregorio_harris@hand.biz',NULL,'2013-04-25 16:21:41.000000','2013-05-06 20:21:41',NULL,NULL);
INSERT INTO "spree_orders" VALUES(952376497,'R264864714',117.92,120.32,'complete',2.4,305504796,'2013-04-28 15:21:41.000000',785472187,444263433,0,NULL,'pending','balance_due','mariana@ledner.ca',NULL,'2013-04-28 15:21:41.000000','2013-05-06 20:21:41',NULL,NULL);
INSERT INTO "spree_orders" VALUES(953580620,'R712082503',69.96,71.76,'complete',1.8,304595689,'2013-05-01 21:21:41.000000',784546372,443059452,0,NULL,'pending','balance_due','delfina@murraymertz.us',NULL,'2013-05-01 21:21:41.000000','2013-05-06 20:21:41',NULL,NULL);
INSERT INTO "spree_orders" VALUES(961307330,'R621807485',31.98,33.58,'complete',1.6,331209749,'2013-04-24 00:21:41.000000',794371254,468881930,0,NULL,'pending','balance_due','herminia_blanda@feeney.name',NULL,'2013-04-24 00:21:41.000000','2013-05-06 20:21:41',NULL,NULL);
INSERT INTO "spree_orders" VALUES(983075517,'R530337703',120.93,126.13,'complete',5.2,275330066,'2013-05-02 23:21:41.000000',747490487,405174797,0,NULL,'pending','balance_due','elmer.casper@strosin.name',NULL,'2013-05-02 23:21:41.000000','2013-05-06 20:21:41',NULL,NULL);
INSERT INTO "spree_orders" VALUES(987209861,'R807314567',54.97,57.72,'complete',2.75,608344442,'2013-05-05 18:21:41.000000',959594786,592864417,0,NULL,'pending','balance_due','francesca@fadel.ca',NULL,'2013-05-05 18:21:41.000000','2013-05-06 20:21:41',NULL,NULL);
INSERT INTO "spree_orders" VALUES(1004874852,'R334886013',15.99,16.79,'complete',0.8,286560969,'2013-04-16 21:21:41.000000',770730608,425450708,0,NULL,'pending','balance_due','darius_klocko@kulas.co.uk',NULL,'2013-04-16 21:21:41.000000','2013-05-06 20:21:41',NULL,NULL);
INSERT INTO "spree_orders" VALUES(1014837421,'R004724677',63.96,67.16,'complete',3.2,378310152,'2013-04-19 11:21:41.000000',711489187,516145181,0,NULL,'pending','balance_due','clementina_morar@abshire.us',NULL,'2013-04-19 11:21:41.000000','2013-05-06 20:21:41',NULL,NULL);
INSERT INTO "spree_orders" VALUES(1035625630,'R312008605',70.96,74.51,'complete',3.55,590306657,'2013-05-06 18:21:41.000000',1046447419,607887544,0,NULL,'pending','balance_due','flavie@hoeger.name',NULL,'2013-05-06 18:21:41.000000','2013-05-06 20:21:41',NULL,NULL);
INSERT INTO "spree_orders" VALUES(1039486630,'R343740110',108.94,113.54,'complete',4.6,386199561,'2013-05-03 16:21:41.000000',736102574,525057558,0,NULL,'pending','balance_due','logan.bahringer@bergstrom.com',NULL,'2013-05-03 16:21:41.000000','2013-05-06 20:21:41',NULL,NULL);
INSERT INTO "spree_orders" VALUES(1068095656,'R558461150',133.91,137.11,'complete',3.2,358114821,'2013-04-28 03:21:41.000000',700227236,488056864,0,NULL,'pending','balance_due','malachi@glover.ca',NULL,'2013-04-28 03:21:41.000000','2013-05-06 20:21:41',NULL,NULL);
INSERT INTO "spree_orders" VALUES(1069267029,'R822783703',81.95,84.35,'complete',2.4,357172992,'2013-05-01 01:21:41.000000',699334235,486885605,0,NULL,'pending','balance_due','eldora_bashirian@donnelly.co.uk',NULL,'2013-05-01 01:21:41.000000','2013-05-06 20:21:41',NULL,NULL);
INSERT INTO "spree_orders" VALUES(1069267031,'R161814243',46,51,'complete',5,1,'2013-05-23 14:27:20.495358',1072978399,1072978400,51,909221586,'shipped','paid','ploufrom@gmail.com',NULL,'2013-05-23 14:09:14.874376','2013-05-23 14:27:20.617413','EUR','127.0.0.1');
INSERT INTO "spree_orders" VALUES(1069267032,'R334433471',32,37,'complete',5,1,'2013-05-23 18:08:46.422078',1072978401,1072978402,37,909221586,'shipped','paid','ploufrom@gmail.com',NULL,'2013-05-23 14:27:21.063528','2013-05-23 18:08:46.422078','EUR','127.0.0.1');
INSERT INTO "spree_orders" VALUES(1069267034,'R201717411',0,0,'cart',0,1,NULL,NULL,NULL,0,NULL,NULL,NULL,'ploufrom@gmail.com',NULL,'2013-07-26 09:54:02.592145','2013-07-26 09:54:02.592145','USD',NULL);
CREATE TABLE "spree_payments" ("id" INTEGER PRIMARY KEY AUTOINCREMENT NOT NULL, "amount" decimal(8,2) DEFAULT 0.0 NOT NULL, "order_id" integer, "source_id" integer, "source_type" varchar(255), "payment_method_id" integer, "state" varchar(255), "response_code" varchar(255), "avs_response" varchar(255), "created_at" datetime NOT NULL, "updated_at" datetime NOT NULL, "identifier" varchar(255));
INSERT INTO "spree_payments" VALUES(1,173.48,8567520,1,'Spree::CreditCard',193416319,'pending','12345',NULL,'2013-05-06 20:21:45.680445','2013-05-06 20:21:45.680445','MPFCRB23');
INSERT INTO "spree_payments" VALUES(2,50.37,9493021,1,'Spree::CreditCard',193416319,'pending','12345',NULL,'2013-05-06 20:21:45.767472','2013-05-06 20:21:45.767472','645UVVCF');
INSERT INTO "spree_payments" VALUES(3,33.78,17482993,1,'Spree::CreditCard',193416319,'pending','12345',NULL,'2013-05-06 20:21:45.853062','2013-05-06 20:21:45.853062','WN5NHUV3');
INSERT INTO "spree_payments" VALUES(4,67.16,36435006,1,'Spree::CreditCard',193416319,'pending','12345',NULL,'2013-05-06 20:21:46.003564','2013-05-06 20:21:46.003564','BV4TXMNH');
INSERT INTO "spree_payments" VALUES(5,33.58,37328065,1,'Spree::CreditCard',193416319,'pending','12345',NULL,'2013-05-06 20:21:46.097597','2013-05-06 20:21:46.097597','K5KR7HYP');
INSERT INTO "spree_payments" VALUES(6,16.79,46943257,1,'Spree::CreditCard',193416319,'pending','12345',NULL,'2013-05-06 20:21:46.175206','2013-05-06 20:21:46.175206','JUP3RAYU');
INSERT INTO "spree_payments" VALUES(7,50.37,48114926,1,'Spree::CreditCard',193416319,'pending','12345',NULL,'2013-05-06 20:21:46.322891','2013-05-06 20:21:46.322891','N9YE8J7J');
INSERT INTO "spree_payments" VALUES(8,115.44,73849921,1,'Spree::CreditCard',193416319,'pending','12345',NULL,'2013-05-06 20:21:46.408965','2013-05-06 20:21:46.408965','DW5XSUCV');
INSERT INTO "spree_payments" VALUES(9,67.16,88485925,1,'Spree::CreditCard',193416319,'pending','12345',NULL,'2013-05-06 20:21:46.490800','2013-05-06 20:21:46.490800','9WCFYS4P');
INSERT INTO "spree_payments" VALUES(10,50.37,89411802,1,'Spree::CreditCard',193416319,'pending','12345',NULL,'2013-05-06 20:21:46.643038','2013-05-06 20:21:46.643038','KBLJRBKV');
INSERT INTO "spree_payments" VALUES(11,67.16,94472210,1,'Spree::CreditCard',193416319,'pending','12345',NULL,'2013-05-06 20:21:46.724788','2013-05-06 20:21:46.724788','DAMEPR4T');
INSERT INTO "spree_payments" VALUES(12,67.16,95676661,1,'Spree::CreditCard',193416319,'pending','12345',NULL,'2013-05-06 20:21:46.803838','2013-05-06 20:21:46.803838','VX7HYVXG');
INSERT INTO "spree_payments" VALUES(13,159.49,133136121,1,'Spree::CreditCard',193416319,'pending','12345',NULL,'2013-05-06 20:21:46.948746','2013-05-06 20:21:46.948746','G2DC6JKF');
INSERT INTO "spree_payments" VALUES(14,16.79,134028804,1,'Spree::CreditCard',193416319,'pending','12345',NULL,'2013-05-06 20:21:47.035298','2013-05-06 20:21:47.035298','5A353XMB');
INSERT INTO "spree_payments" VALUES(15,81.15,145680447,1,'Spree::CreditCard',193416319,'pending','12345',NULL,'2013-05-06 20:21:47.119118','2013-05-06 20:21:47.119118','DSXLE2QJ');
INSERT INTO "spree_payments" VALUES(16,84.55,146573512,1,'Spree::CreditCard',193416319,'pending','12345',NULL,'2013-05-06 20:21:47.276887','2013-05-06 20:21:47.276887','TRJWVEVB');
INSERT INTO "spree_payments" VALUES(17,126.53,183664179,1,'Spree::CreditCard',193416319,'pending','12345',NULL,'2013-05-06 20:21:47.364661','2013-05-06 20:21:47.364661','DPRC3QA8');
INSERT INTO "spree_payments" VALUES(18,33.58,192544832,1,'Spree::CreditCard',193416319,'pending','12345',NULL,'2013-05-06 20:21:47.449733','2013-05-06 20:21:47.449733','SJ5BSX38');
INSERT INTO "spree_payments" VALUES(19,16.79,216145139,1,'Spree::CreditCard',193416319,'pending','12345',NULL,'2013-05-06 20:21:47.603938','2013-05-06 20:21:47.603938','SKXLJWAT');
INSERT INTO "spree_payments" VALUES(20,88.35,228571690,1,'Spree::CreditCard',193416319,'pending','12345',NULL,'2013-05-06 20:21:47.687151','2013-05-06 20:21:47.687151','TLG683PN');
INSERT INTO "spree_payments" VALUES(21,115.44,231772182,1,'Spree::CreditCard',193416319,'pending','12345',NULL,'2013-05-06 20:21:47.772912','2013-05-06 20:21:47.772912','RBJR2EEZ');
INSERT INTO "spree_payments" VALUES(22,50.37,239817259,1,'Spree::CreditCard',193416319,'pending','12345',NULL,'2013-05-06 20:21:47.924144','2013-05-06 20:21:47.924144','B59UMTVU');
INSERT INTO "spree_payments" VALUES(23,64.36,264449064,1,'Spree::CreditCard',193416319,'pending','12345',NULL,'2013-05-06 20:21:48.005929','2013-05-06 20:21:48.005929','GSULP67A');
INSERT INTO "spree_payments" VALUES(24,101.34,265374943,1,'Spree::CreditCard',193416319,'pending','12345',NULL,'2013-05-06 20:21:48.106024','2013-05-06 20:21:48.106024','XCUWNSB7');
INSERT INTO "spree_payments" VALUES(25,120.32,296204679,1,'Spree::CreditCard',193416319,'pending','12345',NULL,'2013-05-06 20:21:48.265087','2013-05-06 20:21:48.265087','4GTXD4JY');
INSERT INTO "spree_payments" VALUES(26,67.56,297130368,1,'Spree::CreditCard',193416319,'pending','12345',NULL,'2013-05-06 20:21:48.350727','2013-05-06 20:21:48.350727','ZMPMSQ9Y');
INSERT INTO "spree_payments" VALUES(27,33.58,308359551,1,'Spree::CreditCard',193416319,'pending','12345',NULL,'2013-05-06 20:21:48.433583','2013-05-06 20:21:48.433583','3R9K77NF');
INSERT INTO "spree_payments" VALUES(28,81.86,330565047,1,'Spree::CreditCard',193416319,'pending','12345',NULL,'2013-05-06 20:21:48.593909','2013-05-06 20:21:48.593909','SBYFNC94');
INSERT INTO "spree_payments" VALUES(29,187.4,335228811,1,'Spree::CreditCard',193416319,'pending','12345',NULL,'2013-05-06 20:21:48.688373','2013-05-06 20:21:48.688373','5JQS6FWA');
INSERT INTO "spree_payments" VALUES(30,54.77,345435026,1,'Spree::CreditCard',193416319,'pending','12345',NULL,'2013-05-06 20:21:48.780131','2013-05-06 20:21:48.780131','PB56LHU6');
INSERT INTO "spree_payments" VALUES(31,115.44,349815214,1,'Spree::CreditCard',193416319,'pending','12345',NULL,'2013-05-06 20:21:48.937253','2013-05-06 20:21:48.937253','4CZ8T7NV');
INSERT INTO "spree_payments" VALUES(32,50.37,368651700,1,'Spree::CreditCard',193416319,'pending','12345',NULL,'2013-05-06 20:21:49.029746','2013-05-06 20:21:49.029746','NSMURQ9U');
INSERT INTO "spree_payments" VALUES(33,72.75,382369184,1,'Spree::CreditCard',193416319,'pending','12345',NULL,'2013-05-06 20:21:49.117330','2013-05-06 20:21:49.117330','7RZ4EZRM');
INSERT INTO "spree_payments" VALUES(34,67.36,383262055,1,'Spree::CreditCard',193416319,'pending','12345',NULL,'2013-05-06 20:21:49.273279','2013-05-06 20:21:49.273279','USAHXKKA');
INSERT INTO "spree_payments" VALUES(35,95.14,391144298,1,'Spree::CreditCard',193416319,'pending','12345',NULL,'2013-05-06 20:21:49.360159','2013-05-06 20:21:49.360159','5FPPV75E');
INSERT INTO "spree_payments" VALUES(36,176.28,403830194,1,'Spree::CreditCard',193416319,'pending','12345',NULL,'2013-05-06 20:21:49.446747','2013-05-06 20:21:49.446747','XFNEHCQ6');
INSERT INTO "spree_payments" VALUES(37,128.71,428600156,1,'Spree::CreditCard',193416319,'pending','12345',NULL,'2013-05-06 20:21:49.609243','2013-05-06 20:21:49.609243','8283ZB7E');
INSERT INTO "spree_payments" VALUES(38,16.79,429493153,1,'Spree::CreditCard',193416319,'pending','12345',NULL,'2013-05-06 20:21:49.696194','2013-05-06 20:21:49.696194','TB3AFJ2Q');
INSERT INTO "spree_payments" VALUES(39,16.79,455255426,1,'Spree::CreditCard',193416319,'pending','12345',NULL,'2013-05-06 20:21:49.778910','2013-05-06 20:21:49.778910','HYLZ7X6B');
INSERT INTO "spree_payments" VALUES(40,50.37,456181117,1,'Spree::CreditCard',193416319,'pending','12345',NULL,'2013-05-06 20:21:49.933204','2013-05-06 20:21:49.933204','CGN4NJZZ');
INSERT INTO "spree_payments" VALUES(41,16.79,465903021,1,'Spree::CreditCard',193416319,'pending','12345',NULL,'2013-05-06 20:21:50.012198','2013-05-06 20:21:50.012198','SMMMRH8P');
INSERT INTO "spree_payments" VALUES(42,16.79,467107162,1,'Spree::CreditCard',193416319,'pending','12345',NULL,'2013-05-06 20:21:50.107004','2013-05-06 20:21:50.107004','QY2H46T4');
INSERT INTO "spree_payments" VALUES(43,16.79,474964377,1,'Spree::CreditCard',193416319,'pending','12345',NULL,'2013-05-06 20:21:50.264995','2013-05-06 20:21:50.264995','7TUV4PNP');
INSERT INTO "spree_payments" VALUES(44,50.37,475857254,1,'Spree::CreditCard',193416319,'pending','12345',NULL,'2013-05-06 20:21:50.345922','2013-05-06 20:21:50.345922','2SYVHZ73');
INSERT INTO "spree_payments" VALUES(45,16.79,480827830,1,'Spree::CreditCard',193416319,'pending','12345',NULL,'2013-05-06 20:21:50.426608','2013-05-06 20:21:50.426608','RQU7DHPT');
INSERT INTO "spree_payments" VALUES(46,67.16,481999185,1,'Spree::CreditCard',193416319,'pending','12345',NULL,'2013-05-06 20:21:50.580298','2013-05-06 20:21:50.580298','CZT2ASUQ');
INSERT INTO "spree_payments" VALUES(47,130.33,488679357,1,'Spree::CreditCard',193416319,'pending','12345',NULL,'2013-05-06 20:21:50.668003','2013-05-06 20:21:50.668003','XF6VDVP3');
INSERT INTO "spree_payments" VALUES(48,89.54,518401861,1,'Spree::CreditCard',193416319,'pending','12345',NULL,'2013-05-06 20:21:50.754642','2013-05-06 20:21:50.754642','YSBVSZM7');
INSERT INTO "spree_payments" VALUES(49,67.16,519327672,1,'Spree::CreditCard',193416319,'pending','12345',NULL,'2013-05-06 20:21:50.912809','2013-05-06 20:21:50.912809','PXV9YYKZ');
INSERT INTO "spree_payments" VALUES(50,50.37,539762571,1,'Spree::CreditCard',193416319,'pending','12345',NULL,'2013-05-06 20:21:50.995722','2013-05-06 20:21:50.995722','8WDEEVKA');
INSERT INTO "spree_payments" VALUES(51,190.27,542594049,1,'Spree::CreditCard',193416319,'pending','12345',NULL,'2013-05-06 20:21:51.078515','2013-05-06 20:21:51.078515','ETYVDG7R');
INSERT INTO "spree_payments" VALUES(52,185.28,567102733,1,'Spree::CreditCard',193416319,'pending','12345',NULL,'2013-05-06 20:21:51.242087','2013-05-06 20:21:51.242087','2J82DKDZ');
INSERT INTO "spree_payments" VALUES(53,84.55,568274416,1,'Spree::CreditCard',193416319,'pending','12345',NULL,'2013-05-06 20:21:51.329121','2013-05-06 20:21:51.329121','PUZCSWF5');
INSERT INTO "spree_payments" VALUES(54,50.37,587078949,1,'Spree::CreditCard',193416319,'pending','12345',NULL,'2013-05-06 20:21:51.412643','2013-05-06 20:21:51.412643','PAY9QL9U');
INSERT INTO "spree_payments" VALUES(55,109.34,596761353,1,'Spree::CreditCard',193416319,'pending','12345',NULL,'2013-05-06 20:21:51.575025','2013-05-06 20:21:51.575025','5VXHSNY7');
INSERT INTO "spree_payments" VALUES(56,115.44,601813305,1,'Spree::CreditCard',193416319,'pending','12345',NULL,'2013-05-06 20:21:51.661586','2013-05-06 20:21:51.661586','CS9BEYQV');
INSERT INTO "spree_payments" VALUES(57,74.51,615724322,1,'Spree::CreditCard',193416319,'pending','12345',NULL,'2013-05-06 20:21:51.746378','2013-05-06 20:21:51.746378','UHF8EPGA');
INSERT INTO "spree_payments" VALUES(58,71.76,620502818,1,'Spree::CreditCard',193416319,'pending','12345',NULL,'2013-05-06 20:21:51.908189','2013-05-06 20:21:51.908189','8FV8BHAE');
INSERT INTO "spree_payments" VALUES(59,33.58,627442156,1,'Spree::CreditCard',193416319,'pending','12345',NULL,'2013-05-06 20:21:51.991076','2013-05-06 20:21:51.991076','X55E3EEC');
INSERT INTO "spree_payments" VALUES(60,75.55,648055060,1,'Spree::CreditCard',193416319,'pending','12345',NULL,'2013-05-06 20:21:52.088538','2013-05-06 20:21:52.088538','JVQNYBY2');
INSERT INTO "spree_payments" VALUES(61,84.15,649259497,1,'Spree::CreditCard',193416319,'pending','12345',NULL,'2013-05-06 20:21:52.245497','2013-05-06 20:21:52.245497','637SZFPG');
INSERT INTO "spree_payments" VALUES(62,103.53,702619608,1,'Spree::CreditCard',193416319,'pending','12345',NULL,'2013-05-06 20:21:52.331855','2013-05-06 20:21:52.331855','U95T4C8M');
INSERT INTO "spree_payments" VALUES(63,33.58,703823663,1,'Spree::CreditCard',193416319,'pending','12345',NULL,'2013-05-06 20:21:52.413840','2013-05-06 20:21:52.413840','W6JDD9NN');
INSERT INTO "spree_payments" VALUES(64,54.77,707237680,1,'Spree::CreditCard',193416319,'pending','12345',NULL,'2013-05-06 20:21:52.573577','2013-05-06 20:21:52.573577','ESGXYDXA');
INSERT INTO "spree_payments" VALUES(65,50.37,726159630,1,'Spree::CreditCard',193416319,'pending','12345',NULL,'2013-05-06 20:21:52.661829','2013-05-06 20:21:52.661829','JSSJ26SP');
INSERT INTO "spree_payments" VALUES(66,67.16,727331319,1,'Spree::CreditCard',193416319,'pending','12345',NULL,'2013-05-06 20:21:52.741774','2013-05-06 20:21:52.741774','T8TTWPW5');
INSERT INTO "spree_payments" VALUES(67,67.16,732948771,1,'Spree::CreditCard',193416319,'pending','12345',NULL,'2013-05-06 20:21:52.899981','2013-05-06 20:21:52.899981','T5DLPBJ8');
INSERT INTO "spree_payments" VALUES(68,16.79,733841882,1,'Spree::CreditCard',193416319,'pending','12345',NULL,'2013-05-06 20:21:52.982444','2013-05-06 20:21:52.982444','4K422LC5');
INSERT INTO "spree_payments" VALUES(69,67.16,740660503,1,'Spree::CreditCard',193416319,'pending','12345',NULL,'2013-05-06 20:21:53.064660','2013-05-06 20:21:53.064660','SDNQEL3D');
INSERT INTO "spree_payments" VALUES(70,33.58,741864942,1,'Spree::CreditCard',193416319,'pending','12345',NULL,'2013-05-06 20:21:53.222552','2013-05-06 20:21:53.222552','SQU4V5K7');
INSERT INTO "spree_payments" VALUES(71,16.79,750923066,1,'Spree::CreditCard',193416319,'pending','12345',NULL,'2013-05-06 20:21:53.304234','2013-05-06 20:21:53.304234','G5F78A3L');
INSERT INTO "spree_payments" VALUES(72,16.79,751848899,1,'Spree::CreditCard',193416319,'pending','12345',NULL,'2013-05-06 20:21:53.386981','2013-05-06 20:21:53.386981','PVRHT8V7');
INSERT INTO "spree_payments" VALUES(73,72.75,780983247,1,'Spree::CreditCard',193416319,'pending','12345',NULL,'2013-05-06 20:21:53.551982','2013-05-06 20:21:53.551982','E68HVV9T');
INSERT INTO "spree_payments" VALUES(74,50.37,782154552,1,'Spree::CreditCard',193416319,'pending','12345',NULL,'2013-05-06 20:21:53.637297','2013-05-06 20:21:53.637297','4ERBKS4Z');
INSERT INTO "spree_payments" VALUES(75,179.08,790021435,1,'Spree::CreditCard',193416319,'pending','12345',NULL,'2013-05-06 20:21:53.719951','2013-05-06 20:21:53.719951','K5BDCJDE');
INSERT INTO "spree_payments" VALUES(76,176.28,820530800,1,'Spree::CreditCard',193416319,'pending','12345',NULL,'2013-05-06 20:21:53.885365','2013-05-06 20:21:53.885365','UTNX96SL');
INSERT INTO "spree_payments" VALUES(77,16.79,821702295,1,'Spree::CreditCard',193416319,'pending','12345',NULL,'2013-05-06 20:21:53.972159','2013-05-06 20:21:53.972159','TFM2BZMN');
INSERT INTO "spree_payments" VALUES(78,50.37,843120822,1,'Spree::CreditCard',193416319,'pending','12345',NULL,'2013-05-06 20:21:54.062603','2013-05-06 20:21:54.062603','7FHR6DUZ');
INSERT INTO "spree_payments" VALUES(79,50.37,844324943,1,'Spree::CreditCard',193416319,'pending','12345',NULL,'2013-05-06 20:21:54.222022','2013-05-06 20:21:54.222022','J6HSQAYT');
INSERT INTO "spree_payments" VALUES(80,67.16,849787035,1,'Spree::CreditCard',193416319,'pending','12345',NULL,'2013-05-06 20:21:54.302756','2013-05-06 20:21:54.302756','6UFBNMGY');
INSERT INTO "spree_payments" VALUES(81,67.16,850712674,1,'Spree::CreditCard',193416319,'pending','12345',NULL,'2013-05-06 20:21:54.389076','2013-05-06 20:21:54.389076','VF5SN7P5');
INSERT INTO "spree_payments" VALUES(82,91.3,862055596,1,'Spree::CreditCard',193416319,'pending','12345',NULL,'2013-05-06 20:21:54.557337','2013-05-06 20:21:54.557337','VKXR2DP8');
INSERT INTO "spree_payments" VALUES(83,33.58,892126383,1,'Spree::CreditCard',193416319,'pending','12345',NULL,'2013-05-06 20:21:54.641274','2013-05-06 20:21:54.641274','4DRL275Q');
INSERT INTO "spree_payments" VALUES(84,16.79,893297750,1,'Spree::CreditCard',193416319,'pending','12345',NULL,'2013-05-06 20:21:54.722646','2013-05-06 20:21:54.722646','P757ZZTW');
INSERT INTO "spree_payments" VALUES(85,33.58,902528130,1,'Spree::CreditCard',193416319,'pending','12345',NULL,'2013-05-06 20:21:54.882987','2013-05-06 20:21:54.882987','ULWJXGLY');
INSERT INTO "spree_payments" VALUES(86,50.37,903421051,1,'Spree::CreditCard',193416319,'pending','12345',NULL,'2013-05-06 20:21:54.967378','2013-05-06 20:21:54.967378','LU483CYZ');
INSERT INTO "spree_payments" VALUES(87,84.55,906884218,1,'Spree::CreditCard',193416319,'pending','12345',NULL,'2013-05-06 20:21:55.053259','2013-05-06 20:21:55.053259','PXD28A38');
INSERT INTO "spree_payments" VALUES(88,100.73,931498615,1,'Spree::CreditCard',193416319,'pending','12345',NULL,'2013-05-06 20:21:55.216882','2013-05-06 20:21:55.216882','W72F3K42');
INSERT INTO "spree_payments" VALUES(89,64.36,932702864,1,'Spree::CreditCard',193416319,'pending','12345',NULL,'2013-05-06 20:21:55.305061','2013-05-06 20:21:55.305061','KNS7BJUA');
INSERT INTO "spree_payments" VALUES(90,120.32,952376497,1,'Spree::CreditCard',193416319,'pending','12345',NULL,'2013-05-06 20:21:55.389552','2013-05-06 20:21:55.389552','YLNJXH3Y');
INSERT INTO "spree_payments" VALUES(91,71.76,953580620,1,'Spree::CreditCard',193416319,'pending','12345',NULL,'2013-05-06 20:21:55.555706','2013-05-06 20:21:55.555706','89BUG2UC');
INSERT INTO "spree_payments" VALUES(92,33.58,961307330,1,'Spree::CreditCard',193416319,'pending','12345',NULL,'2013-05-06 20:21:55.642389','2013-05-06 20:21:55.642389','AYZDDVSV');
INSERT INTO "spree_payments" VALUES(93,126.13,983075517,1,'Spree::CreditCard',193416319,'pending','12345',NULL,'2013-05-06 20:21:55.725791','2013-05-06 20:21:55.725791','373GGSKR');
INSERT INTO "spree_payments" VALUES(94,57.72,987209861,1,'Spree::CreditCard',193416319,'pending','12345',NULL,'2013-05-06 20:21:55.894391','2013-05-06 20:21:55.894391','94LQQGMD');
INSERT INTO "spree_payments" VALUES(95,16.79,1004874852,1,'Spree::CreditCard',193416319,'pending','12345',NULL,'2013-05-06 20:21:55.976941','2013-05-06 20:21:55.976941','GE6BAZEV');
INSERT INTO "spree_payments" VALUES(96,67.16,1014837421,1,'Spree::CreditCard',193416319,'pending','12345',NULL,'2013-05-06 20:21:56.066607','2013-05-06 20:21:56.066607','VV7HNTF4');
INSERT INTO "spree_payments" VALUES(97,74.51,1035625630,1,'Spree::CreditCard',193416319,'pending','12345',NULL,'2013-05-06 20:21:56.227310','2013-05-06 20:21:56.227310','LPNUA4B8');
INSERT INTO "spree_payments" VALUES(98,113.54,1039486630,1,'Spree::CreditCard',193416319,'pending','12345',NULL,'2013-05-06 20:21:56.317587','2013-05-06 20:21:56.317587','XWRNSKYV');
INSERT INTO "spree_payments" VALUES(99,137.11,1068095656,1,'Spree::CreditCard',193416319,'pending','12345',NULL,'2013-05-06 20:21:56.402157','2013-05-06 20:21:56.402157','UPRLBDL5');
INSERT INTO "spree_payments" VALUES(100,84.35,1069267029,1,'Spree::CreditCard',193416319,'pending','12345',NULL,'2013-05-06 20:21:56.566779','2013-05-06 20:21:56.566779','DTJCVMW2');
INSERT INTO "spree_payments" VALUES(101,51,1069267031,NULL,NULL,732545999,'completed',NULL,NULL,'2013-05-23 14:27:20.269550','2013-05-23 14:29:02.016047','AY2VW8GF');
INSERT INTO "spree_payments" VALUES(102,37,1069267032,NULL,NULL,732545999,'completed',NULL,NULL,'2013-05-23 18:08:46.272364','2013-05-23 18:20:26.188943','TGM2JQJH');
CREATE TABLE "spree_product_option_types" ("id" INTEGER PRIMARY KEY AUTOINCREMENT NOT NULL, "position" integer, "product_id" integer, "option_type_id" integer, "created_at" datetime NOT NULL, "updated_at" datetime NOT NULL);
INSERT INTO "spree_product_option_types" VALUES(770483856,1,1060500593,935339118,'2013-05-22 18:35:48.593101','2013-05-22 18:35:48.593101');
INSERT INTO "spree_product_option_types" VALUES(770483857,1,1060500594,935339118,'2013-05-23 13:06:38.660480','2013-05-23 13:06:38.660480');
INSERT INTO "spree_product_option_types" VALUES(770483858,1,1060500597,935339118,'2013-05-23 18:35:43.333534','2013-05-23 18:35:43.333534');
CREATE TABLE "spree_product_properties" ("id" INTEGER PRIMARY KEY AUTOINCREMENT NOT NULL, "value" varchar(255), "product_id" integer, "property_id" integer, "created_at" datetime NOT NULL, "updated_at" datetime NOT NULL, "position" integer DEFAULT 0);
CREATE TABLE "spree_products_taxons" ("product_id" integer, "taxon_id" integer);
INSERT INTO "spree_products_taxons" VALUES(1060500593,1001);
INSERT INTO "spree_products_taxons" VALUES(1060500593,207281424);
INSERT INTO "spree_products_taxons" VALUES(1060500595,558398365);
INSERT INTO "spree_products_taxons" VALUES(1060500595,558398358);
INSERT INTO "spree_products_taxons" VALUES(1060500597,20000);
INSERT INTO "spree_products_taxons" VALUES(1060500597,207281424);
CREATE TABLE "spree_properties" ("id" INTEGER PRIMARY KEY AUTOINCREMENT NOT NULL, "name" varchar(255), "presentation" varchar(255) NOT NULL, "created_at" datetime NOT NULL, "updated_at" datetime NOT NULL);
INSERT INTO "spree_properties" VALUES(39476074,'model','Model','2013-05-06 20:21:41','2013-05-06 20:21:41');
INSERT INTO "spree_properties" VALUES(161337574,'brand','Brand','2013-05-06 20:21:41','2013-05-06 20:21:41');
INSERT INTO "spree_properties" VALUES(209471856,'shirt_fabric','Fabric','2013-05-06 20:21:41','2013-05-06 20:21:41');
INSERT INTO "spree_properties" VALUES(305002717,'shirt_sleeve_length','Sleeve','2013-05-06 20:21:41','2013-05-06 20:21:41');
INSERT INTO "spree_properties" VALUES(317319559,'mug_type','Type','2013-05-06 20:21:41','2013-05-06 20:21:41');
INSERT INTO "spree_properties" VALUES(408437751,'bag_type','Type','2013-05-06 20:21:41','2013-05-06 20:21:41');
INSERT INTO "spree_properties" VALUES(560029305,'manufacturer','Manufacturer','2013-05-06 20:21:41','2013-05-06 20:21:41');
INSERT INTO "spree_properties" VALUES(591802549,'bag_size','Size','2013-05-06 20:21:41','2013-05-06 20:21:41');
INSERT INTO "spree_properties" VALUES(704092869,'mug_size','Size','2013-05-06 20:21:41','2013-05-06 20:21:41');
INSERT INTO "spree_properties" VALUES(730553315,'gender','Gender','2013-05-06 20:21:41','2013-05-06 20:21:41');
INSERT INTO "spree_properties" VALUES(793908548,'shirt_fit','fit','2013-05-06 20:21:41','2013-05-06 20:21:41');
INSERT INTO "spree_properties" VALUES(901906169,'bag_material','Material','2013-05-06 20:21:41','2013-05-06 20:21:41');
INSERT INTO "spree_properties" VALUES(905834902,'shirt_type','Type','2013-05-06 20:21:41','2013-05-06 20:21:41');
CREATE TABLE "spree_properties_prototypes" ("prototype_id" integer, "property_id" integer);
INSERT INTO "spree_properties_prototypes" VALUES(534024676,560029305);
INSERT INTO "spree_properties_prototypes" VALUES(534024676,161337574);
INSERT INTO "spree_properties_prototypes" VALUES(534024676,39476074);
INSERT INTO "spree_properties_prototypes" VALUES(534024676,905834902);
INSERT INTO "spree_properties_prototypes" VALUES(534024676,305002717);
INSERT INTO "spree_properties_prototypes" VALUES(534024676,209471856);
INSERT INTO "spree_properties_prototypes" VALUES(534024676,793908548);
INSERT INTO "spree_properties_prototypes" VALUES(534024676,730553315);
INSERT INTO "spree_properties_prototypes" VALUES(571598464,408437751);
INSERT INTO "spree_properties_prototypes" VALUES(571598464,1925472);
INSERT INTO "spree_properties_prototypes" VALUES(571598464,901906169);
INSERT INTO "spree_properties_prototypes" VALUES(559807879,704092869);
INSERT INTO "spree_properties_prototypes" VALUES(559807879,317319559);
INSERT INTO "spree_properties_prototypes" VALUES(571598465,39476074);
INSERT INTO "spree_properties_prototypes" VALUES(571598465,161337574);
CREATE TABLE "spree_prototypes" ("id" INTEGER PRIMARY KEY AUTOINCREMENT NOT NULL, "name" varchar(255), "created_at" datetime NOT NULL, "updated_at" datetime NOT NULL);
INSERT INTO "spree_prototypes" VALUES(534024676,'Shirt','2013-05-06 20:21:41','2013-05-06 20:21:41');
INSERT INTO "spree_prototypes" VALUES(559807879,'Mug','2013-05-06 20:21:41','2013-05-06 20:21:41');
INSERT INTO "spree_prototypes" VALUES(571598464,'Bag','2013-05-06 20:21:41','2013-05-06 20:21:41');
INSERT INTO "spree_prototypes" VALUES(571598465,'Type','2013-05-20 12:10:22.510344','2013-05-20 12:10:22.510344');
CREATE TABLE "spree_return_authorizations" ("id" INTEGER PRIMARY KEY AUTOINCREMENT NOT NULL, "number" varchar(255), "state" varchar(255), "amount" decimal(8,2) DEFAULT 0.0 NOT NULL, "order_id" integer, "reason" text, "created_at" datetime NOT NULL, "updated_at" datetime NOT NULL);
CREATE TABLE "spree_roles" ("id" INTEGER PRIMARY KEY AUTOINCREMENT NOT NULL, "name" varchar(255));
INSERT INTO "spree_roles" VALUES(770229923,'user');
INSERT INTO "spree_roles" VALUES(930089099,'admin');
CREATE TABLE "spree_roles_users" ("role_id" integer, "user_id" integer);
INSERT INTO "spree_roles_users" VALUES(930089099,1);
INSERT INTO "spree_roles_users" VALUES(930089099,1);
CREATE TABLE "spree_shipments" ("id" INTEGER PRIMARY KEY AUTOINCREMENT NOT NULL, "tracking" varchar(255), "number" varchar(255), "cost" decimal(8,2), "shipped_at" datetime, "order_id" integer, "shipping_method_id" integer, "address_id" integer, "state" varchar(255), "created_at" datetime NOT NULL, "updated_at" datetime NOT NULL);
INSERT INTO "spree_shipments" VALUES(7516093,NULL,'H941002475712',NULL,NULL,906884218,909221584,347276494,'pending','2013-05-06 20:21:42','2013-05-06 20:21:42');
INSERT INTO "spree_shipments" VALUES(32026953,NULL,'H18109110229110',NULL,NULL,932702864,909221584,355015228,'pending','2013-05-06 20:21:42','2013-05-06 20:21:42');
INSERT INTO "spree_shipments" VALUES(33214900,NULL,'H09991804503',NULL,NULL,931498615,909221584,356219587,'pending','2013-05-06 20:21:42','2013-05-06 20:21:42');
INSERT INTO "spree_shipments" VALUES(35341291,NULL,'H2700927100103',NULL,NULL,73849921,909221584,501684253,'pending','2013-05-06 20:21:42','2013-05-06 20:21:42');
INSERT INTO "spree_shipments" VALUES(54656917,NULL,'H33366546936',NULL,NULL,893297750,909221584,394286306,'pending','2013-05-06 20:21:42','2013-05-06 20:21:42');
INSERT INTO "spree_shipments" VALUES(55811946,NULL,'H62001367483',NULL,NULL,892126383,909221584,395457563,'pending','2013-05-06 20:21:42','2013-05-06 20:21:42');
INSERT INTO "spree_shipments" VALUES(61228994,NULL,'H0101075510765',NULL,NULL,903421051,909221584,392686799,'pending','2013-05-06 20:21:42','2013-05-06 20:21:42');
INSERT INTO "spree_shipments" VALUES(62138181,NULL,'H81091838104910',NULL,NULL,902528130,909221584,393579574,'pending','2013-05-06 20:21:42','2013-05-06 20:21:42');
INSERT INTO "spree_shipments" VALUES(70007694,NULL,'H663101414018',NULL,NULL,844324943,909221584,284004603,'pending','2013-05-06 20:21:42','2013-05-06 20:21:42');
INSERT INTO "spree_shipments" VALUES(71195505,NULL,'H62191828531',NULL,NULL,843120822,909221584,285208578,'pending','2013-05-06 20:21:42','2013-05-06 20:21:42');
INSERT INTO "spree_shipments" VALUES(80446377,NULL,'H49936356967',NULL,NULL,850712674,909221584,269101270,'pending','2013-05-06 20:21:42','2013-05-06 20:21:42');
INSERT INTO "spree_shipments" VALUES(81388382,NULL,'H4906167810103',NULL,NULL,849787035,909221584,270026799,'pending','2013-05-06 20:21:42','2013-05-06 20:21:42');
INSERT INTO "spree_shipments" VALUES(109409616,NULL,'H631107176822',NULL,NULL,821702295,909221584,306503203,'pending','2013-05-06 20:21:42','2013-05-06 20:21:42');
INSERT INTO "spree_shipments" VALUES(110564781,NULL,'H628410676258',NULL,NULL,820530800,909221584,307674844,'pending','2013-05-06 20:21:42','2013-05-06 20:21:42');
INSERT INTO "spree_shipments" VALUES(163898264,NULL,'H045826291065',NULL,NULL,1069267029,909221584,486885605,'pending','2013-05-06 20:21:42','2013-05-06 20:21:42');
INSERT INTO "spree_shipments" VALUES(165053295,NULL,'H93638831646',NULL,NULL,1068095656,909221584,488056864,'pending','2013-05-06 20:21:42','2013-05-06 20:21:42');
INSERT INTO "spree_shipments" VALUES(167930736,NULL,'H880623191015',NULL,NULL,1014837421,909221584,516145181,'pending','2013-05-06 20:21:42','2013-05-06 20:21:42');
INSERT INTO "spree_shipments" VALUES(193598819,NULL,'H1010437501497',NULL,NULL,1039486630,909221584,525057558,'pending','2013-05-06 20:21:42','2013-05-06 20:21:42');
INSERT INTO "spree_shipments" VALUES(195891138,NULL,'H93861533774',NULL,NULL,231772182,909221584,340874296,'pending','2013-05-06 20:21:42','2013-05-06 20:21:42');
INSERT INTO "spree_shipments" VALUES(216519034,NULL,'H810673045892',NULL,NULL,983075517,909221584,405174797,'pending','2013-05-06 20:21:42','2013-05-06 20:21:42');
INSERT INTO "spree_shipments" VALUES(228226979,NULL,'H33128657557',NULL,NULL,1004874852,909221584,425450708,'pending','2013-05-06 20:21:42','2013-05-06 20:21:42');
INSERT INTO "spree_shipments" VALUES(245966735,NULL,'H36470284180',NULL,NULL,953580620,909221584,443059452,'pending','2013-05-06 20:21:42','2013-05-06 20:21:42');
INSERT INTO "spree_shipments" VALUES(247154552,NULL,'H92421624247',NULL,NULL,952376497,909221584,444263433,'pending','2013-05-06 20:21:42','2013-05-06 20:21:42');
INSERT INTO "spree_shipments" VALUES(255015291,NULL,'H95107010032100',NULL,NULL,961307330,909221584,468881930,'pending','2013-05-06 20:21:42','2013-05-06 20:21:42');
INSERT INTO "spree_shipments" VALUES(281915952,NULL,'H16401174638',NULL,NULL,649259497,909221584,67901793,'pending','2013-05-06 20:21:42','2013-05-06 20:21:42');
INSERT INTO "spree_shipments" VALUES(283103959,NULL,'H32241575386',NULL,NULL,648055060,909221584,69106084,'pending','2013-05-06 20:21:42','2013-05-06 20:21:42');
INSERT INTO "spree_shipments" VALUES(310592731,NULL,'H52453878211',NULL,NULL,620502818,909221584,105050026,'pending','2013-05-06 20:21:42','2013-05-06 20:21:42');
INSERT INTO "spree_shipments" VALUES(312761982,NULL,'H9740810710590',NULL,NULL,349815214,909221584,223872400,'pending','2013-05-06 20:21:42','2013-05-06 20:21:42');
INSERT INTO "spree_shipments" VALUES(320428591,NULL,'H96570756123',NULL,NULL,627442156,909221584,131658076,'pending','2013-05-06 20:21:42','2013-05-06 20:21:42');
INSERT INTO "spree_shipments" VALUES(344016612,NULL,'H763910529310',NULL,NULL,587078949,909221584,4255125,'pending','2013-05-06 20:21:42','2013-05-06 20:21:42');
INSERT INTO "spree_shipments" VALUES(365533797,NULL,'H310281962028',NULL,NULL,330565047,909221584,171295127,'pending','2013-05-06 20:21:42','2013-05-06 20:21:42');
INSERT INTO "spree_shipments" VALUES(367952066,NULL,'H4679109808310',NULL,NULL,596761353,909221584,19868593,'pending','2013-05-06 20:21:42','2013-05-06 20:21:42');
INSERT INTO "spree_shipments" VALUES(371722298,NULL,'H1053291461020',NULL,NULL,542594049,909221584,48866121,'pending','2013-05-06 20:21:42','2013-05-06 20:21:42');
INSERT INTO "spree_shipments" VALUES(396391991,NULL,'H79275406075',NULL,NULL,568274416,909221584,56745288,'pending','2013-05-06 20:21:42','2013-05-06 20:21:42');
INSERT INTO "spree_shipments" VALUES(397547216,NULL,'H561161610820',NULL,NULL,567102733,909221584,57916861,'pending','2013-05-06 20:21:42','2013-05-06 20:21:42');
INSERT INTO "spree_shipments" VALUES(417456373,NULL,'H574361021976',NULL,NULL,782154552,909221584,203443076,'pending','2013-05-06 20:21:42','2013-05-06 20:21:42');
INSERT INTO "spree_shipments" VALUES(418611208,NULL,'H42948706017',NULL,NULL,780983247,909221584,204614523,'pending','2013-05-06 20:21:42','2013-05-06 20:21:42');
INSERT INTO "spree_shipments" VALUES(426352382,NULL,'H1101000243117',NULL,NULL,790021435,909221584,229127567,'pending','2013-05-06 20:21:42','2013-05-06 20:21:42');
INSERT INTO "spree_shipments" VALUES(440970793,NULL,'H52635813368',NULL,NULL,741864942,909221584,243860826,'pending','2013-05-06 20:21:42','2013-05-06 20:21:42');
INSERT INTO "spree_shipments" VALUES(442158806,NULL,'H8010101055107103',NULL,NULL,740660503,909221584,245065123,'pending','2013-05-06 20:21:42','2013-05-06 20:21:42');
INSERT INTO "spree_shipments" VALUES(447682054,NULL,'H09220612473',NULL,NULL,751848899,909221584,242138487,'pending','2013-05-06 20:21:42','2013-05-06 20:21:42');
INSERT INTO "spree_shipments" VALUES(448624385,NULL,'H52688950866',NULL,NULL,750923066,909221584,243064206,'pending','2013-05-06 20:21:42','2013-05-06 20:21:42');
INSERT INTO "spree_shipments" VALUES(475581673,NULL,'H810459671120',NULL,NULL,707237680,909221584,144271260,'pending','2013-05-06 20:21:42','2013-05-06 20:21:42');
INSERT INTO "spree_shipments" VALUES(488991282,NULL,'H52862876155',NULL,NULL,727331319,909221584,165986627,'pending','2013-05-06 20:21:42','2013-05-06 20:21:42');
INSERT INTO "spree_shipments" VALUES(490146509,NULL,'H783492273910',NULL,NULL,726159630,909221584,167158202,'pending','2013-05-06 20:21:42','2013-05-06 20:21:42');
INSERT INTO "spree_shipments" VALUES(499307037,NULL,'H109944485622',NULL,NULL,733841882,909221584,151222638,'pending','2013-05-06 20:21:42','2013-05-06 20:21:42');
INSERT INTO "spree_shipments" VALUES(500216554,NULL,'H796217105248',NULL,NULL,732948771,909221584,152115607,'pending','2013-05-06 20:21:42','2013-05-06 20:21:42');
INSERT INTO "spree_shipments" VALUES(529278188,NULL,'H102034159906',NULL,NULL,703823663,909221584,189632411,'pending','2013-05-06 20:21:42','2013-05-06 20:21:42');
INSERT INTO "spree_shipments" VALUES(530465809,NULL,'H79317222117',NULL,NULL,702619608,909221584,190836580,'pending','2013-05-06 20:21:42','2013-05-06 20:21:42');
INSERT INTO "spree_shipments" VALUES(547833508,NULL,'H470741110918',NULL,NULL,383262055,909221584,879160787,'pending','2013-05-06 20:21:42','2013-05-06 20:21:42');
INSERT INTO "spree_shipments" VALUES(548742745,NULL,'H5401103467102',NULL,NULL,382369184,909221584,880053548,'pending','2013-05-06 20:21:42','2013-05-06 20:21:42');
INSERT INTO "spree_shipments" VALUES(556742829,NULL,'H819371610230',NULL,NULL,391144298,909221584,904827870,'pending','2013-05-06 20:21:42','2013-05-06 20:21:42');
INSERT INTO "spree_shipments" VALUES(583969526,NULL,'H75504234599',NULL,NULL,615724322,909221584,1026748676,'pending','2013-05-06 20:21:42','2013-05-06 20:21:42');
INSERT INTO "spree_shipments" VALUES(585740373,NULL,'H485650541018',NULL,NULL,345435026,909221584,908598054,'pending','2013-05-06 20:21:42','2013-05-06 20:21:42');
INSERT INTO "spree_shipments" VALUES(596014713,NULL,'H33621254401',NULL,NULL,368651700,909221584,927456520,'pending','2013-05-06 20:21:42','2013-05-06 20:21:42');
INSERT INTO "spree_shipments" VALUES(605973176,NULL,'H8109610938687',NULL,NULL,308359551,909221584,819970507,'pending','2013-05-06 20:21:42','2013-05-06 20:21:42');
INSERT INTO "spree_shipments" VALUES(629437518,NULL,'H49408104213',NULL,NULL,335228811,909221584,826662719,'pending','2013-05-06 20:21:42','2013-05-06 20:21:42');
INSERT INTO "spree_shipments" VALUES(631467759,NULL,'H81911101080106',NULL,NULL,601813305,909221584,979318045,'pending','2013-05-06 20:21:42','2013-05-06 20:21:42');
INSERT INTO "spree_shipments" VALUES(667583165,NULL,'H750892277108',NULL,NULL,297130368,909221584,856369612,'pending','2013-05-06 20:21:42','2013-05-06 20:21:42');
INSERT INTO "spree_shipments" VALUES(668525120,NULL,'H160910602518',NULL,NULL,296204679,909221584,857295155,'pending','2013-05-06 20:21:42','2013-05-06 20:21:42');
INSERT INTO "spree_shipments" VALUES(680203391,NULL,'H6610767391010',NULL,NULL,519327672,909221584,1011531536,'pending','2013-05-06 20:21:42','2013-05-06 20:21:42');
INSERT INTO "spree_shipments" VALUES(681145480,NULL,'H1001250610431',NULL,NULL,518401861,909221584,1012457461,'pending','2013-05-06 20:21:42','2013-05-06 20:21:42');
INSERT INTO "spree_shipments" VALUES(706894503,NULL,'H891045838241',NULL,NULL,475857254,909221584,1055125974,'pending','2013-05-06 20:21:42','2013-05-06 20:21:42');
INSERT INTO "spree_shipments" VALUES(707803742,NULL,'H717464100004',NULL,NULL,474964377,909221584,1056018737,'pending','2013-05-06 20:21:42','2013-05-06 20:21:42');
INSERT INTO "spree_shipments" VALUES(717611658,NULL,'H910720892346',NULL,NULL,481999185,909221584,1040468473,'pending','2013-05-06 20:21:42','2013-05-06 20:21:42');
INSERT INTO "spree_shipments" VALUES(718766707,NULL,'H4781010920897',NULL,NULL,480827830,909221584,1041639686,'pending','2013-05-06 20:21:42','2013-05-06 20:21:42');
INSERT INTO "spree_shipments" VALUES(727710848,NULL,'H001080470206',NULL,NULL,488679357,909221584,1067341581,'pending','2013-05-06 20:21:42','2013-05-06 20:21:42');
INSERT INTO "spree_shipments" VALUES(760192702,NULL,'H121051309973',NULL,NULL,456181117,909221584,965621197,'pending','2013-05-06 20:21:42','2013-05-06 20:21:42');
INSERT INTO "spree_shipments" VALUES(761134663,NULL,'H91073956721',NULL,NULL,455255426,909221584,966546746,'pending','2013-05-06 20:21:42','2013-05-06 20:21:42');
INSERT INTO "spree_shipments" VALUES(765994643,NULL,'H635910150470',NULL,NULL,467107162,909221584,963218914,'pending','2013-05-06 20:21:42','2013-05-06 20:21:42');
INSERT INTO "spree_shipments" VALUES(767182442,NULL,'H60632152234',NULL,NULL,465903021,909221584,964422941,'pending','2013-05-06 20:21:42','2013-05-06 20:21:42');
INSERT INTO "spree_shipments" VALUES(779005547,NULL,'H51524205718',NULL,NULL,403830194,909221584,984548634,'pending','2013-05-06 20:21:42','2013-05-06 20:21:42');
INSERT INTO "spree_shipments" VALUES(803655784,NULL,'H882996421040',NULL,NULL,429493153,909221584,992443161,'pending','2013-05-06 20:21:42','2013-05-06 20:21:42');
INSERT INTO "spree_shipments" VALUES(804565151,NULL,'H84549244811',NULL,NULL,428600156,909221584,993336300,'pending','2013-05-06 20:21:42','2013-05-06 20:21:42');
INSERT INTO "spree_shipments" VALUES(830621127,NULL,'H6731091073460',NULL,NULL,134028804,909221584,625209012,'pending','2013-05-06 20:21:42','2013-05-06 20:21:42');
INSERT INTO "spree_shipments" VALUES(831530304,NULL,'H3610175523101',NULL,NULL,133136121,909221584,626101841,'pending','2013-05-06 20:21:42','2013-05-06 20:21:42');
INSERT INTO "spree_shipments" VALUES(858458911,NULL,'H63969502646',NULL,NULL,89411802,909221584,669687922,'pending','2013-05-06 20:21:42','2013-05-06 20:21:42');
INSERT INTO "spree_shipments" VALUES(859401190,NULL,'H284410688791',NULL,NULL,88485925,909221584,670613653,'pending','2013-05-06 20:21:42','2013-05-06 20:21:42');
INSERT INTO "spree_shipments" VALUES(869053234,NULL,'H991080804512',NULL,NULL,95676661,909221584,655169605,'pending','2013-05-06 20:21:42','2013-05-06 20:21:42');
INSERT INTO "spree_shipments" VALUES(870241227,NULL,'H13133428591',NULL,NULL,94472210,909221584,656373946,'pending','2013-05-06 20:21:42','2013-05-06 20:21:42');
INSERT INTO "spree_shipments" VALUES(877055750,NULL,'H4323101231050',NULL,NULL,37328065,909221584,545743993,'pending','2013-05-06 20:21:42','2013-05-06 20:21:42');
INSERT INTO "spree_shipments" VALUES(877965311,NULL,'H393951039203',NULL,NULL,36435006,909221584,546636942,'pending','2013-05-06 20:21:42','2013-05-06 20:21:42');
INSERT INTO "spree_shipments" VALUES(882997035,NULL,'H708728810474',NULL,NULL,48114926,909221584,543218782,'pending','2013-05-06 20:21:42','2013-05-06 20:21:42');
INSERT INTO "spree_shipments" VALUES(884152274,NULL,'H210381620153',NULL,NULL,46943257,909221584,544390305,'pending','2013-05-06 20:21:42','2013-05-06 20:21:42');
INSERT INTO "spree_shipments" VALUES(891057020,NULL,'H97143663454',NULL,NULL,862055596,909221584,719333514,'pending','2013-05-06 20:21:42','2013-05-06 20:21:42');
INSERT INTO "spree_shipments" VALUES(921666016,NULL,'H024610572920',NULL,NULL,9493021,909221584,573450925,'pending','2013-05-06 20:21:42','2013-05-06 20:21:42');
INSERT INTO "spree_shipments" VALUES(922607911,NULL,'H010801099991010',NULL,NULL,8567520,909221584,574376536,'pending','2013-05-06 20:21:42','2013-05-06 20:21:42');
INSERT INTO "spree_shipments" VALUES(930455338,NULL,'H15577858885',NULL,NULL,17482993,909221584,599012441,'pending','2013-05-06 20:21:42','2013-05-06 20:21:42');
INSERT INTO "spree_shipments" VALUES(942934510,NULL,'H54174644483',NULL,NULL,239817259,909221584,754295455,'pending','2013-05-06 20:21:42','2013-05-06 20:21:42');
INSERT INTO "spree_shipments" VALUES(967710488,NULL,'H47894087533',NULL,NULL,265374943,909221584,762297451,'pending','2013-05-06 20:21:42','2013-05-06 20:21:42');
INSERT INTO "spree_shipments" VALUES(968652773,NULL,'H108835567477',NULL,NULL,264449064,909221584,763223188,'pending','2013-05-06 20:21:42','2013-05-06 20:21:42');
INSERT INTO "spree_shipments" VALUES(983385912,NULL,'H51010687653610',NULL,NULL,216145139,909221584,777841735,'pending','2013-05-06 20:21:42','2013-05-06 20:21:42');
INSERT INTO "spree_shipments" VALUES(1002961742,NULL,'H105264645104',NULL,NULL,1035625630,909221584,607887544,'pending','2013-05-06 20:21:42','2013-05-06 20:21:42');
INSERT INTO "spree_shipments" VALUES(1004593649,NULL,'H587302106071',NULL,NULL,228571690,909221584,790710942,'pending','2013-05-06 20:21:42','2013-05-06 20:21:42');
INSERT INTO "spree_shipments" VALUES(1015883258,NULL,'H109574659557',NULL,NULL,183664179,909221584,676105863,'pending','2013-05-06 20:21:42','2013-05-06 20:21:42');
INSERT INTO "spree_shipments" VALUES(1017790295,NULL,'H721099734116',NULL,NULL,987209861,909221584,592864417,'pending','2013-05-06 20:21:42','2013-05-06 20:21:42');
INSERT INTO "spree_shipments" VALUES(1020487291,NULL,'H995481094844',NULL,NULL,539762571,909221584,42776516,'pending','2013-05-06 20:21:42','2013-05-06 20:21:42');
INSERT INTO "spree_shipments" VALUES(1023761401,NULL,'H34950796396',NULL,NULL,192544832,909221584,700772492,'pending','2013-05-06 20:21:42','2013-05-06 20:21:42');
INSERT INTO "spree_shipments" VALUES(1053020929,NULL,'H49253722895',NULL,NULL,146573512,909221584,704804980,'pending','2013-05-06 20:21:42','2013-05-06 20:21:42');
INSERT INTO "spree_shipments" VALUES(1053930492,NULL,'H4410718963109',NULL,NULL,145680447,909221584,705697931,'pending','2013-05-06 20:21:42','2013-05-06 20:21:42');
INSERT INTO "spree_shipments" VALUES(1053930494,'Paris','H01468835573',NULL,'2013-05-23 14:36:50.921930',1069267031,909221586,1072978400,'shipped','2013-05-23 14:32:37.728242','2013-05-23 14:36:50.921930');
INSERT INTO "spree_shipments" VALUES(1053930495,NULL,'H41114268256',NULL,'2013-05-23 18:22:39.525215',1069267032,909221586,1072978402,'shipped','2013-05-23 18:02:50.965472','2013-05-23 18:22:39.525215');
CREATE TABLE "spree_shipping_categories" ("id" INTEGER PRIMARY KEY AUTOINCREMENT NOT NULL, "name" varchar(255), "created_at" datetime NOT NULL, "updated_at" datetime NOT NULL);
INSERT INTO "spree_shipping_categories" VALUES(727197546,'Default Shipping','2013-05-06 20:21:42','2013-05-06 20:21:42');
CREATE TABLE "spree_shipping_methods" ("id" INTEGER PRIMARY KEY AUTOINCREMENT NOT NULL, "name" varchar(255), "zone_id" integer, "display_on" varchar(255), "shipping_category_id" integer, "match_none" boolean, "match_all" boolean, "match_one" boolean, "deleted_at" datetime, "created_at" datetime NOT NULL, "updated_at" datetime NOT NULL);
INSERT INTO "spree_shipping_methods" VALUES(144256889,'UPS Ground (EUR)',2,NULL,NULL,NULL,NULL,NULL,NULL,'2013-05-06 20:21:42','2013-05-06 20:21:42');
INSERT INTO "spree_shipping_methods" VALUES(273448578,'UPS One Day (USD)',2,NULL,NULL,NULL,NULL,NULL,NULL,'2013-05-06 20:21:42','2013-05-06 20:21:42');
INSERT INTO "spree_shipping_methods" VALUES(319692212,'UPS Two Day (USD)',2,NULL,NULL,NULL,NULL,NULL,NULL,'2013-05-06 20:21:42','2013-05-06 20:21:42');
INSERT INTO "spree_shipping_methods" VALUES(909221584,'UPS Ground (USD)',2,NULL,NULL,NULL,NULL,NULL,NULL,'2013-05-06 20:21:42','2013-05-06 20:21:42');
INSERT INTO "spree_shipping_methods" VALUES(909221585,'Europe (EUR)',1,'',727197546,'f','f','f',NULL,'2013-05-23 14:11:38.326799','2013-05-23 14:23:32.177729');
INSERT INTO "spree_shipping_methods" VALUES(909221586,'France (EUR)',3,'',NULL,'f','f','f',NULL,'2013-05-23 14:26:17.950421','2013-05-23 14:26:17.950421');
INSERT INTO "spree_shipping_methods" VALUES(909221587,'Collisssim',1,'',NULL,'f','f','f',NULL,'2013-05-23 17:44:21.402743','2013-05-23 17:44:21.402743');
CREATE TABLE "spree_state_changes" ("id" INTEGER PRIMARY KEY AUTOINCREMENT NOT NULL, "name" varchar(255), "previous_state" varchar(255), "stateful_id" integer, "user_id" integer, "stateful_type" varchar(255), "next_state" varchar(255), "created_at" datetime NOT NULL, "updated_at" datetime NOT NULL);
INSERT INTO "spree_state_changes" VALUES(1,'payment',NULL,8567520,712180813,'Spree::Order','balance_due','2013-05-06 20:21:45.405336','2013-05-06 20:21:45.405336');
INSERT INTO "spree_state_changes" VALUES(2,'shipment',NULL,8567520,712180813,'Spree::Order','pending','2013-05-06 20:21:45.490608','2013-05-06 20:21:45.490608');
INSERT INTO "spree_state_changes" VALUES(3,'payment','balance_due',8567520,712180813,'Spree::Order','balance_due','2013-05-06 20:21:45.691542','2013-05-06 20:21:45.691542');
INSERT INTO "spree_state_changes" VALUES(4,'shipment','pending',8567520,712180813,'Spree::Order','pending','2013-05-06 20:21:45.700200','2013-05-06 20:21:45.700200');
INSERT INTO "spree_state_changes" VALUES(5,'payment',NULL,9493021,711025848,'Spree::Order','balance_due','2013-05-06 20:21:45.731825','2013-05-06 20:21:45.731825');
INSERT INTO "spree_state_changes" VALUES(6,'shipment',NULL,9493021,711025848,'Spree::Order','pending','2013-05-06 20:21:45.742989','2013-05-06 20:21:45.742989');
INSERT INTO "spree_state_changes" VALUES(7,'payment','balance_due',9493021,711025848,'Spree::Order','balance_due','2013-05-06 20:21:45.776157','2013-05-06 20:21:45.776157');
INSERT INTO "spree_state_changes" VALUES(8,'shipment','pending',9493021,711025848,'Spree::Order','pending','2013-05-06 20:21:45.784617','2013-05-06 20:21:45.784617');
INSERT INTO "spree_state_changes" VALUES(9,'payment',NULL,17482993,737901126,'Spree::Order','balance_due','2013-05-06 20:21:45.812334','2013-05-06 20:21:45.812334');
INSERT INTO "spree_state_changes" VALUES(10,'shipment',NULL,17482993,737901126,'Spree::Order','pending','2013-05-06 20:21:45.825633','2013-05-06 20:21:45.825633');
INSERT INTO "spree_state_changes" VALUES(11,'payment','balance_due',17482993,737901126,'Spree::Order','balance_due','2013-05-06 20:21:45.862768','2013-05-06 20:21:45.862768');
INSERT INTO "spree_state_changes" VALUES(12,'shipment','pending',17482993,737901126,'Spree::Order','pending','2013-05-06 20:21:45.871068','2013-05-06 20:21:45.871068');
INSERT INTO "spree_state_changes" VALUES(13,'payment',NULL,36435006,685394585,'Spree::Order','balance_due','2013-05-06 20:21:45.899797','2013-05-06 20:21:45.899797');
INSERT INTO "spree_state_changes" VALUES(14,'shipment',NULL,36435006,685394585,'Spree::Order','pending','2013-05-06 20:21:45.911063','2013-05-06 20:21:45.911063');
INSERT INTO "spree_state_changes" VALUES(15,'payment','balance_due',36435006,685394585,'Spree::Order','balance_due','2013-05-06 20:21:46.011848','2013-05-06 20:21:46.011848');
INSERT INTO "spree_state_changes" VALUES(16,'shipment','pending',36435006,685394585,'Spree::Order','pending','2013-05-06 20:21:46.022052','2013-05-06 20:21:46.022052');
INSERT INTO "spree_state_changes" VALUES(17,'payment',NULL,37328065,684206702,'Spree::Order','balance_due','2013-05-06 20:21:46.058288','2013-05-06 20:21:46.058288');
INSERT INTO "spree_state_changes" VALUES(18,'shipment',NULL,37328065,684206702,'Spree::Order','pending','2013-05-06 20:21:46.073559','2013-05-06 20:21:46.073559');
INSERT INTO "spree_state_changes" VALUES(19,'payment','balance_due',37328065,684206702,'Spree::Order','balance_due','2013-05-06 20:21:46.107264','2013-05-06 20:21:46.107264');
INSERT INTO "spree_state_changes" VALUES(20,'shipment','pending',37328065,684206702,'Spree::Order','pending','2013-05-06 20:21:46.115522','2013-05-06 20:21:46.115522');
INSERT INTO "spree_state_changes" VALUES(21,'payment',NULL,46943257,675148478,'Spree::Order','balance_due','2013-05-06 20:21:46.141469','2013-05-06 20:21:46.141469');
INSERT INTO "spree_state_changes" VALUES(22,'shipment',NULL,46943257,675148478,'Spree::Order','pending','2013-05-06 20:21:46.153248','2013-05-06 20:21:46.153248');
INSERT INTO "spree_state_changes" VALUES(23,'payment','balance_due',46943257,675148478,'Spree::Order','balance_due','2013-05-06 20:21:46.185432','2013-05-06 20:21:46.185432');
INSERT INTO "spree_state_changes" VALUES(24,'shipment','pending',46943257,675148478,'Spree::Order','pending','2013-05-06 20:21:46.193159','2013-05-06 20:21:46.193159');
INSERT INTO "spree_state_changes" VALUES(25,'payment',NULL,48114926,674206273,'Spree::Order','balance_due','2013-05-06 20:21:46.217420','2013-05-06 20:21:46.217420');
INSERT INTO "spree_state_changes" VALUES(26,'shipment',NULL,48114926,674206273,'Spree::Order','pending','2013-05-06 20:21:46.232348','2013-05-06 20:21:46.232348');
INSERT INTO "spree_state_changes" VALUES(27,'payment','balance_due',48114926,674206273,'Spree::Order','balance_due','2013-05-06 20:21:46.331372','2013-05-06 20:21:46.331372');
INSERT INTO "spree_state_changes" VALUES(28,'shipment','pending',48114926,674206273,'Spree::Order','pending','2013-05-06 20:21:46.340181','2013-05-06 20:21:46.340181');
INSERT INTO "spree_state_changes" VALUES(29,'payment',NULL,73849921,452191684,'Spree::Order','balance_due','2013-05-06 20:21:46.368982','2013-05-06 20:21:46.368982');
INSERT INTO "spree_state_changes" VALUES(30,'shipment',NULL,73849921,452191684,'Spree::Order','pending','2013-05-06 20:21:46.380833','2013-05-06 20:21:46.380833');
INSERT INTO "spree_state_changes" VALUES(31,'payment','balance_due',73849921,452191684,'Spree::Order','balance_due','2013-05-06 20:21:46.417003','2013-05-06 20:21:46.417003');
INSERT INTO "spree_state_changes" VALUES(32,'shipment','pending',73849921,452191684,'Spree::Order','pending','2013-05-06 20:21:46.425487','2013-05-06 20:21:46.425487');
INSERT INTO "spree_state_changes" VALUES(33,'payment',NULL,88485925,800558738,'Spree::Order','balance_due','2013-05-06 20:21:46.454150','2013-05-06 20:21:46.454150');
INSERT INTO "spree_state_changes" VALUES(34,'shipment',NULL,88485925,800558738,'Spree::Order','pending','2013-05-06 20:21:46.466590','2013-05-06 20:21:46.466590');
INSERT INTO "spree_state_changes" VALUES(35,'payment','balance_due',88485925,800558738,'Spree::Order','balance_due','2013-05-06 20:21:46.498779','2013-05-06 20:21:46.498779');
INSERT INTO "spree_state_changes" VALUES(36,'shipment','pending',88485925,800558738,'Spree::Order','pending','2013-05-06 20:21:46.507330','2013-05-06 20:21:46.507330');
INSERT INTO "spree_state_changes" VALUES(37,'payment',NULL,89411802,799403637,'Spree::Order','balance_due','2013-05-06 20:21:46.534576','2013-05-06 20:21:46.534576');
INSERT INTO "spree_state_changes" VALUES(38,'shipment',NULL,89411802,799403637,'Spree::Order','pending','2013-05-06 20:21:46.546224','2013-05-06 20:21:46.546224');
INSERT INTO "spree_state_changes" VALUES(39,'payment','balance_due',89411802,799403637,'Spree::Order','balance_due','2013-05-06 20:21:46.652222','2013-05-06 20:21:46.652222');
INSERT INTO "spree_state_changes" VALUES(40,'shipment','pending',89411802,799403637,'Spree::Order','pending','2013-05-06 20:21:46.659861','2013-05-06 20:21:46.659861');
INSERT INTO "spree_state_changes" VALUES(41,'payment',NULL,94472210,793786021,'Spree::Order','balance_due','2013-05-06 20:21:46.687516','2013-05-06 20:21:46.687516');
INSERT INTO "spree_state_changes" VALUES(42,'shipment',NULL,94472210,793786021,'Spree::Order','pending','2013-05-06 20:21:46.699273','2013-05-06 20:21:46.699273');
INSERT INTO "spree_state_changes" VALUES(43,'payment','balance_due',94472210,793786021,'Spree::Order','balance_due','2013-05-06 20:21:46.733478','2013-05-06 20:21:46.733478');
INSERT INTO "spree_state_changes" VALUES(44,'shipment','pending',94472210,793786021,'Spree::Order','pending','2013-05-06 20:21:46.741511','2013-05-06 20:21:46.741511');
INSERT INTO "spree_state_changes" VALUES(45,'payment',NULL,95676661,792876634,'Spree::Order','balance_due','2013-05-06 20:21:46.767985','2013-05-06 20:21:46.767985');
INSERT INTO "spree_state_changes" VALUES(46,'shipment',NULL,95676661,792876634,'Spree::Order','pending','2013-05-06 20:21:46.779705','2013-05-06 20:21:46.779705');
INSERT INTO "spree_state_changes" VALUES(47,'payment','balance_due',95676661,792876634,'Spree::Order','balance_due','2013-05-06 20:21:46.812682','2013-05-06 20:21:46.812682');
INSERT INTO "spree_state_changes" VALUES(48,'shipment','pending',95676661,792876634,'Spree::Order','pending','2013-05-06 20:21:46.821396','2013-05-06 20:21:46.821396');
INSERT INTO "spree_state_changes" VALUES(49,'payment',NULL,133136121,756990036,'Spree::Order','balance_due','2013-05-06 20:21:46.847810','2013-05-06 20:21:46.847810');
INSERT INTO "spree_state_changes" VALUES(50,'shipment',NULL,133136121,756990036,'Spree::Order','pending','2013-05-06 20:21:46.860550','2013-05-06 20:21:46.860550');
INSERT INTO "spree_state_changes" VALUES(51,'payment','balance_due',133136121,756990036,'Spree::Order','balance_due','2013-05-06 20:21:46.957143','2013-05-06 20:21:46.957143');
INSERT INTO "spree_state_changes" VALUES(52,'shipment','pending',133136121,756990036,'Spree::Order','pending','2013-05-06 20:21:46.966331','2013-05-06 20:21:46.966331');
INSERT INTO "spree_state_changes" VALUES(53,'payment',NULL,134028804,755802289,'Spree::Order','balance_due','2013-05-06 20:21:46.998475','2013-05-06 20:21:46.998475');
INSERT INTO "spree_state_changes" VALUES(54,'shipment',NULL,134028804,755802289,'Spree::Order','pending','2013-05-06 20:21:47.010551','2013-05-06 20:21:47.010551');
INSERT INTO "spree_state_changes" VALUES(55,'payment','balance_due',134028804,755802289,'Spree::Order','balance_due','2013-05-06 20:21:47.042960','2013-05-06 20:21:47.042960');
INSERT INTO "spree_state_changes" VALUES(56,'shipment','pending',134028804,755802289,'Spree::Order','pending','2013-05-06 20:21:47.051750','2013-05-06 20:21:47.051750');
INSERT INTO "spree_state_changes" VALUES(57,'payment',NULL,145680447,576673428,'Spree::Order','balance_due','2013-05-06 20:21:47.078073','2013-05-06 20:21:47.078073');
INSERT INTO "spree_state_changes" VALUES(58,'shipment',NULL,145680447,576673428,'Spree::Order','pending','2013-05-06 20:21:47.089777','2013-05-06 20:21:47.089777');
INSERT INTO "spree_state_changes" VALUES(59,'payment','balance_due',145680447,576673428,'Spree::Order','balance_due','2013-05-06 20:21:47.127180','2013-05-06 20:21:47.127180');
INSERT INTO "spree_state_changes" VALUES(60,'shipment','pending',145680447,576673428,'Spree::Order','pending','2013-05-06 20:21:47.137425','2013-05-06 20:21:47.137425');
INSERT INTO "spree_state_changes" VALUES(61,'payment',NULL,146573512,575485547,'Spree::Order','balance_due','2013-05-06 20:21:47.165155','2013-05-06 20:21:47.165155');
INSERT INTO "spree_state_changes" VALUES(62,'shipment',NULL,146573512,575485547,'Spree::Order','pending','2013-05-06 20:21:47.181494','2013-05-06 20:21:47.181494');
INSERT INTO "spree_state_changes" VALUES(63,'payment','balance_due',146573512,575485547,'Spree::Order','balance_due','2013-05-06 20:21:47.285728','2013-05-06 20:21:47.285728');
INSERT INTO "spree_state_changes" VALUES(64,'shipment','pending',146573512,575485547,'Spree::Order','pending','2013-05-06 20:21:47.293855','2013-05-06 20:21:47.293855');
INSERT INTO "spree_state_changes" VALUES(65,'payment',NULL,183664179,537116830,'Spree::Order','balance_due','2013-05-06 20:21:47.322601','2013-05-06 20:21:47.322601');
INSERT INTO "spree_state_changes" VALUES(66,'shipment',NULL,183664179,537116830,'Spree::Order','pending','2013-05-06 20:21:47.334489','2013-05-06 20:21:47.334489');
INSERT INTO "spree_state_changes" VALUES(67,'payment','balance_due',183664179,537116830,'Spree::Order','balance_due','2013-05-06 20:21:47.372791','2013-05-06 20:21:47.372791');
INSERT INTO "spree_state_changes" VALUES(68,'shipment','pending',183664179,537116830,'Spree::Order','pending','2013-05-06 20:21:47.382105','2013-05-06 20:21:47.382105');
INSERT INTO "spree_state_changes" VALUES(69,'payment',NULL,192544832,562806419,'Spree::Order','balance_due','2013-05-06 20:21:47.413592','2013-05-06 20:21:47.413592');
INSERT INTO "spree_state_changes" VALUES(70,'shipment',NULL,192544832,562806419,'Spree::Order','pending','2013-05-06 20:21:47.426645','2013-05-06 20:21:47.426645');
INSERT INTO "spree_state_changes" VALUES(71,'payment','balance_due',192544832,562806419,'Spree::Order','balance_due','2013-05-06 20:21:47.458440','2013-05-06 20:21:47.458440');
INSERT INTO "spree_state_changes" VALUES(72,'shipment','pending',192544832,562806419,'Spree::Order','pending','2013-05-06 20:21:47.468798','2013-05-06 20:21:47.468798');
INSERT INTO "spree_state_changes" VALUES(73,'payment',NULL,216145139,638820960,'Spree::Order','balance_due','2013-05-06 20:21:47.496215','2013-05-06 20:21:47.496215');
INSERT INTO "spree_state_changes" VALUES(74,'shipment',NULL,216145139,638820960,'Spree::Order','pending','2013-05-06 20:21:47.510198','2013-05-06 20:21:47.510198');
INSERT INTO "spree_state_changes" VALUES(75,'payment','balance_due',216145139,638820960,'Spree::Order','balance_due','2013-05-06 20:21:47.612153','2013-05-06 20:21:47.612153');
INSERT INTO "spree_state_changes" VALUES(76,'shipment','pending',216145139,638820960,'Spree::Order','pending','2013-05-06 20:21:47.620089','2013-05-06 20:21:47.620089');
INSERT INTO "spree_state_changes" VALUES(77,'payment',NULL,228571690,661521543,'Spree::Order','balance_due','2013-05-06 20:21:47.646919','2013-05-06 20:21:47.646919');
INSERT INTO "spree_state_changes" VALUES(78,'shipment',NULL,228571690,661521543,'Spree::Order','pending','2013-05-06 20:21:47.658638','2013-05-06 20:21:47.658638');
INSERT INTO "spree_state_changes" VALUES(79,'payment','balance_due',228571690,661521543,'Spree::Order','balance_due','2013-05-06 20:21:47.694976','2013-05-06 20:21:47.694976');
INSERT INTO "spree_state_changes" VALUES(80,'shipment','pending',228571690,661521543,'Spree::Order','pending','2013-05-06 20:21:47.703259','2013-05-06 20:21:47.703259');
INSERT INTO "spree_state_changes" VALUES(81,'payment',NULL,231772182,323332591,'Spree::Order','balance_due','2013-05-06 20:21:47.733730','2013-05-06 20:21:47.733730');
INSERT INTO "spree_state_changes" VALUES(82,'shipment',NULL,231772182,323332591,'Spree::Order','pending','2013-05-06 20:21:47.745644','2013-05-06 20:21:47.745644');
INSERT INTO "spree_state_changes" VALUES(83,'payment','balance_due',231772182,323332591,'Spree::Order','balance_due','2013-05-06 20:21:47.781176','2013-05-06 20:21:47.781176');
INSERT INTO "spree_state_changes" VALUES(84,'shipment','pending',231772182,323332591,'Spree::Order','pending','2013-05-06 20:21:47.789585','2013-05-06 20:21:47.789585');
INSERT INTO "spree_state_changes" VALUES(85,'payment',NULL,239817259,616230022,'Spree::Order','balance_due','2013-05-06 20:21:47.819881','2013-05-06 20:21:47.819881');
INSERT INTO "spree_state_changes" VALUES(86,'shipment',NULL,239817259,616230022,'Spree::Order','pending','2013-05-06 20:21:47.831972','2013-05-06 20:21:47.831972');
INSERT INTO "spree_state_changes" VALUES(87,'payment','balance_due',239817259,616230022,'Spree::Order','balance_due','2013-05-06 20:21:47.933871','2013-05-06 20:21:47.933871');
INSERT INTO "spree_state_changes" VALUES(88,'shipment','pending',239817259,616230022,'Spree::Order','pending','2013-05-06 20:21:47.942002','2013-05-06 20:21:47.942002');
INSERT INTO "spree_state_changes" VALUES(89,'payment',NULL,264449064,624071307,'Spree::Order','balance_due','2013-05-06 20:21:47.968423','2013-05-06 20:21:47.968423');
INSERT INTO "spree_state_changes" VALUES(90,'shipment',NULL,264449064,624071307,'Spree::Order','pending','2013-05-06 20:21:47.980666','2013-05-06 20:21:47.980666');
INSERT INTO "spree_state_changes" VALUES(91,'payment','balance_due',264449064,624071307,'Spree::Order','balance_due','2013-05-06 20:21:48.015775','2013-05-06 20:21:48.015775');
INSERT INTO "spree_state_changes" VALUES(92,'shipment','pending',264449064,624071307,'Spree::Order','pending','2013-05-06 20:21:48.025013','2013-05-06 20:21:48.025013');
INSERT INTO "spree_state_changes" VALUES(93,'payment',NULL,265374943,622916212,'Spree::Order','balance_due','2013-05-06 20:21:48.065827','2013-05-06 20:21:48.065827');
INSERT INTO "spree_state_changes" VALUES(94,'shipment',NULL,265374943,622916212,'Spree::Order','pending','2013-05-06 20:21:48.078655','2013-05-06 20:21:48.078655');
INSERT INTO "spree_state_changes" VALUES(95,'payment','balance_due',265374943,622916212,'Spree::Order','balance_due','2013-05-06 20:21:48.114139','2013-05-06 20:21:48.114139');
INSERT INTO "spree_state_changes" VALUES(96,'shipment','pending',265374943,622916212,'Spree::Order','pending','2013-05-06 20:21:48.122947','2013-05-06 20:21:48.122947');
INSERT INTO "spree_state_changes" VALUES(97,'payment',NULL,296204679,995493676,'Spree::Order','balance_due','2013-05-06 20:21:48.152681','2013-05-06 20:21:48.152681');
INSERT INTO "spree_state_changes" VALUES(98,'shipment',NULL,296204679,995493676,'Spree::Order','pending','2013-05-06 20:21:48.165179','2013-05-06 20:21:48.165179');
INSERT INTO "spree_state_changes" VALUES(99,'payment','balance_due',296204679,995493676,'Spree::Order','balance_due','2013-05-06 20:21:48.273697','2013-05-06 20:21:48.273697');
INSERT INTO "spree_state_changes" VALUES(100,'shipment','pending',296204679,995493676,'Spree::Order','pending','2013-05-06 20:21:48.282151','2013-05-06 20:21:48.282151');
INSERT INTO "spree_state_changes" VALUES(101,'payment',NULL,297130368,994338771,'Spree::Order','balance_due','2013-05-06 20:21:48.310525','2013-05-06 20:21:48.310525');
INSERT INTO "spree_state_changes" VALUES(102,'shipment',NULL,297130368,994338771,'Spree::Order','pending','2013-05-06 20:21:48.323139','2013-05-06 20:21:48.323139');
INSERT INTO "spree_state_changes" VALUES(103,'payment','balance_due',297130368,994338771,'Spree::Order','balance_due','2013-05-06 20:21:48.359645','2013-05-06 20:21:48.359645');
INSERT INTO "spree_state_changes" VALUES(104,'shipment','pending',297130368,994338771,'Spree::Order','pending','2013-05-06 20:21:48.368054','2013-05-06 20:21:48.368054');
INSERT INTO "spree_state_changes" VALUES(105,'payment',NULL,308359551,948998100,'Spree::Order','balance_due','2013-05-06 20:21:48.396714','2013-05-06 20:21:48.396714');
INSERT INTO "spree_state_changes" VALUES(106,'shipment',NULL,308359551,948998100,'Spree::Order','pending','2013-05-06 20:21:48.408184','2013-05-06 20:21:48.408184');
INSERT INTO "spree_state_changes" VALUES(107,'payment','balance_due',308359551,948998100,'Spree::Order','balance_due','2013-05-06 20:21:48.441671','2013-05-06 20:21:48.441671');
INSERT INTO "spree_state_changes" VALUES(108,'shipment','pending',308359551,948998100,'Spree::Order','pending','2013-05-06 20:21:48.450236','2013-05-06 20:21:48.450236');
INSERT INTO "spree_state_changes" VALUES(109,'payment',NULL,330565047,220281934,'Spree::Order','balance_due','2013-05-06 20:21:48.476444','2013-05-06 20:21:48.476444');
INSERT INTO "spree_state_changes" VALUES(110,'shipment',NULL,330565047,220281934,'Spree::Order','pending','2013-05-06 20:21:48.489552','2013-05-06 20:21:48.489552');
INSERT INTO "spree_state_changes" VALUES(111,'payment','balance_due',330565047,220281934,'Spree::Order','balance_due','2013-05-06 20:21:48.603076','2013-05-06 20:21:48.603076');
INSERT INTO "spree_state_changes" VALUES(112,'shipment','pending',330565047,220281934,'Spree::Order','pending','2013-05-06 20:21:48.611250','2013-05-06 20:21:48.611250');
INSERT INTO "spree_state_changes" VALUES(113,'payment',NULL,335228811,956993830,'Spree::Order','balance_due','2013-05-06 20:21:48.642729','2013-05-06 20:21:48.642729');
INSERT INTO "spree_state_changes" VALUES(114,'shipment',NULL,335228811,956993830,'Spree::Order','pending','2013-05-06 20:21:48.658141','2013-05-06 20:21:48.658141');
INSERT INTO "spree_state_changes" VALUES(115,'payment','balance_due',335228811,956993830,'Spree::Order','balance_due','2013-05-06 20:21:48.696396','2013-05-06 20:21:48.696396');
INSERT INTO "spree_state_changes" VALUES(116,'shipment','pending',335228811,956993830,'Spree::Order','pending','2013-05-06 20:21:48.704813','2013-05-06 20:21:48.704813');
INSERT INTO "spree_state_changes" VALUES(117,'payment',NULL,345435026,1046959423,'Spree::Order','balance_due','2013-05-06 20:21:48.737537','2013-05-06 20:21:48.737537');
INSERT INTO "spree_state_changes" VALUES(118,'shipment',NULL,345435026,1046959423,'Spree::Order','pending','2013-05-06 20:21:48.749025','2013-05-06 20:21:48.749025');
INSERT INTO "spree_state_changes" VALUES(119,'payment','balance_due',345435026,1046959423,'Spree::Order','balance_due','2013-05-06 20:21:48.787981','2013-05-06 20:21:48.787981');
INSERT INTO "spree_state_changes" VALUES(120,'shipment','pending',345435026,1046959423,'Spree::Order','pending','2013-05-06 20:21:48.797149','2013-05-06 20:21:48.797149');
INSERT INTO "spree_state_changes" VALUES(121,'payment',NULL,349815214,172816471,'Spree::Order','balance_due','2013-05-06 20:21:48.825918','2013-05-06 20:21:48.825918');
INSERT INTO "spree_state_changes" VALUES(122,'shipment',NULL,349815214,172816471,'Spree::Order','pending','2013-05-06 20:21:48.909664','2013-05-06 20:21:48.909664');
INSERT INTO "spree_state_changes" VALUES(123,'payment','balance_due',349815214,172816471,'Spree::Order','balance_due','2013-05-06 20:21:48.944913','2013-05-06 20:21:48.944913');
INSERT INTO "spree_state_changes" VALUES(124,'shipment','pending',349815214,172816471,'Spree::Order','pending','2013-05-06 20:21:48.953451','2013-05-06 20:21:48.953451');
INSERT INTO "spree_state_changes" VALUES(125,'payment',NULL,368651700,1057526559,'Spree::Order','balance_due','2013-05-06 20:21:48.984374','2013-05-06 20:21:48.984374');
INSERT INTO "spree_state_changes" VALUES(126,'shipment',NULL,368651700,1057526559,'Spree::Order','pending','2013-05-06 20:21:48.996527','2013-05-06 20:21:48.996527');
INSERT INTO "spree_state_changes" VALUES(127,'payment','balance_due',368651700,1057526559,'Spree::Order','balance_due','2013-05-06 20:21:49.041510','2013-05-06 20:21:49.041510');
INSERT INTO "spree_state_changes" VALUES(128,'shipment','pending',368651700,1057526559,'Spree::Order','pending','2013-05-06 20:21:49.052131','2013-05-06 20:21:49.052131');
INSERT INTO "spree_state_changes" VALUES(129,'payment',NULL,382369184,1010549555,'Spree::Order','balance_due','2013-05-06 20:21:49.077807','2013-05-06 20:21:49.077807');
INSERT INTO "spree_state_changes" VALUES(130,'shipment',NULL,382369184,1010549555,'Spree::Order','pending','2013-05-06 20:21:49.091118','2013-05-06 20:21:49.091118');
INSERT INTO "spree_state_changes" VALUES(131,'payment','balance_due',382369184,1010549555,'Spree::Order','balance_due','2013-05-06 20:21:49.125329','2013-05-06 20:21:49.125329');
INSERT INTO "spree_state_changes" VALUES(132,'shipment','pending',382369184,1010549555,'Spree::Order','pending','2013-05-06 20:21:49.136484','2013-05-06 20:21:49.136484');
INSERT INTO "spree_state_changes" VALUES(133,'payment',NULL,383262055,1009361868,'Spree::Order','balance_due','2013-05-06 20:21:49.232580','2013-05-06 20:21:49.232580');
INSERT INTO "spree_state_changes" VALUES(134,'shipment',NULL,383262055,1009361868,'Spree::Order','pending','2013-05-06 20:21:49.244917','2013-05-06 20:21:49.244917');
INSERT INTO "spree_state_changes" VALUES(135,'payment','balance_due',383262055,1009361868,'Spree::Order','balance_due','2013-05-06 20:21:49.281692','2013-05-06 20:21:49.281692');
INSERT INTO "spree_state_changes" VALUES(136,'shipment','pending',383262055,1009361868,'Spree::Order','pending','2013-05-06 20:21:49.290161','2013-05-06 20:21:49.290161');
INSERT INTO "spree_state_changes" VALUES(137,'payment',NULL,391144298,1034018247,'Spree::Order','balance_due','2013-05-06 20:21:49.318856','2013-05-06 20:21:49.318856');
INSERT INTO "spree_state_changes" VALUES(138,'shipment',NULL,391144298,1034018247,'Spree::Order','pending','2013-05-06 20:21:49.330636','2013-05-06 20:21:49.330636');
INSERT INTO "spree_state_changes" VALUES(139,'payment','balance_due',391144298,1034018247,'Spree::Order','balance_due','2013-05-06 20:21:49.369317','2013-05-06 20:21:49.369317');
INSERT INTO "spree_state_changes" VALUES(140,'shipment','pending',391144298,1034018247,'Spree::Order','pending','2013-05-06 20:21:49.377950','2013-05-06 20:21:49.377950');
INSERT INTO "spree_state_changes" VALUES(141,'payment',NULL,403830194,853560069,'Spree::Order','balance_due','2013-05-06 20:21:49.407878','2013-05-06 20:21:49.407878');
INSERT INTO "spree_state_changes" VALUES(142,'shipment',NULL,403830194,853560069,'Spree::Order','pending','2013-05-06 20:21:49.420805','2013-05-06 20:21:49.420805');
INSERT INTO "spree_state_changes" VALUES(143,'payment','balance_due',403830194,853560069,'Spree::Order','balance_due','2013-05-06 20:21:49.454456','2013-05-06 20:21:49.454456');
INSERT INTO "spree_state_changes" VALUES(144,'shipment','pending',403830194,853560069,'Spree::Order','pending','2013-05-06 20:21:49.464679','2013-05-06 20:21:49.464679');
INSERT INTO "spree_state_changes" VALUES(145,'payment',NULL,428600156,863655417,'Spree::Order','balance_due','2013-05-06 20:21:49.564722','2013-05-06 20:21:49.564722');
INSERT INTO "spree_state_changes" VALUES(146,'shipment',NULL,428600156,863655417,'Spree::Order','pending','2013-05-06 20:21:49.578749','2013-05-06 20:21:49.578749');
INSERT INTO "spree_state_changes" VALUES(147,'payment','balance_due',428600156,863655417,'Spree::Order','balance_due','2013-05-06 20:21:49.618150','2013-05-06 20:21:49.618150');
INSERT INTO "spree_state_changes" VALUES(148,'shipment','pending',428600156,863655417,'Spree::Order','pending','2013-05-06 20:21:49.628760','2013-05-06 20:21:49.628760');
INSERT INTO "spree_state_changes" VALUES(149,'payment',NULL,429493153,862467340,'Spree::Order','balance_due','2013-05-06 20:21:49.657760','2013-05-06 20:21:49.657760');
INSERT INTO "spree_state_changes" VALUES(150,'shipment',NULL,429493153,862467340,'Spree::Order','pending','2013-05-06 20:21:49.670430','2013-05-06 20:21:49.670430');
INSERT INTO "spree_state_changes" VALUES(151,'payment','balance_due',429493153,862467340,'Spree::Order','balance_due','2013-05-06 20:21:49.704447','2013-05-06 20:21:49.704447');
INSERT INTO "spree_state_changes" VALUES(152,'shipment','pending',429493153,862467340,'Spree::Order','pending','2013-05-06 20:21:49.715403','2013-05-06 20:21:49.715403');
INSERT INTO "spree_state_changes" VALUES(153,'payment',NULL,455255426,835918637,'Spree::Order','balance_due','2013-05-06 20:21:49.741461','2013-05-06 20:21:49.741461');
INSERT INTO "spree_state_changes" VALUES(154,'shipment',NULL,455255426,835918637,'Spree::Order','pending','2013-05-06 20:21:49.754557','2013-05-06 20:21:49.754557');
INSERT INTO "spree_state_changes" VALUES(155,'payment','balance_due',455255426,835918637,'Spree::Order','balance_due','2013-05-06 20:21:49.786771','2013-05-06 20:21:49.786771');
INSERT INTO "spree_state_changes" VALUES(156,'shipment','pending',455255426,835918637,'Spree::Order','pending','2013-05-06 20:21:49.797239','2013-05-06 20:21:49.797239');
INSERT INTO "spree_state_changes" VALUES(157,'payment',NULL,456181117,834763738,'Spree::Order','balance_due','2013-05-06 20:21:49.895098','2013-05-06 20:21:49.895098');
INSERT INTO "spree_state_changes" VALUES(158,'shipment',NULL,456181117,834763738,'Spree::Order','pending','2013-05-06 20:21:49.908451','2013-05-06 20:21:49.908451');
INSERT INTO "spree_state_changes" VALUES(159,'payment','balance_due',456181117,834763738,'Spree::Order','balance_due','2013-05-06 20:21:49.941053','2013-05-06 20:21:49.941053');
INSERT INTO "spree_state_changes" VALUES(160,'shipment','pending',456181117,834763738,'Spree::Order','pending','2013-05-06 20:21:49.949180','2013-05-06 20:21:49.949180');
INSERT INTO "spree_state_changes" VALUES(161,'payment',NULL,465903021,825533186,'Spree::Order','balance_due','2013-05-06 20:21:49.974906','2013-05-06 20:21:49.974906');
INSERT INTO "spree_state_changes" VALUES(162,'shipment',NULL,465903021,825533186,'Spree::Order','pending','2013-05-06 20:21:49.985814','2013-05-06 20:21:49.985814');
INSERT INTO "spree_state_changes" VALUES(163,'payment','balance_due',465903021,825533186,'Spree::Order','balance_due','2013-05-06 20:21:50.021043','2013-05-06 20:21:50.021043');
INSERT INTO "spree_state_changes" VALUES(164,'shipment','pending',465903021,825533186,'Spree::Order','pending','2013-05-06 20:21:50.032229','2013-05-06 20:21:50.032229');
INSERT INTO "spree_state_changes" VALUES(165,'payment',NULL,467107162,824624125,'Spree::Order','balance_due','2013-05-06 20:21:50.068669','2013-05-06 20:21:50.068669');
INSERT INTO "spree_state_changes" VALUES(166,'shipment',NULL,467107162,824624125,'Spree::Order','pending','2013-05-06 20:21:50.081492','2013-05-06 20:21:50.081492');
INSERT INTO "spree_state_changes" VALUES(167,'payment','balance_due',467107162,824624125,'Spree::Order','balance_due','2013-05-06 20:21:50.114785','2013-05-06 20:21:50.114785');
INSERT INTO "spree_state_changes" VALUES(168,'shipment','pending',467107162,824624125,'Spree::Order','pending','2013-05-06 20:21:50.123517','2013-05-06 20:21:50.123517');
INSERT INTO "spree_state_changes" VALUES(169,'payment',NULL,474964377,918478646,'Spree::Order','balance_due','2013-05-06 20:21:50.152294','2013-05-06 20:21:50.152294');
INSERT INTO "spree_state_changes" VALUES(170,'shipment',NULL,474964377,918478646,'Spree::Order','pending','2013-05-06 20:21:50.239675','2013-05-06 20:21:50.239675');
INSERT INTO "spree_state_changes" VALUES(171,'payment','balance_due',474964377,918478646,'Spree::Order','balance_due','2013-05-06 20:21:50.272856','2013-05-06 20:21:50.272856');
INSERT INTO "spree_state_changes" VALUES(172,'shipment','pending',474964377,918478646,'Spree::Order','pending','2013-05-06 20:21:50.280887','2013-05-06 20:21:50.280887');
INSERT INTO "spree_state_changes" VALUES(173,'payment',NULL,475857254,917290961,'Spree::Order','balance_due','2013-05-06 20:21:50.308997','2013-05-06 20:21:50.308997');
INSERT INTO "spree_state_changes" VALUES(174,'shipment',NULL,475857254,917290961,'Spree::Order','pending','2013-05-06 20:21:50.320849','2013-05-06 20:21:50.320849');
INSERT INTO "spree_state_changes" VALUES(175,'payment','balance_due',475857254,917290961,'Spree::Order','balance_due','2013-05-06 20:21:50.354101','2013-05-06 20:21:50.354101');
INSERT INTO "spree_state_changes" VALUES(176,'shipment','pending',475857254,917290961,'Spree::Order','pending','2013-05-06 20:21:50.362081','2013-05-06 20:21:50.362081');
INSERT INTO "spree_state_changes" VALUES(177,'payment',NULL,480827830,911828761,'Spree::Order','balance_due','2013-05-06 20:21:50.390483','2013-05-06 20:21:50.390483');
INSERT INTO "spree_state_changes" VALUES(178,'shipment',NULL,480827830,911828761,'Spree::Order','pending','2013-05-06 20:21:50.402115','2013-05-06 20:21:50.402115');
INSERT INTO "spree_state_changes" VALUES(179,'payment','balance_due',480827830,911828761,'Spree::Order','balance_due','2013-05-06 20:21:50.435077','2013-05-06 20:21:50.435077');
INSERT INTO "spree_state_changes" VALUES(180,'shipment','pending',480827830,911828761,'Spree::Order','pending','2013-05-06 20:21:50.442978','2013-05-06 20:21:50.442978');
INSERT INTO "spree_state_changes" VALUES(181,'payment',NULL,481999185,910886886,'Spree::Order','balance_due','2013-05-06 20:21:50.468424','2013-05-06 20:21:50.468424');
INSERT INTO "spree_state_changes" VALUES(182,'shipment',NULL,481999185,910886886,'Spree::Order','pending','2013-05-06 20:21:50.479486','2013-05-06 20:21:50.479486');
INSERT INTO "spree_state_changes" VALUES(183,'payment','balance_due',481999185,910886886,'Spree::Order','balance_due','2013-05-06 20:21:50.590393','2013-05-06 20:21:50.590393');
INSERT INTO "spree_state_changes" VALUES(184,'shipment','pending',481999185,910886886,'Spree::Order','pending','2013-05-06 20:21:50.599354','2013-05-06 20:21:50.599354');
INSERT INTO "spree_state_changes" VALUES(185,'payment',NULL,488679357,936450328,'Spree::Order','balance_due','2013-05-06 20:21:50.628500','2013-05-06 20:21:50.628500');
INSERT INTO "spree_state_changes" VALUES(186,'shipment',NULL,488679357,936450328,'Spree::Order','pending','2013-05-06 20:21:50.640584','2013-05-06 20:21:50.640584');
INSERT INTO "spree_state_changes" VALUES(187,'payment','balance_due',488679357,936450328,'Spree::Order','balance_due','2013-05-06 20:21:50.677559','2013-05-06 20:21:50.677559');
INSERT INTO "spree_state_changes" VALUES(188,'shipment','pending',488679357,936450328,'Spree::Order','pending','2013-05-06 20:21:50.686132','2013-05-06 20:21:50.686132');
INSERT INTO "spree_state_changes" VALUES(189,'payment',NULL,518401861,873959920,'Spree::Order','balance_due','2013-05-06 20:21:50.715256','2013-05-06 20:21:50.715256');
INSERT INTO "spree_state_changes" VALUES(190,'shipment',NULL,518401861,873959920,'Spree::Order','pending','2013-05-06 20:21:50.727876','2013-05-06 20:21:50.727876');
INSERT INTO "spree_state_changes" VALUES(191,'payment','balance_due',518401861,873959920,'Spree::Order','balance_due','2013-05-06 20:21:50.763019','2013-05-06 20:21:50.763019');
INSERT INTO "spree_state_changes" VALUES(192,'shipment','pending',518401861,873959920,'Spree::Order','pending','2013-05-06 20:21:50.771652','2013-05-06 20:21:50.771652');
INSERT INTO "spree_state_changes" VALUES(193,'payment',NULL,519327672,872804629,'Spree::Order','balance_due','2013-05-06 20:21:50.799808','2013-05-06 20:21:50.799808');
INSERT INTO "spree_state_changes" VALUES(194,'shipment',NULL,519327672,872804629,'Spree::Order','pending','2013-05-06 20:21:50.887818','2013-05-06 20:21:50.887818');
INSERT INTO "spree_state_changes" VALUES(195,'payment','balance_due',519327672,872804629,'Spree::Order','balance_due','2013-05-06 20:21:50.923783','2013-05-06 20:21:50.923783');
INSERT INTO "spree_state_changes" VALUES(196,'shipment','pending',519327672,872804629,'Spree::Order','pending','2013-05-06 20:21:50.932298','2013-05-06 20:21:50.932298');
INSERT INTO "spree_state_changes" VALUES(197,'payment',NULL,539762571,140587364,'Spree::Order','balance_due','2013-05-06 20:21:50.958232','2013-05-06 20:21:50.958232');
INSERT INTO "spree_state_changes" VALUES(198,'shipment',NULL,539762571,140587364,'Spree::Order','pending','2013-05-06 20:21:50.971325','2013-05-06 20:21:50.971325');
INSERT INTO "spree_state_changes" VALUES(199,'payment','balance_due',539762571,140587364,'Spree::Order','balance_due','2013-05-06 20:21:51.005847','2013-05-06 20:21:51.005847');
INSERT INTO "spree_state_changes" VALUES(200,'shipment','pending',539762571,140587364,'Spree::Order','pending','2013-05-06 20:21:51.014806','2013-05-06 20:21:51.014806');
INSERT INTO "spree_state_changes" VALUES(201,'payment',NULL,542594049,178711894,'Spree::Order','balance_due','2013-05-06 20:21:51.039708','2013-05-06 20:21:51.039708');
INSERT INTO "spree_state_changes" VALUES(202,'shipment',NULL,542594049,178711894,'Spree::Order','pending','2013-05-06 20:21:51.054173','2013-05-06 20:21:51.054173');
INSERT INTO "spree_state_changes" VALUES(203,'payment','balance_due',542594049,178711894,'Spree::Order','balance_due','2013-05-06 20:21:51.088819','2013-05-06 20:21:51.088819');
INSERT INTO "spree_state_changes" VALUES(204,'shipment','pending',542594049,178711894,'Spree::Order','pending','2013-05-06 20:21:51.097787','2013-05-06 20:21:51.097787');
INSERT INTO "spree_state_changes" VALUES(205,'payment',NULL,567102733,188543912,'Spree::Order','balance_due','2013-05-06 20:21:51.124901','2013-05-06 20:21:51.124901');
INSERT INTO "spree_state_changes" VALUES(206,'shipment',NULL,567102733,188543912,'Spree::Order','pending','2013-05-06 20:21:51.212939','2013-05-06 20:21:51.212939');
INSERT INTO "spree_state_changes" VALUES(207,'payment','balance_due',567102733,188543912,'Spree::Order','balance_due','2013-05-06 20:21:51.251743','2013-05-06 20:21:51.251743');
INSERT INTO "spree_state_changes" VALUES(208,'shipment','pending',567102733,188543912,'Spree::Order','pending','2013-05-06 20:21:51.261645','2013-05-06 20:21:51.261645');
INSERT INTO "spree_state_changes" VALUES(209,'payment',NULL,568274416,187601757,'Spree::Order','balance_due','2013-05-06 20:21:51.290547','2013-05-06 20:21:51.290547');
INSERT INTO "spree_state_changes" VALUES(210,'shipment',NULL,568274416,187601757,'Spree::Order','pending','2013-05-06 20:21:51.303997','2013-05-06 20:21:51.303997');
INSERT INTO "spree_state_changes" VALUES(211,'payment','balance_due',568274416,187601757,'Spree::Order','balance_due','2013-05-06 20:21:51.339311','2013-05-06 20:21:51.339311');
INSERT INTO "spree_state_changes" VALUES(212,'shipment','pending',568274416,187601757,'Spree::Order','pending','2013-05-06 20:21:51.347799','2013-05-06 20:21:51.347799');
INSERT INTO "spree_state_changes" VALUES(213,'payment',NULL,587078949,135242632,'Spree::Order','balance_due','2013-05-06 20:21:51.375047','2013-05-06 20:21:51.375047');
INSERT INTO "spree_state_changes" VALUES(214,'shipment',NULL,587078949,135242632,'Spree::Order','pending','2013-05-06 20:21:51.388268','2013-05-06 20:21:51.388268');
INSERT INTO "spree_state_changes" VALUES(215,'payment','balance_due',587078949,135242632,'Spree::Order','balance_due','2013-05-06 20:21:51.425188','2013-05-06 20:21:51.425188');
INSERT INTO "spree_state_changes" VALUES(216,'shipment','pending',587078949,135242632,'Spree::Order','pending','2013-05-06 20:21:51.434231','2013-05-06 20:21:51.434231');
INSERT INTO "spree_state_changes" VALUES(217,'payment',NULL,596761353,157312430,'Spree::Order','balance_due','2013-05-06 20:21:51.530074','2013-05-06 20:21:51.530074');
INSERT INTO "spree_state_changes" VALUES(218,'shipment',NULL,596761353,157312430,'Spree::Order','pending','2013-05-06 20:21:51.544102','2013-05-06 20:21:51.544102');
INSERT INTO "spree_state_changes" VALUES(219,'payment','balance_due',596761353,157312430,'Spree::Order','balance_due','2013-05-06 20:21:51.584661','2013-05-06 20:21:51.584661');
INSERT INTO "spree_state_changes" VALUES(220,'shipment','pending',596761353,157312430,'Spree::Order','pending','2013-05-06 20:21:51.593647','2013-05-06 20:21:51.593647');
INSERT INTO "spree_state_changes" VALUES(221,'payment',NULL,601813305,1028376774,'Spree::Order','balance_due','2013-05-06 20:21:51.622659','2013-05-06 20:21:51.622659');
INSERT INTO "spree_state_changes" VALUES(222,'shipment',NULL,601813305,1028376774,'Spree::Order','pending','2013-05-06 20:21:51.635316','2013-05-06 20:21:51.635316');
INSERT INTO "spree_state_changes" VALUES(223,'payment','balance_due',601813305,1028376774,'Spree::Order','balance_due','2013-05-06 20:21:51.671712','2013-05-06 20:21:51.671712');
INSERT INTO "spree_state_changes" VALUES(224,'shipment','pending',601813305,1028376774,'Spree::Order','pending','2013-05-06 20:21:51.680127','2013-05-06 20:21:51.680127');
INSERT INTO "spree_state_changes" VALUES(225,'payment',NULL,615724322,975572189,'Spree::Order','balance_due','2013-05-06 20:21:51.708221','2013-05-06 20:21:51.708221');
INSERT INTO "spree_state_changes" VALUES(226,'shipment',NULL,615724322,975572189,'Spree::Order','pending','2013-05-06 20:21:51.720566','2013-05-06 20:21:51.720566');
INSERT INTO "spree_state_changes" VALUES(227,'payment','balance_due',615724322,975572189,'Spree::Order','balance_due','2013-05-06 20:21:51.756233','2013-05-06 20:21:51.756233');
INSERT INTO "spree_state_changes" VALUES(228,'shipment','pending',615724322,975572189,'Spree::Order','pending','2013-05-06 20:21:51.766203','2013-05-06 20:21:51.766203');
INSERT INTO "spree_state_changes" VALUES(229,'payment',NULL,620502818,235774389,'Spree::Order','balance_due','2013-05-06 20:21:51.867601','2013-05-06 20:21:51.867601');
INSERT INTO "spree_state_changes" VALUES(230,'shipment',NULL,620502818,235774389,'Spree::Order','pending','2013-05-06 20:21:51.880397','2013-05-06 20:21:51.880397');
INSERT INTO "spree_state_changes" VALUES(231,'payment','balance_due',620502818,235774389,'Spree::Order','balance_due','2013-05-06 20:21:51.918177','2013-05-06 20:21:51.918177');
INSERT INTO "spree_state_changes" VALUES(232,'shipment','pending',620502818,235774389,'Spree::Order','pending','2013-05-06 20:21:51.926872','2013-05-06 20:21:51.926872');
INSERT INTO "spree_state_changes" VALUES(233,'payment',NULL,627442156,261603145,'Spree::Order','balance_due','2013-05-06 20:21:51.955397','2013-05-06 20:21:51.955397');
INSERT INTO "spree_state_changes" VALUES(234,'shipment',NULL,627442156,261603145,'Spree::Order','pending','2013-05-06 20:21:51.967773','2013-05-06 20:21:51.967773');
INSERT INTO "spree_state_changes" VALUES(235,'payment','balance_due',627442156,261603145,'Spree::Order','balance_due','2013-05-06 20:21:52.001999','2013-05-06 20:21:52.001999');
INSERT INTO "spree_state_changes" VALUES(236,'shipment','pending',627442156,261603145,'Spree::Order','pending','2013-05-06 20:21:52.010283','2013-05-06 20:21:52.010283');
INSERT INTO "spree_state_changes" VALUES(237,'payment',NULL,648055060,206649281,'Spree::Order','balance_due','2013-05-06 20:21:52.042914','2013-05-06 20:21:52.042914');
INSERT INTO "spree_state_changes" VALUES(238,'shipment',NULL,648055060,206649281,'Spree::Order','pending','2013-05-06 20:21:52.057957','2013-05-06 20:21:52.057957');
INSERT INTO "spree_state_changes" VALUES(239,'payment','balance_due',648055060,206649281,'Spree::Order','balance_due','2013-05-06 20:21:52.096891','2013-05-06 20:21:52.096891');
INSERT INTO "spree_state_changes" VALUES(240,'shipment','pending',648055060,206649281,'Spree::Order','pending','2013-05-06 20:21:52.105132','2013-05-06 20:21:52.105132');
INSERT INTO "spree_state_changes" VALUES(241,'payment',NULL,649259497,205739844,'Spree::Order','balance_due','2013-05-06 20:21:52.206929','2013-05-06 20:21:52.206929');
INSERT INTO "spree_state_changes" VALUES(242,'shipment',NULL,649259497,205739844,'Spree::Order','pending','2013-05-06 20:21:52.219001','2013-05-06 20:21:52.219001');
INSERT INTO "spree_state_changes" VALUES(243,'payment','balance_due',649259497,205739844,'Spree::Order','balance_due','2013-05-06 20:21:52.257265','2013-05-06 20:21:52.257265');
INSERT INTO "spree_state_changes" VALUES(244,'shipment','pending',649259497,205739844,'Spree::Order','pending','2013-05-06 20:21:52.265852','2013-05-06 20:21:52.265852');
INSERT INTO "spree_state_changes" VALUES(245,'payment',NULL,702619608,51421563,'Spree::Order','balance_due','2013-05-06 20:21:52.294270','2013-05-06 20:21:52.294270');
INSERT INTO "spree_state_changes" VALUES(246,'shipment',NULL,702619608,51421563,'Spree::Order','pending','2013-05-06 20:21:52.306530','2013-05-06 20:21:52.306530');
INSERT INTO "spree_state_changes" VALUES(247,'payment','balance_due',702619608,51421563,'Spree::Order','balance_due','2013-05-06 20:21:52.340619','2013-05-06 20:21:52.340619');
INSERT INTO "spree_state_changes" VALUES(248,'shipment','pending',702619608,51421563,'Spree::Order','pending','2013-05-06 20:21:52.349254','2013-05-06 20:21:52.349254');
INSERT INTO "spree_state_changes" VALUES(249,'payment',NULL,703823663,50512260,'Spree::Order','balance_due','2013-05-06 20:21:52.377270','2013-05-06 20:21:52.377270');
INSERT INTO "spree_state_changes" VALUES(250,'shipment',NULL,703823663,50512260,'Spree::Order','pending','2013-05-06 20:21:52.388214','2013-05-06 20:21:52.388214');
INSERT INTO "spree_state_changes" VALUES(251,'payment','balance_due',703823663,50512260,'Spree::Order','balance_due','2013-05-06 20:21:52.423575','2013-05-06 20:21:52.423575');
INSERT INTO "spree_state_changes" VALUES(252,'shipment','pending',703823663,50512260,'Spree::Order','pending','2013-05-06 20:21:52.431888','2013-05-06 20:21:52.431888');
INSERT INTO "spree_state_changes" VALUES(253,'payment',NULL,707237680,14035331,'Spree::Order','balance_due','2013-05-06 20:21:52.532431','2013-05-06 20:21:52.532431');
INSERT INTO "spree_state_changes" VALUES(254,'shipment',NULL,707237680,14035331,'Spree::Order','pending','2013-05-06 20:21:52.546179','2013-05-06 20:21:52.546179');
INSERT INTO "spree_state_changes" VALUES(255,'payment','balance_due',707237680,14035331,'Spree::Order','balance_due','2013-05-06 20:21:52.584597','2013-05-06 20:21:52.584597');
INSERT INTO "spree_state_changes" VALUES(256,'shipment','pending',707237680,14035331,'Spree::Order','pending','2013-05-06 20:21:52.593411','2013-05-06 20:21:52.593411');
INSERT INTO "spree_state_changes" VALUES(257,'payment',NULL,726159630,28962723,'Spree::Order','balance_due','2013-05-06 20:21:52.625505','2013-05-06 20:21:52.625505');
INSERT INTO "spree_state_changes" VALUES(258,'shipment',NULL,726159630,28962723,'Spree::Order','pending','2013-05-06 20:21:52.638210','2013-05-06 20:21:52.638210');
INSERT INTO "spree_state_changes" VALUES(259,'payment','balance_due',726159630,28962723,'Spree::Order','balance_due','2013-05-06 20:21:52.671441','2013-05-06 20:21:52.671441');
INSERT INTO "spree_state_changes" VALUES(260,'shipment','pending',726159630,28962723,'Spree::Order','pending','2013-05-06 20:21:52.679570','2013-05-06 20:21:52.679570');
INSERT INTO "spree_state_changes" VALUES(261,'payment',NULL,727331319,28020570,'Spree::Order','balance_due','2013-05-06 20:21:52.706781','2013-05-06 20:21:52.706781');
INSERT INTO "spree_state_changes" VALUES(262,'shipment',NULL,727331319,28020570,'Spree::Order','pending','2013-05-06 20:21:52.718706','2013-05-06 20:21:52.718706');
INSERT INTO "spree_state_changes" VALUES(263,'payment','balance_due',727331319,28020570,'Spree::Order','balance_due','2013-05-06 20:21:52.752659','2013-05-06 20:21:52.752659');
INSERT INTO "spree_state_changes" VALUES(264,'shipment','pending',727331319,28020570,'Spree::Order','pending','2013-05-06 20:21:52.761804','2013-05-06 20:21:52.761804');
INSERT INTO "spree_state_changes" VALUES(265,'payment',NULL,732948771,22960014,'Spree::Order','balance_due','2013-05-06 20:21:52.863154','2013-05-06 20:21:52.863154');
INSERT INTO "spree_state_changes" VALUES(266,'shipment',NULL,732948771,22960014,'Spree::Order','pending','2013-05-06 20:21:52.876069','2013-05-06 20:21:52.876069');
INSERT INTO "spree_state_changes" VALUES(267,'payment','balance_due',732948771,22960014,'Spree::Order','balance_due','2013-05-06 20:21:52.908821','2013-05-06 20:21:52.908821');
INSERT INTO "spree_state_changes" VALUES(268,'shipment','pending',732948771,22960014,'Spree::Order','pending','2013-05-06 20:21:52.919622','2013-05-06 20:21:52.919622');
INSERT INTO "spree_state_changes" VALUES(269,'payment',NULL,733841882,21772151,'Spree::Order','balance_due','2013-05-06 20:21:52.945137','2013-05-06 20:21:52.945137');
INSERT INTO "spree_state_changes" VALUES(270,'shipment',NULL,733841882,21772151,'Spree::Order','pending','2013-05-06 20:21:52.957851','2013-05-06 20:21:52.957851');
INSERT INTO "spree_state_changes" VALUES(271,'payment','balance_due',733841882,21772151,'Spree::Order','balance_due','2013-05-06 20:21:52.990712','2013-05-06 20:21:52.990712');
INSERT INTO "spree_state_changes" VALUES(272,'shipment','pending',733841882,21772151,'Spree::Order','pending','2013-05-06 20:21:53.001089','2013-05-06 20:21:53.001089');
INSERT INTO "spree_state_changes" VALUES(273,'payment',NULL,740660503,114568122,'Spree::Order','balance_due','2013-05-06 20:21:53.027788','2013-05-06 20:21:53.027788');
INSERT INTO "spree_state_changes" VALUES(274,'shipment',NULL,740660503,114568122,'Spree::Order','pending','2013-05-06 20:21:53.040605','2013-05-06 20:21:53.040605');
INSERT INTO "spree_state_changes" VALUES(275,'payment','balance_due',740660503,114568122,'Spree::Order','balance_due','2013-05-06 20:21:53.072227','2013-05-06 20:21:53.072227');
INSERT INTO "spree_state_changes" VALUES(276,'shipment','pending',740660503,114568122,'Spree::Order','pending','2013-05-06 20:21:53.084589','2013-05-06 20:21:53.084589');
INSERT INTO "spree_state_changes" VALUES(277,'payment',NULL,741864942,113658691,'Spree::Order','balance_due','2013-05-06 20:21:53.184857','2013-05-06 20:21:53.184857');
INSERT INTO "spree_state_changes" VALUES(278,'shipment',NULL,741864942,113658691,'Spree::Order','pending','2013-05-06 20:21:53.196743','2013-05-06 20:21:53.196743');
INSERT INTO "spree_state_changes" VALUES(279,'payment','balance_due',741864942,113658691,'Spree::Order','balance_due','2013-05-06 20:21:53.230812','2013-05-06 20:21:53.230812');
INSERT INTO "spree_state_changes" VALUES(280,'shipment','pending',741864942,113658691,'Spree::Order','pending','2013-05-06 20:21:53.239307','2013-05-06 20:21:53.239307');
INSERT INTO "spree_state_changes" VALUES(281,'payment',NULL,750923066,104043415,'Spree::Order','balance_due','2013-05-06 20:21:53.267759','2013-05-06 20:21:53.267759');
INSERT INTO "spree_state_changes" VALUES(282,'shipment',NULL,750923066,104043415,'Spree::Order','pending','2013-05-06 20:21:53.278892','2013-05-06 20:21:53.278892');
INSERT INTO "spree_state_changes" VALUES(283,'payment','balance_due',750923066,104043415,'Spree::Order','balance_due','2013-05-06 20:21:53.311958','2013-05-06 20:21:53.311958');
INSERT INTO "spree_state_changes" VALUES(284,'shipment','pending',750923066,104043415,'Spree::Order','pending','2013-05-06 20:21:53.319950','2013-05-06 20:21:53.319950');
INSERT INTO "spree_state_changes" VALUES(285,'payment',NULL,751848899,102888302,'Spree::Order','balance_due','2013-05-06 20:21:53.349782','2013-05-06 20:21:53.349782');
INSERT INTO "spree_state_changes" VALUES(286,'shipment',NULL,751848899,102888302,'Spree::Order','pending','2013-05-06 20:21:53.360885','2013-05-06 20:21:53.360885');
INSERT INTO "spree_state_changes" VALUES(287,'payment','balance_due',751848899,102888302,'Spree::Order','balance_due','2013-05-06 20:21:53.394710','2013-05-06 20:21:53.394710');
INSERT INTO "spree_state_changes" VALUES(288,'shipment','pending',751848899,102888302,'Spree::Order','pending','2013-05-06 20:21:53.403445','2013-05-06 20:21:53.403445');
INSERT INTO "spree_state_changes" VALUES(289,'payment',NULL,780983247,75326820,'Spree::Order','balance_due','2013-05-06 20:21:53.508462','2013-05-06 20:21:53.508462');
INSERT INTO "spree_state_changes" VALUES(290,'shipment',NULL,780983247,75326820,'Spree::Order','pending','2013-05-06 20:21:53.522423','2013-05-06 20:21:53.522423');
INSERT INTO "spree_state_changes" VALUES(291,'payment','balance_due',780983247,75326820,'Spree::Order','balance_due','2013-05-06 20:21:53.559838','2013-05-06 20:21:53.559838');
INSERT INTO "spree_state_changes" VALUES(292,'shipment','pending',780983247,75326820,'Spree::Order','pending','2013-05-06 20:21:53.568568','2013-05-06 20:21:53.568568');
INSERT INTO "spree_state_changes" VALUES(293,'payment',NULL,782154552,74384795,'Spree::Order','balance_due','2013-05-06 20:21:53.597220','2013-05-06 20:21:53.597220');
INSERT INTO "spree_state_changes" VALUES(294,'shipment',NULL,782154552,74384795,'Spree::Order','pending','2013-05-06 20:21:53.609002','2013-05-06 20:21:53.609002');
INSERT INTO "spree_state_changes" VALUES(295,'payment','balance_due',782154552,74384795,'Spree::Order','balance_due','2013-05-06 20:21:53.645273','2013-05-06 20:21:53.645273');
INSERT INTO "spree_state_changes" VALUES(296,'shipment','pending',782154552,74384795,'Spree::Order','pending','2013-05-06 20:21:53.653647','2013-05-06 20:21:53.653647');
INSERT INTO "spree_state_changes" VALUES(297,'payment',NULL,790021435,99056534,'Spree::Order','balance_due','2013-05-06 20:21:53.680938','2013-05-06 20:21:53.680938');
INSERT INTO "spree_state_changes" VALUES(298,'shipment',NULL,790021435,99056534,'Spree::Order','pending','2013-05-06 20:21:53.693177','2013-05-06 20:21:53.693177');
INSERT INTO "spree_state_changes" VALUES(299,'payment','balance_due',790021435,99056534,'Spree::Order','balance_due','2013-05-06 20:21:53.727678','2013-05-06 20:21:53.727678');
INSERT INTO "spree_state_changes" VALUES(300,'shipment','pending',790021435,99056534,'Spree::Order','pending','2013-05-06 20:21:53.736498','2013-05-06 20:21:53.736498');
INSERT INTO "spree_state_changes" VALUES(301,'payment',NULL,820530800,437907651,'Spree::Order','balance_due','2013-05-06 20:21:53.844456','2013-05-06 20:21:53.844456');
INSERT INTO "spree_state_changes" VALUES(302,'shipment',NULL,820530800,437907651,'Spree::Order','pending','2013-05-06 20:21:53.857768','2013-05-06 20:21:53.857768');
INSERT INTO "spree_state_changes" VALUES(303,'payment','balance_due',820530800,437907651,'Spree::Order','balance_due','2013-05-06 20:21:53.893379','2013-05-06 20:21:53.893379');
INSERT INTO "spree_state_changes" VALUES(304,'shipment','pending',820530800,437907651,'Spree::Order','pending','2013-05-06 20:21:53.902379','2013-05-06 20:21:53.902379');
INSERT INTO "spree_state_changes" VALUES(305,'payment',NULL,821702295,436965436,'Spree::Order','balance_due','2013-05-06 20:21:53.933764','2013-05-06 20:21:53.933764');
INSERT INTO "spree_state_changes" VALUES(306,'shipment',NULL,821702295,436965436,'Spree::Order','pending','2013-05-06 20:21:53.945078','2013-05-06 20:21:53.945078');
INSERT INTO "spree_state_changes" VALUES(307,'payment','balance_due',821702295,436965436,'Spree::Order','balance_due','2013-05-06 20:21:53.980686','2013-05-06 20:21:53.980686');
INSERT INTO "spree_state_changes" VALUES(308,'shipment','pending',821702295,436965436,'Spree::Order','pending','2013-05-06 20:21:53.989557','2013-05-06 20:21:53.989557');
INSERT INTO "spree_state_changes" VALUES(309,'payment',NULL,843120822,414236187,'Spree::Order','balance_due','2013-05-06 20:21:54.018088','2013-05-06 20:21:54.018088');
INSERT INTO "spree_state_changes" VALUES(310,'shipment',NULL,843120822,414236187,'Spree::Order','pending','2013-05-06 20:21:54.033145','2013-05-06 20:21:54.033145');
INSERT INTO "spree_state_changes" VALUES(311,'payment','balance_due',843120822,414236187,'Spree::Order','balance_due','2013-05-06 20:21:54.071318','2013-05-06 20:21:54.071318');
INSERT INTO "spree_state_changes" VALUES(312,'shipment','pending',843120822,414236187,'Spree::Order','pending','2013-05-06 20:21:54.081995','2013-05-06 20:21:54.081995');
INSERT INTO "spree_state_changes" VALUES(313,'payment',NULL,844324943,413327074,'Spree::Order','balance_due','2013-05-06 20:21:54.183264','2013-05-06 20:21:54.183264');
INSERT INTO "spree_state_changes" VALUES(314,'shipment',NULL,844324943,413327074,'Spree::Order','pending','2013-05-06 20:21:54.196286','2013-05-06 20:21:54.196286');
INSERT INTO "spree_state_changes" VALUES(315,'payment','balance_due',844324943,413327074,'Spree::Order','balance_due','2013-05-06 20:21:54.230060','2013-05-06 20:21:54.230060');
INSERT INTO "spree_state_changes" VALUES(316,'shipment','pending',844324943,413327074,'Spree::Order','pending','2013-05-06 20:21:54.238798','2013-05-06 20:21:54.238798');
INSERT INTO "spree_state_changes" VALUES(317,'payment',NULL,849787035,408356406,'Spree::Order','balance_due','2013-05-06 20:21:54.265499','2013-05-06 20:21:54.265499');
INSERT INTO "spree_state_changes" VALUES(318,'shipment',NULL,849787035,408356406,'Spree::Order','pending','2013-05-06 20:21:54.276922','2013-05-06 20:21:54.276922');
INSERT INTO "spree_state_changes" VALUES(319,'payment','balance_due',849787035,408356406,'Spree::Order','balance_due','2013-05-06 20:21:54.310497','2013-05-06 20:21:54.310497');
INSERT INTO "spree_state_changes" VALUES(320,'shipment','pending',849787035,408356406,'Spree::Order','pending','2013-05-06 20:21:54.319780','2013-05-06 20:21:54.319780');
INSERT INTO "spree_state_changes" VALUES(321,'payment',NULL,850712674,407201487,'Spree::Order','balance_due','2013-05-06 20:21:54.351899','2013-05-06 20:21:54.351899');
INSERT INTO "spree_state_changes" VALUES(322,'shipment',NULL,850712674,407201487,'Spree::Order','pending','2013-05-06 20:21:54.365126','2013-05-06 20:21:54.365126');
INSERT INTO "spree_state_changes" VALUES(323,'payment','balance_due',850712674,407201487,'Spree::Order','balance_due','2013-05-06 20:21:54.397533','2013-05-06 20:21:54.397533');
INSERT INTO "spree_state_changes" VALUES(324,'shipment','pending',850712674,407201487,'Spree::Order','pending','2013-05-06 20:21:54.407589','2013-05-06 20:21:54.407589');
INSERT INTO "spree_state_changes" VALUES(325,'payment',NULL,862055596,771020115,'Spree::Order','balance_due','2013-05-06 20:21:54.512575','2013-05-06 20:21:54.512575');
INSERT INTO "spree_state_changes" VALUES(326,'shipment',NULL,862055596,771020115,'Spree::Order','pending','2013-05-06 20:21:54.526619','2013-05-06 20:21:54.526619');
INSERT INTO "spree_state_changes" VALUES(327,'payment','balance_due',862055596,771020115,'Spree::Order','balance_due','2013-05-06 20:21:54.566140','2013-05-06 20:21:54.566140');
INSERT INTO "spree_state_changes" VALUES(328,'shipment','pending',862055596,771020115,'Spree::Order','pending','2013-05-06 20:21:54.576633','2013-05-06 20:21:54.576633');
INSERT INTO "spree_state_changes" VALUES(329,'payment',NULL,892126383,534608386,'Spree::Order','balance_due','2013-05-06 20:21:54.604624','2013-05-06 20:21:54.604624');
INSERT INTO "spree_state_changes" VALUES(330,'shipment',NULL,892126383,534608386,'Spree::Order','pending','2013-05-06 20:21:54.617651','2013-05-06 20:21:54.617651');
INSERT INTO "spree_state_changes" VALUES(331,'payment','balance_due',892126383,534608386,'Spree::Order','balance_due','2013-05-06 20:21:54.649634','2013-05-06 20:21:54.649634');
INSERT INTO "spree_state_changes" VALUES(332,'shipment','pending',892126383,534608386,'Spree::Order','pending','2013-05-06 20:21:54.659922','2013-05-06 20:21:54.659922');
INSERT INTO "spree_state_changes" VALUES(333,'payment',NULL,893297750,533666555,'Spree::Order','balance_due','2013-05-06 20:21:54.685053','2013-05-06 20:21:54.685053');
INSERT INTO "spree_state_changes" VALUES(334,'shipment',NULL,893297750,533666555,'Spree::Order','pending','2013-05-06 20:21:54.698202','2013-05-06 20:21:54.698202');
INSERT INTO "spree_state_changes" VALUES(335,'payment','balance_due',893297750,533666555,'Spree::Order','balance_due','2013-05-06 20:21:54.730820','2013-05-06 20:21:54.730820');
INSERT INTO "spree_state_changes" VALUES(336,'shipment','pending',893297750,533666555,'Spree::Order','pending','2013-05-06 20:21:54.740033','2013-05-06 20:21:54.740033');
INSERT INTO "spree_state_changes" VALUES(337,'payment',NULL,902528130,523944495,'Spree::Order','balance_due','2013-05-06 20:21:54.766038','2013-05-06 20:21:54.766038');
INSERT INTO "spree_state_changes" VALUES(338,'shipment',NULL,902528130,523944495,'Spree::Order','pending','2013-05-06 20:21:54.857457','2013-05-06 20:21:54.857457');
INSERT INTO "spree_state_changes" VALUES(339,'payment','balance_due',902528130,523944495,'Spree::Order','balance_due','2013-05-06 20:21:54.891182','2013-05-06 20:21:54.891182');
INSERT INTO "spree_state_changes" VALUES(340,'shipment','pending',902528130,523944495,'Spree::Order','pending','2013-05-06 20:21:54.899389','2013-05-06 20:21:54.899389');
INSERT INTO "spree_state_changes" VALUES(341,'payment',NULL,903421051,522756822,'Spree::Order','balance_due','2013-05-06 20:21:54.928989','2013-05-06 20:21:54.928989');
INSERT INTO "spree_state_changes" VALUES(342,'shipment',NULL,903421051,522756822,'Spree::Order','pending','2013-05-06 20:21:54.940988','2013-05-06 20:21:54.940988');
INSERT INTO "spree_state_changes" VALUES(343,'payment','balance_due',903421051,522756822,'Spree::Order','balance_due','2013-05-06 20:21:54.975465','2013-05-06 20:21:54.975465');
INSERT INTO "spree_state_changes" VALUES(344,'shipment','pending',903421051,522756822,'Spree::Order','pending','2013-05-06 20:21:54.985276','2013-05-06 20:21:54.985276');
INSERT INTO "spree_state_changes" VALUES(345,'payment',NULL,906884218,486296279,'Spree::Order','balance_due','2013-05-06 20:21:55.014451','2013-05-06 20:21:55.014451');
INSERT INTO "spree_state_changes" VALUES(346,'shipment',NULL,906884218,486296279,'Spree::Order','pending','2013-05-06 20:21:55.025760','2013-05-06 20:21:55.025760');
INSERT INTO "spree_state_changes" VALUES(347,'payment','balance_due',906884218,486296279,'Spree::Order','balance_due','2013-05-06 20:21:55.060863','2013-05-06 20:21:55.060863');
INSERT INTO "spree_state_changes" VALUES(348,'shipment','pending',906884218,486296279,'Spree::Order','pending','2013-05-06 20:21:55.069929','2013-05-06 20:21:55.069929');
INSERT INTO "spree_state_changes" VALUES(349,'payment',NULL,931498615,494154972,'Spree::Order','balance_due','2013-05-06 20:21:55.097379','2013-05-06 20:21:55.097379');
INSERT INTO "spree_state_changes" VALUES(350,'shipment',NULL,931498615,494154972,'Spree::Order','pending','2013-05-06 20:21:55.188106','2013-05-06 20:21:55.188106');
INSERT INTO "spree_state_changes" VALUES(351,'payment','balance_due',931498615,494154972,'Spree::Order','balance_due','2013-05-06 20:21:55.224854','2013-05-06 20:21:55.224854');
INSERT INTO "spree_state_changes" VALUES(352,'shipment','pending',931498615,494154972,'Spree::Order','pending','2013-05-06 20:21:55.234267','2013-05-06 20:21:55.234267');
INSERT INTO "spree_state_changes" VALUES(353,'payment',NULL,932702864,493245475,'Spree::Order','balance_due','2013-05-06 20:21:55.265916','2013-05-06 20:21:55.265916');
INSERT INTO "spree_state_changes" VALUES(354,'shipment',NULL,932702864,493245475,'Spree::Order','pending','2013-05-06 20:21:55.278772','2013-05-06 20:21:55.278772');
INSERT INTO "spree_state_changes" VALUES(355,'payment','balance_due',932702864,493245475,'Spree::Order','balance_due','2013-05-06 20:21:55.312807','2013-05-06 20:21:55.312807');
INSERT INTO "spree_state_changes" VALUES(356,'shipment','pending',932702864,493245475,'Spree::Order','pending','2013-05-06 20:21:55.323821','2013-05-06 20:21:55.323821');
INSERT INTO "spree_state_changes" VALUES(357,'payment',NULL,952376497,305504796,'Spree::Order','balance_due','2013-05-06 20:21:55.351458','2013-05-06 20:21:55.351458');
INSERT INTO "spree_state_changes" VALUES(358,'shipment',NULL,952376497,305504796,'Spree::Order','pending','2013-05-06 20:21:55.364784','2013-05-06 20:21:55.364784');
INSERT INTO "spree_state_changes" VALUES(359,'payment','balance_due',952376497,305504796,'Spree::Order','balance_due','2013-05-06 20:21:55.397669','2013-05-06 20:21:55.397669');
INSERT INTO "spree_state_changes" VALUES(360,'shipment','pending',952376497,305504796,'Spree::Order','pending','2013-05-06 20:21:55.408630','2013-05-06 20:21:55.408630');
INSERT INTO "spree_state_changes" VALUES(361,'payment',NULL,953580620,304595689,'Spree::Order','balance_due','2013-05-06 20:21:55.512942','2013-05-06 20:21:55.512942');
INSERT INTO "spree_state_changes" VALUES(362,'shipment',NULL,953580620,304595689,'Spree::Order','pending','2013-05-06 20:21:55.526665','2013-05-06 20:21:55.526665');
INSERT INTO "spree_state_changes" VALUES(363,'payment','balance_due',953580620,304595689,'Spree::Order','balance_due','2013-05-06 20:21:55.563895','2013-05-06 20:21:55.563895');
INSERT INTO "spree_state_changes" VALUES(364,'shipment','pending',953580620,304595689,'Spree::Order','pending','2013-05-06 20:21:55.576093','2013-05-06 20:21:55.576093');
INSERT INTO "spree_state_changes" VALUES(365,'payment',NULL,961307330,331209749,'Spree::Order','balance_due','2013-05-06 20:21:55.604084','2013-05-06 20:21:55.604084');
INSERT INTO "spree_state_changes" VALUES(366,'shipment',NULL,961307330,331209749,'Spree::Order','pending','2013-05-06 20:21:55.618343','2013-05-06 20:21:55.618343');
INSERT INTO "spree_state_changes" VALUES(367,'payment','balance_due',961307330,331209749,'Spree::Order','balance_due','2013-05-06 20:21:55.650572','2013-05-06 20:21:55.650572');
INSERT INTO "spree_state_changes" VALUES(368,'shipment','pending',961307330,331209749,'Spree::Order','pending','2013-05-06 20:21:55.661855','2013-05-06 20:21:55.661855');
INSERT INTO "spree_state_changes" VALUES(369,'payment',NULL,983075517,275330066,'Spree::Order','balance_due','2013-05-06 20:21:55.686356','2013-05-06 20:21:55.686356');
INSERT INTO "spree_state_changes" VALUES(370,'shipment',NULL,983075517,275330066,'Spree::Order','pending','2013-05-06 20:21:55.699581','2013-05-06 20:21:55.699581');
INSERT INTO "spree_state_changes" VALUES(371,'payment','balance_due',983075517,275330066,'Spree::Order','balance_due','2013-05-06 20:21:55.735234','2013-05-06 20:21:55.735234');
INSERT INTO "spree_state_changes" VALUES(372,'shipment','pending',983075517,275330066,'Spree::Order','pending','2013-05-06 20:21:55.745292','2013-05-06 20:21:55.745292');
INSERT INTO "spree_state_changes" VALUES(373,'payment',NULL,987209861,608344442,'Spree::Order','balance_due','2013-05-06 20:21:55.853170','2013-05-06 20:21:55.853170');
INSERT INTO "spree_state_changes" VALUES(374,'shipment',NULL,987209861,608344442,'Spree::Order','pending','2013-05-06 20:21:55.868679','2013-05-06 20:21:55.868679');
INSERT INTO "spree_state_changes" VALUES(375,'payment','balance_due',987209861,608344442,'Spree::Order','balance_due','2013-05-06 20:21:55.904331','2013-05-06 20:21:55.904331');
INSERT INTO "spree_state_changes" VALUES(376,'shipment','pending',987209861,608344442,'Spree::Order','pending','2013-05-06 20:21:55.912748','2013-05-06 20:21:55.912748');
INSERT INTO "spree_state_changes" VALUES(377,'payment',NULL,1004874852,286560969,'Spree::Order','balance_due','2013-05-06 20:21:55.940250','2013-05-06 20:21:55.940250');
INSERT INTO "spree_state_changes" VALUES(378,'shipment',NULL,1004874852,286560969,'Spree::Order','pending','2013-05-06 20:21:55.953136','2013-05-06 20:21:55.953136');
INSERT INTO "spree_state_changes" VALUES(379,'payment','balance_due',1004874852,286560969,'Spree::Order','balance_due','2013-05-06 20:21:55.986305','2013-05-06 20:21:55.986305');
INSERT INTO "spree_state_changes" VALUES(380,'shipment','pending',1004874852,286560969,'Spree::Order','pending','2013-05-06 20:21:55.994628','2013-05-06 20:21:55.994628');
INSERT INTO "spree_state_changes" VALUES(381,'payment',NULL,1014837421,378310152,'Spree::Order','balance_due','2013-05-06 20:21:56.020531','2013-05-06 20:21:56.020531');
INSERT INTO "spree_state_changes" VALUES(382,'shipment',NULL,1014837421,378310152,'Spree::Order','pending','2013-05-06 20:21:56.035291','2013-05-06 20:21:56.035291');
INSERT INTO "spree_state_changes" VALUES(383,'payment','balance_due',1014837421,378310152,'Spree::Order','balance_due','2013-05-06 20:21:56.078459','2013-05-06 20:21:56.078459');
INSERT INTO "spree_state_changes" VALUES(384,'shipment','pending',1014837421,378310152,'Spree::Order','pending','2013-05-06 20:21:56.086497','2013-05-06 20:21:56.086497');
INSERT INTO "spree_state_changes" VALUES(385,'payment',NULL,1035625630,590306657,'Spree::Order','balance_due','2013-05-06 20:21:56.187334','2013-05-06 20:21:56.187334');
INSERT INTO "spree_state_changes" VALUES(386,'shipment',NULL,1035625630,590306657,'Spree::Order','pending','2013-05-06 20:21:56.201085','2013-05-06 20:21:56.201085');
INSERT INTO "spree_state_changes" VALUES(387,'payment','balance_due',1035625630,590306657,'Spree::Order','balance_due','2013-05-06 20:21:56.238015','2013-05-06 20:21:56.238015');
INSERT INTO "spree_state_changes" VALUES(388,'shipment','pending',1035625630,590306657,'Spree::Order','pending','2013-05-06 20:21:56.246346','2013-05-06 20:21:56.246346');
INSERT INTO "spree_state_changes" VALUES(389,'payment',NULL,1039486630,386199561,'Spree::Order','balance_due','2013-05-06 20:21:56.276372','2013-05-06 20:21:56.276372');
INSERT INTO "spree_state_changes" VALUES(390,'shipment',NULL,1039486630,386199561,'Spree::Order','pending','2013-05-06 20:21:56.289665','2013-05-06 20:21:56.289665');
INSERT INTO "spree_state_changes" VALUES(391,'payment','balance_due',1039486630,386199561,'Spree::Order','balance_due','2013-05-06 20:21:56.326847','2013-05-06 20:21:56.326847');
INSERT INTO "spree_state_changes" VALUES(392,'shipment','pending',1039486630,386199561,'Spree::Order','pending','2013-05-06 20:21:56.335524','2013-05-06 20:21:56.335524');
INSERT INTO "spree_state_changes" VALUES(393,'payment',NULL,1068095656,358114821,'Spree::Order','balance_due','2013-05-06 20:21:56.364480','2013-05-06 20:21:56.364480');
INSERT INTO "spree_state_changes" VALUES(394,'shipment',NULL,1068095656,358114821,'Spree::Order','pending','2013-05-06 20:21:56.376258','2013-05-06 20:21:56.376258');
INSERT INTO "spree_state_changes" VALUES(395,'payment','balance_due',1068095656,358114821,'Spree::Order','balance_due','2013-05-06 20:21:56.410360','2013-05-06 20:21:56.410360');
INSERT INTO "spree_state_changes" VALUES(396,'shipment','pending',1068095656,358114821,'Spree::Order','pending','2013-05-06 20:21:56.419012','2013-05-06 20:21:56.419012');
INSERT INTO "spree_state_changes" VALUES(397,'payment',NULL,1069267029,357172992,'Spree::Order','balance_due','2013-05-06 20:21:56.527122','2013-05-06 20:21:56.527122');
INSERT INTO "spree_state_changes" VALUES(398,'shipment',NULL,1069267029,357172992,'Spree::Order','pending','2013-05-06 20:21:56.540188','2013-05-06 20:21:56.540188');
INSERT INTO "spree_state_changes" VALUES(399,'payment','balance_due',1069267029,357172992,'Spree::Order','balance_due','2013-05-06 20:21:56.576346','2013-05-06 20:21:56.576346');
INSERT INTO "spree_state_changes" VALUES(400,'shipment','pending',1069267029,357172992,'Spree::Order','pending','2013-05-06 20:21:56.584781','2013-05-06 20:21:56.584781');
INSERT INTO "spree_state_changes" VALUES(401,'payment',NULL,1069267030,NULL,'Spree::Order','balance_due','2013-05-06 20:23:13.492951','2013-05-06 20:23:13.492951');
INSERT INTO "spree_state_changes" VALUES(402,'shipment',NULL,1069267030,NULL,'Spree::Order',NULL,'2013-05-06 20:23:13.517098','2013-05-06 20:23:13.517098');
INSERT INTO "spree_state_changes" VALUES(403,'payment',NULL,1069267031,NULL,'Spree::Order','balance_due','2013-05-23 14:09:14.952880','2013-05-23 14:09:14.952880');
INSERT INTO "spree_state_changes" VALUES(404,'shipment',NULL,1069267031,NULL,'Spree::Order',NULL,'2013-05-23 14:09:14.973031','2013-05-23 14:09:14.973031');
INSERT INTO "spree_state_changes" VALUES(405,'payment','balance_due',1069267031,NULL,'Spree::Order','balance_due','2013-05-23 14:09:27.590718','2013-05-23 14:09:27.590718');
INSERT INTO "spree_state_changes" VALUES(406,'shipment',NULL,1069267031,NULL,'Spree::Order',NULL,'2013-05-23 14:09:27.595224','2013-05-23 14:09:27.595224');
INSERT INTO "spree_state_changes" VALUES(407,'payment','balance_due',1069267030,1,'Spree::Order','balance_due','2013-05-23 14:10:53.659854','2013-05-23 14:10:53.659854');
INSERT INTO "spree_state_changes" VALUES(408,'shipment',NULL,1069267030,1,'Spree::Order',NULL,'2013-05-23 14:10:53.666659','2013-05-23 14:10:53.666659');
INSERT INTO "spree_state_changes" VALUES(409,'payment','balance_due',1069267031,1,'Spree::Order','balance_due','2013-05-23 14:26:37.899761','2013-05-23 14:26:37.899761');
INSERT INTO "spree_state_changes" VALUES(410,'shipment',NULL,1069267031,1,'Spree::Order','pending','2013-05-23 14:26:37.910992','2013-05-23 14:26:37.910992');
INSERT INTO "spree_state_changes" VALUES(411,'payment','balance_due',1069267031,1,'Spree::Order','balance_due','2013-05-23 14:26:37.935033','2013-05-23 14:26:37.935033');
INSERT INTO "spree_state_changes" VALUES(412,'shipment','pending',1069267031,1,'Spree::Order','pending','2013-05-23 14:26:37.942003','2013-05-23 14:26:37.942003');
INSERT INTO "spree_state_changes" VALUES(413,'payment','balance_due',1069267031,1,'Spree::Order','balance_due','2013-05-23 14:26:37.971379','2013-05-23 14:26:37.971379');
INSERT INTO "spree_state_changes" VALUES(414,'shipment','pending',1069267031,1,'Spree::Order','pending','2013-05-23 14:26:37.983612','2013-05-23 14:26:37.983612');
INSERT INTO "spree_state_changes" VALUES(415,'payment','balance_due',1069267031,1,'Spree::Order','balance_due','2013-05-23 14:26:37.997477','2013-05-23 14:26:37.997477');
INSERT INTO "spree_state_changes" VALUES(416,'shipment','pending',1069267031,1,'Spree::Order','pending','2013-05-23 14:26:38.003778','2013-05-23 14:26:38.003778');
INSERT INTO "spree_state_changes" VALUES(417,'payment','balance_due',1069267031,1,'Spree::Order','balance_due','2013-05-23 14:26:38.094583','2013-05-23 14:26:38.094583');
INSERT INTO "spree_state_changes" VALUES(418,'shipment','pending',1069267031,1,'Spree::Order','pending','2013-05-23 14:26:38.106319','2013-05-23 14:26:38.106319');
INSERT INTO "spree_state_changes" VALUES(419,'payment','balance_due',1069267031,1,'Spree::Order','balance_due','2013-05-23 14:26:38.130194','2013-05-23 14:26:38.130194');
INSERT INTO "spree_state_changes" VALUES(420,'shipment','pending',1069267031,1,'Spree::Order','pending','2013-05-23 14:26:38.138548','2013-05-23 14:26:38.138548');
INSERT INTO "spree_state_changes" VALUES(421,'payment','balance_due',1069267031,1,'Spree::Order','balance_due','2013-05-23 14:27:02.178051','2013-05-23 14:27:02.178051');
INSERT INTO "spree_state_changes" VALUES(422,'shipment','pending',1069267031,1,'Spree::Order','pending','2013-05-23 14:27:02.187932','2013-05-23 14:27:02.187932');
INSERT INTO "spree_state_changes" VALUES(423,'payment','balance_due',1069267031,1,'Spree::Order','balance_due','2013-05-23 14:27:02.206650','2013-05-23 14:27:02.206650');
INSERT INTO "spree_state_changes" VALUES(424,'shipment','pending',1069267031,1,'Spree::Order','pending','2013-05-23 14:27:02.213572','2013-05-23 14:27:02.213572');
INSERT INTO "spree_state_changes" VALUES(425,'payment','balance_due',1069267031,1,'Spree::Order','balance_due','2013-05-23 14:27:02.251444','2013-05-23 14:27:02.251444');
INSERT INTO "spree_state_changes" VALUES(426,'shipment','pending',1069267031,1,'Spree::Order','pending','2013-05-23 14:27:02.257493','2013-05-23 14:27:02.257493');
INSERT INTO "spree_state_changes" VALUES(427,'payment','balance_due',1069267031,1,'Spree::Order','balance_due','2013-05-23 14:27:02.273640','2013-05-23 14:27:02.273640');
INSERT INTO "spree_state_changes" VALUES(428,'shipment','pending',1069267031,1,'Spree::Order','pending','2013-05-23 14:27:02.279643','2013-05-23 14:27:02.279643');
INSERT INTO "spree_state_changes" VALUES(429,'payment','balance_due',1069267031,1,'Spree::Order','balance_due','2013-05-23 14:27:02.308422','2013-05-23 14:27:02.308422');
INSERT INTO "spree_state_changes" VALUES(430,'shipment','pending',1069267031,1,'Spree::Order','pending','2013-05-23 14:27:02.314272','2013-05-23 14:27:02.314272');
INSERT INTO "spree_state_changes" VALUES(431,'payment','balance_due',1069267031,1,'Spree::Order','balance_due','2013-05-23 14:27:02.329673','2013-05-23 14:27:02.329673');
INSERT INTO "spree_state_changes" VALUES(432,'shipment','pending',1069267031,1,'Spree::Order','pending','2013-05-23 14:27:02.339384','2013-05-23 14:27:02.339384');
INSERT INTO "spree_state_changes" VALUES(433,'payment','balance_due',1069267031,1,'Spree::Order','balance_due','2013-05-23 14:27:02.383147','2013-05-23 14:27:02.383147');
INSERT INTO "spree_state_changes" VALUES(434,'shipment','pending',1069267031,1,'Spree::Order','pending','2013-05-23 14:27:02.391096','2013-05-23 14:27:02.391096');
INSERT INTO "spree_state_changes" VALUES(435,'payment','balance_due',1069267031,1,'Spree::Order','balance_due','2013-05-23 14:27:02.406399','2013-05-23 14:27:02.406399');
INSERT INTO "spree_state_changes" VALUES(436,'shipment','pending',1069267031,1,'Spree::Order','pending','2013-05-23 14:27:02.412822','2013-05-23 14:27:02.412822');
INSERT INTO "spree_state_changes" VALUES(437,'payment','balance_due',1069267031,1,'Spree::Order','balance_due','2013-05-23 14:27:02.443131','2013-05-23 14:27:02.443131');
INSERT INTO "spree_state_changes" VALUES(438,'shipment','pending',1069267031,1,'Spree::Order','pending','2013-05-23 14:27:02.448837','2013-05-23 14:27:02.448837');
INSERT INTO "spree_state_changes" VALUES(439,'payment','balance_due',1069267031,1,'Spree::Order','balance_due','2013-05-23 14:27:02.463408','2013-05-23 14:27:02.463408');
INSERT INTO "spree_state_changes" VALUES(440,'shipment','pending',1069267031,1,'Spree::Order','pending','2013-05-23 14:27:02.471102','2013-05-23 14:27:02.471102');
INSERT INTO "spree_state_changes" VALUES(441,'payment','balance_due',1069267031,1,'Spree::Order','balance_due','2013-05-23 14:27:02.735872','2013-05-23 14:27:02.735872');
INSERT INTO "spree_state_changes" VALUES(442,'shipment','pending',1069267031,1,'Spree::Order','pending','2013-05-23 14:27:02.743878','2013-05-23 14:27:02.743878');
INSERT INTO "spree_state_changes" VALUES(443,'payment','balance_due',1069267031,1,'Spree::Order','balance_due','2013-05-23 14:27:02.762776','2013-05-23 14:27:02.762776');
INSERT INTO "spree_state_changes" VALUES(444,'shipment','pending',1069267031,1,'Spree::Order','pending','2013-05-23 14:27:02.770261','2013-05-23 14:27:02.770261');
INSERT INTO "spree_state_changes" VALUES(445,'payment','balance_due',1069267031,1,'Spree::Order','balance_due','2013-05-23 14:27:02.847073','2013-05-23 14:27:02.847073');
INSERT INTO "spree_state_changes" VALUES(446,'shipment','pending',1069267031,1,'Spree::Order','pending','2013-05-23 14:27:02.854093','2013-05-23 14:27:02.854093');
INSERT INTO "spree_state_changes" VALUES(447,'payment','balance_due',1069267031,1,'Spree::Order','balance_due','2013-05-23 14:27:02.867657','2013-05-23 14:27:02.867657');
INSERT INTO "spree_state_changes" VALUES(448,'shipment','pending',1069267031,1,'Spree::Order','pending','2013-05-23 14:27:02.873721','2013-05-23 14:27:02.873721');
INSERT INTO "spree_state_changes" VALUES(449,'payment','balance_due',1069267031,1,'Spree::Order','balance_due','2013-05-23 14:27:20.086543','2013-05-23 14:27:20.086543');
INSERT INTO "spree_state_changes" VALUES(450,'shipment','pending',1069267031,1,'Spree::Order','pending','2013-05-23 14:27:20.101462','2013-05-23 14:27:20.101462');
INSERT INTO "spree_state_changes" VALUES(451,'payment','balance_due',1069267031,1,'Spree::Order','balance_due','2013-05-23 14:27:20.128453','2013-05-23 14:27:20.128453');
INSERT INTO "spree_state_changes" VALUES(452,'shipment','pending',1069267031,1,'Spree::Order','pending','2013-05-23 14:27:20.136565','2013-05-23 14:27:20.136565');
INSERT INTO "spree_state_changes" VALUES(453,'payment','balance_due',1069267031,1,'Spree::Order','balance_due','2013-05-23 14:27:20.199496','2013-05-23 14:27:20.199496');
INSERT INTO "spree_state_changes" VALUES(454,'shipment','pending',1069267031,1,'Spree::Order','pending','2013-05-23 14:27:20.206376','2013-05-23 14:27:20.206376');
INSERT INTO "spree_state_changes" VALUES(455,'payment','balance_due',1069267031,1,'Spree::Order','balance_due','2013-05-23 14:27:20.224617','2013-05-23 14:27:20.224617');
INSERT INTO "spree_state_changes" VALUES(456,'shipment','pending',1069267031,1,'Spree::Order','pending','2013-05-23 14:27:20.232190','2013-05-23 14:27:20.232190');
INSERT INTO "spree_state_changes" VALUES(457,'payment','balance_due',1069267031,1,'Spree::Order','balance_due','2013-05-23 14:27:20.284727','2013-05-23 14:27:20.284727');
INSERT INTO "spree_state_changes" VALUES(458,'shipment','pending',1069267031,1,'Spree::Order','pending','2013-05-23 14:27:20.293020','2013-05-23 14:27:20.293020');
INSERT INTO "spree_state_changes" VALUES(459,'payment','balance_due',1069267031,1,'Spree::Order','balance_due','2013-05-23 14:27:20.335133','2013-05-23 14:27:20.335133');
INSERT INTO "spree_state_changes" VALUES(460,'shipment','pending',1069267031,1,'Spree::Order','pending','2013-05-23 14:27:20.345505','2013-05-23 14:27:20.345505');
INSERT INTO "spree_state_changes" VALUES(461,'payment','balance_due',1069267031,1,'Spree::Order','balance_due','2013-05-23 14:27:20.370632','2013-05-23 14:27:20.370632');
INSERT INTO "spree_state_changes" VALUES(462,'shipment','pending',1069267031,1,'Spree::Order','pending','2013-05-23 14:27:20.392158','2013-05-23 14:27:20.392158');
INSERT INTO "spree_state_changes" VALUES(463,'payment','balance_due',1069267031,1,'Spree::Order','balance_due','2013-05-23 14:27:20.438822','2013-05-23 14:27:20.438822');
INSERT INTO "spree_state_changes" VALUES(464,'shipment','pending',1069267031,1,'Spree::Order','pending','2013-05-23 14:27:20.445758','2013-05-23 14:27:20.445758');
INSERT INTO "spree_state_changes" VALUES(465,'payment','balance_due',1069267031,1,'Spree::Order','balance_due','2013-05-23 14:27:20.463549','2013-05-23 14:27:20.463549');
INSERT INTO "spree_state_changes" VALUES(466,'shipment','pending',1069267031,1,'Spree::Order','pending','2013-05-23 14:27:20.469943','2013-05-23 14:27:20.469943');
INSERT INTO "spree_state_changes" VALUES(467,'payment','balance_due',1069267031,1,'Spree::Order','balance_due','2013-05-23 14:27:20.550343','2013-05-23 14:27:20.550343');
INSERT INTO "spree_state_changes" VALUES(468,'shipment','pending',1069267031,1,'Spree::Order','backorder','2013-05-23 14:27:20.557034','2013-05-23 14:27:20.557034');
INSERT INTO "spree_state_changes" VALUES(469,'payment','balance_due',1069267031,1,'Spree::Order','balance_due','2013-05-23 14:27:20.569423','2013-05-23 14:27:20.569423');
INSERT INTO "spree_state_changes" VALUES(470,'shipment','pending',1069267031,1,'Spree::Order','backorder','2013-05-23 14:27:20.575239','2013-05-23 14:27:20.575239');
INSERT INTO "spree_state_changes" VALUES(471,'payment','balance_due',1069267031,1,'Spree::Order','balance_due','2013-05-23 14:27:20.588949','2013-05-23 14:27:20.588949');
INSERT INTO "spree_state_changes" VALUES(472,'shipment','pending',1069267031,1,'Spree::Order','backorder','2013-05-23 14:27:20.595045','2013-05-23 14:27:20.595045');
INSERT INTO "spree_state_changes" VALUES(473,'order','cart',1069267031,1,'Spree::Order','complete','2013-05-23 14:27:20.954175','2013-05-23 14:27:20.954175');
INSERT INTO "spree_state_changes" VALUES(474,'payment','balance_due',1069267031,1,'Spree::Order','balance_due','2013-05-23 14:27:21.147942','2013-05-23 14:27:21.147942');
INSERT INTO "spree_state_changes" VALUES(475,'shipment','backorder',1069267031,1,'Spree::Order','backorder','2013-05-23 14:27:21.155623','2013-05-23 14:27:21.155623');
INSERT INTO "spree_state_changes" VALUES(476,'payment','balance_due',1069267031,1,'Spree::Order','balance_due','2013-05-23 14:27:21.171683','2013-05-23 14:27:21.171683');
INSERT INTO "spree_state_changes" VALUES(477,'shipment','backorder',1069267031,1,'Spree::Order','backorder','2013-05-23 14:27:21.178377','2013-05-23 14:27:21.178377');
INSERT INTO "spree_state_changes" VALUES(478,'payment','balance_due',1069267031,1,'Spree::Order','balance_due','2013-05-23 14:27:21.214721','2013-05-23 14:27:21.214721');
INSERT INTO "spree_state_changes" VALUES(479,'shipment','backorder',1069267031,1,'Spree::Order','backorder','2013-05-23 14:27:21.220105','2013-05-23 14:27:21.220105');
INSERT INTO "spree_state_changes" VALUES(480,'payment','balance_due',1069267031,1,'Spree::Order','balance_due','2013-05-23 14:27:21.335357','2013-05-23 14:27:21.335357');
INSERT INTO "spree_state_changes" VALUES(481,'shipment','backorder',1069267031,1,'Spree::Order','backorder','2013-05-23 14:27:21.341686','2013-05-23 14:27:21.341686');
INSERT INTO "spree_state_changes" VALUES(482,'payment','balance_due',1069267031,1,'Spree::Order','balance_due','2013-05-23 14:29:01.952848','2013-05-23 14:29:01.952848');
INSERT INTO "spree_state_changes" VALUES(483,'shipment','backorder',1069267031,1,'Spree::Order','backorder','2013-05-23 14:29:01.963086','2013-05-23 14:29:01.963086');
INSERT INTO "spree_state_changes" VALUES(484,'payment','balance_due',1069267031,1,'Spree::Order','paid','2013-05-23 14:29:02.023704','2013-05-23 14:29:02.023704');
INSERT INTO "spree_state_changes" VALUES(485,'shipment','backorder',1069267031,1,'Spree::Order','backorder','2013-05-23 14:29:02.028502','2013-05-23 14:29:02.028502');
INSERT INTO "spree_state_changes" VALUES(486,'payment','paid',1069267031,1,'Spree::Order','paid','2013-05-23 14:30:21.408495','2013-05-23 14:30:21.408495');
INSERT INTO "spree_state_changes" VALUES(487,'shipment','backorder',1069267031,1,'Spree::Order','ready','2013-05-23 14:30:21.424710','2013-05-23 14:30:21.424710');
INSERT INTO "spree_state_changes" VALUES(488,'payment','paid',1069267031,1,'Spree::Order','balance_due','2013-05-23 14:32:37.749441','2013-05-23 14:32:37.749441');
INSERT INTO "spree_state_changes" VALUES(489,'shipment','ready',1069267031,1,'Spree::Order','pending','2013-05-23 14:32:37.760627','2013-05-23 14:32:37.760627');
INSERT INTO "spree_state_changes" VALUES(490,'payment','balance_due',1069267031,1,'Spree::Order','balance_due','2013-05-23 14:32:37.778716','2013-05-23 14:32:37.778716');
INSERT INTO "spree_state_changes" VALUES(491,'shipment','pending',1069267031,1,'Spree::Order','pending','2013-05-23 14:32:37.787717','2013-05-23 14:32:37.787717');
INSERT INTO "spree_state_changes" VALUES(492,'payment','balance_due',1069267031,1,'Spree::Order','paid','2013-05-23 14:34:25.883684','2013-05-23 14:34:25.883684');
INSERT INTO "spree_state_changes" VALUES(493,'shipment','pending',1069267031,1,'Spree::Order','ready','2013-05-23 14:34:25.900563','2013-05-23 14:34:25.900563');
INSERT INTO "spree_state_changes" VALUES(494,'payment','paid',1069267031,1,'Spree::Order','paid','2013-05-23 14:36:50.722568','2013-05-23 14:36:50.722568');
INSERT INTO "spree_state_changes" VALUES(495,'shipment','ready',1069267031,1,'Spree::Order','shipped','2013-05-23 14:36:50.731808','2013-05-23 14:36:50.731808');
INSERT INTO "spree_state_changes" VALUES(496,'payment','paid',1069267031,1,'Spree::Order','paid','2013-05-23 14:36:50.748137','2013-05-23 14:36:50.748137');
INSERT INTO "spree_state_changes" VALUES(497,'shipment','ready',1069267031,1,'Spree::Order','shipped','2013-05-23 14:36:50.756669','2013-05-23 14:36:50.756669');
INSERT INTO "spree_state_changes" VALUES(498,'payment',NULL,1069267032,1,'Spree::Order','balance_due','2013-05-23 17:06:18.549336','2013-05-23 17:06:18.549336');
INSERT INTO "spree_state_changes" VALUES(499,'shipment',NULL,1069267032,1,'Spree::Order',NULL,'2013-05-23 17:06:18.568474','2013-05-23 17:06:18.568474');
INSERT INTO "spree_state_changes" VALUES(500,'payment','balance_due',1069267032,1,'Spree::Order','balance_due','2013-05-23 17:39:21.837953','2013-05-23 17:39:21.837953');
INSERT INTO "spree_state_changes" VALUES(501,'shipment',NULL,1069267032,1,'Spree::Order',NULL,'2013-05-23 17:39:21.843880','2013-05-23 17:39:21.843880');
INSERT INTO "spree_state_changes" VALUES(502,'payment','balance_due',1069267032,1,'Spree::Order','balance_due','2013-05-23 18:02:50.984244','2013-05-23 18:02:50.984244');
INSERT INTO "spree_state_changes" VALUES(503,'shipment',NULL,1069267032,1,'Spree::Order','pending','2013-05-23 18:02:50.992242','2013-05-23 18:02:50.992242');
INSERT INTO "spree_state_changes" VALUES(504,'payment','balance_due',1069267032,1,'Spree::Order','balance_due','2013-05-23 18:02:51.013194','2013-05-23 18:02:51.013194');
INSERT INTO "spree_state_changes" VALUES(505,'shipment','pending',1069267032,1,'Spree::Order','pending','2013-05-23 18:02:51.020029','2013-05-23 18:02:51.020029');
INSERT INTO "spree_state_changes" VALUES(506,'payment','balance_due',1069267032,1,'Spree::Order','balance_due','2013-05-23 18:02:51.044957','2013-05-23 18:02:51.044957');
INSERT INTO "spree_state_changes" VALUES(507,'shipment','pending',1069267032,1,'Spree::Order','pending','2013-05-23 18:02:51.055063','2013-05-23 18:02:51.055063');
INSERT INTO "spree_state_changes" VALUES(508,'payment','balance_due',1069267032,1,'Spree::Order','balance_due','2013-05-23 18:02:51.068851','2013-05-23 18:02:51.068851');
INSERT INTO "spree_state_changes" VALUES(509,'shipment','pending',1069267032,1,'Spree::Order','pending','2013-05-23 18:02:51.074684','2013-05-23 18:02:51.074684');
INSERT INTO "spree_state_changes" VALUES(510,'payment','balance_due',1069267032,1,'Spree::Order','balance_due','2013-05-23 18:02:51.149614','2013-05-23 18:02:51.149614');
INSERT INTO "spree_state_changes" VALUES(511,'shipment','pending',1069267032,1,'Spree::Order','pending','2013-05-23 18:02:51.158325','2013-05-23 18:02:51.158325');
INSERT INTO "spree_state_changes" VALUES(512,'payment','balance_due',1069267032,1,'Spree::Order','balance_due','2013-05-23 18:02:51.174156','2013-05-23 18:02:51.174156');
INSERT INTO "spree_state_changes" VALUES(513,'shipment','pending',1069267032,1,'Spree::Order','pending','2013-05-23 18:02:51.181534','2013-05-23 18:02:51.181534');
INSERT INTO "spree_state_changes" VALUES(514,'payment','balance_due',1069267032,1,'Spree::Order','balance_due','2013-05-23 18:04:15.759144','2013-05-23 18:04:15.759144');
INSERT INTO "spree_state_changes" VALUES(515,'shipment','pending',1069267032,1,'Spree::Order','pending','2013-05-23 18:04:15.766917','2013-05-23 18:04:15.766917');
INSERT INTO "spree_state_changes" VALUES(516,'payment','balance_due',1069267032,1,'Spree::Order','balance_due','2013-05-23 18:04:15.782200','2013-05-23 18:04:15.782200');
INSERT INTO "spree_state_changes" VALUES(517,'shipment','pending',1069267032,1,'Spree::Order','pending','2013-05-23 18:04:15.788806','2013-05-23 18:04:15.788806');
INSERT INTO "spree_state_changes" VALUES(518,'payment','balance_due',1069267032,1,'Spree::Order','balance_due','2013-05-23 18:04:15.824348','2013-05-23 18:04:15.824348');
INSERT INTO "spree_state_changes" VALUES(519,'shipment','pending',1069267032,1,'Spree::Order','pending','2013-05-23 18:04:15.830710','2013-05-23 18:04:15.830710');
INSERT INTO "spree_state_changes" VALUES(520,'payment','balance_due',1069267032,1,'Spree::Order','balance_due','2013-05-23 18:04:15.843992','2013-05-23 18:04:15.843992');
INSERT INTO "spree_state_changes" VALUES(521,'shipment','pending',1069267032,1,'Spree::Order','pending','2013-05-23 18:04:15.849430','2013-05-23 18:04:15.849430');
INSERT INTO "spree_state_changes" VALUES(522,'payment','balance_due',1069267032,1,'Spree::Order','balance_due','2013-05-23 18:04:15.877747','2013-05-23 18:04:15.877747');
INSERT INTO "spree_state_changes" VALUES(523,'shipment','pending',1069267032,1,'Spree::Order','pending','2013-05-23 18:04:15.884356','2013-05-23 18:04:15.884356');
INSERT INTO "spree_state_changes" VALUES(524,'payment','balance_due',1069267032,1,'Spree::Order','balance_due','2013-05-23 18:04:15.897550','2013-05-23 18:04:15.897550');
INSERT INTO "spree_state_changes" VALUES(525,'shipment','pending',1069267032,1,'Spree::Order','pending','2013-05-23 18:04:15.904341','2013-05-23 18:04:15.904341');
INSERT INTO "spree_state_changes" VALUES(526,'payment','balance_due',1069267032,1,'Spree::Order','balance_due','2013-05-23 18:04:16.063810','2013-05-23 18:04:16.063810');
INSERT INTO "spree_state_changes" VALUES(527,'shipment','pending',1069267032,1,'Spree::Order','pending','2013-05-23 18:04:16.069155','2013-05-23 18:04:16.069155');
INSERT INTO "spree_state_changes" VALUES(528,'payment','balance_due',1069267032,1,'Spree::Order','balance_due','2013-05-23 18:04:16.081396','2013-05-23 18:04:16.081396');
INSERT INTO "spree_state_changes" VALUES(529,'shipment','pending',1069267032,1,'Spree::Order','pending','2013-05-23 18:04:16.086782','2013-05-23 18:04:16.086782');
INSERT INTO "spree_state_changes" VALUES(530,'payment','balance_due',1069267032,1,'Spree::Order','balance_due','2013-05-23 18:04:16.119259','2013-05-23 18:04:16.119259');
INSERT INTO "spree_state_changes" VALUES(531,'shipment','pending',1069267032,1,'Spree::Order','pending','2013-05-23 18:04:16.124599','2013-05-23 18:04:16.124599');
INSERT INTO "spree_state_changes" VALUES(532,'payment','balance_due',1069267032,1,'Spree::Order','balance_due','2013-05-23 18:04:16.136737','2013-05-23 18:04:16.136737');
INSERT INTO "spree_state_changes" VALUES(533,'shipment','pending',1069267032,1,'Spree::Order','pending','2013-05-23 18:04:16.141906','2013-05-23 18:04:16.141906');
INSERT INTO "spree_state_changes" VALUES(534,'payment','balance_due',1069267032,1,'Spree::Order','balance_due','2013-05-23 18:04:16.278352','2013-05-23 18:04:16.278352');
INSERT INTO "spree_state_changes" VALUES(535,'shipment','pending',1069267032,1,'Spree::Order','pending','2013-05-23 18:04:16.285202','2013-05-23 18:04:16.285202');
INSERT INTO "spree_state_changes" VALUES(536,'payment','balance_due',1069267032,1,'Spree::Order','balance_due','2013-05-23 18:04:16.303388','2013-05-23 18:04:16.303388');
INSERT INTO "spree_state_changes" VALUES(537,'shipment','pending',1069267032,1,'Spree::Order','pending','2013-05-23 18:04:16.312021','2013-05-23 18:04:16.312021');
INSERT INTO "spree_state_changes" VALUES(538,'payment','balance_due',1069267032,1,'Spree::Order','balance_due','2013-05-23 18:04:16.378070','2013-05-23 18:04:16.378070');
INSERT INTO "spree_state_changes" VALUES(539,'shipment','pending',1069267032,1,'Spree::Order','pending','2013-05-23 18:04:16.383585','2013-05-23 18:04:16.383585');
INSERT INTO "spree_state_changes" VALUES(540,'payment','balance_due',1069267032,1,'Spree::Order','balance_due','2013-05-23 18:04:16.398244','2013-05-23 18:04:16.398244');
INSERT INTO "spree_state_changes" VALUES(541,'shipment','pending',1069267032,1,'Spree::Order','pending','2013-05-23 18:04:16.403804','2013-05-23 18:04:16.403804');
INSERT INTO "spree_state_changes" VALUES(542,'payment','balance_due',1069267032,1,'Spree::Order','balance_due','2013-05-23 18:08:46.134808','2013-05-23 18:08:46.134808');
INSERT INTO "spree_state_changes" VALUES(543,'shipment','pending',1069267032,1,'Spree::Order','pending','2013-05-23 18:08:46.142062','2013-05-23 18:08:46.142062');
INSERT INTO "spree_state_changes" VALUES(544,'payment','balance_due',1069267032,1,'Spree::Order','balance_due','2013-05-23 18:08:46.158553','2013-05-23 18:08:46.158553');
INSERT INTO "spree_state_changes" VALUES(545,'shipment','pending',1069267032,1,'Spree::Order','pending','2013-05-23 18:08:46.165684','2013-05-23 18:08:46.165684');
INSERT INTO "spree_state_changes" VALUES(546,'payment','balance_due',1069267032,1,'Spree::Order','balance_due','2013-05-23 18:08:46.218312','2013-05-23 18:08:46.218312');
INSERT INTO "spree_state_changes" VALUES(547,'shipment','pending',1069267032,1,'Spree::Order','pending','2013-05-23 18:08:46.224309','2013-05-23 18:08:46.224309');
INSERT INTO "spree_state_changes" VALUES(548,'payment','balance_due',1069267032,1,'Spree::Order','balance_due','2013-05-23 18:08:46.239519','2013-05-23 18:08:46.239519');
INSERT INTO "spree_state_changes" VALUES(549,'shipment','pending',1069267032,1,'Spree::Order','pending','2013-05-23 18:08:46.245194','2013-05-23 18:08:46.245194');
INSERT INTO "spree_state_changes" VALUES(550,'payment','balance_due',1069267032,1,'Spree::Order','balance_due','2013-05-23 18:08:46.281243','2013-05-23 18:08:46.281243');
INSERT INTO "spree_state_changes" VALUES(551,'shipment','pending',1069267032,1,'Spree::Order','pending','2013-05-23 18:08:46.288021','2013-05-23 18:08:46.288021');
INSERT INTO "spree_state_changes" VALUES(552,'payment','balance_due',1069267032,1,'Spree::Order','balance_due','2013-05-23 18:08:46.322190','2013-05-23 18:08:46.322190');
INSERT INTO "spree_state_changes" VALUES(553,'shipment','pending',1069267032,1,'Spree::Order','pending','2013-05-23 18:08:46.327730','2013-05-23 18:08:46.327730');
INSERT INTO "spree_state_changes" VALUES(554,'payment','balance_due',1069267032,1,'Spree::Order','balance_due','2013-05-23 18:08:46.341261','2013-05-23 18:08:46.341261');
INSERT INTO "spree_state_changes" VALUES(555,'shipment','pending',1069267032,1,'Spree::Order','pending','2013-05-23 18:08:46.346731','2013-05-23 18:08:46.346731');
INSERT INTO "spree_state_changes" VALUES(556,'payment','balance_due',1069267032,1,'Spree::Order','balance_due','2013-05-23 18:08:46.378167','2013-05-23 18:08:46.378167');
INSERT INTO "spree_state_changes" VALUES(557,'shipment','pending',1069267032,1,'Spree::Order','pending','2013-05-23 18:08:46.383736','2013-05-23 18:08:46.383736');
INSERT INTO "spree_state_changes" VALUES(558,'payment','balance_due',1069267032,1,'Spree::Order','balance_due','2013-05-23 18:08:46.396229','2013-05-23 18:08:46.396229');
INSERT INTO "spree_state_changes" VALUES(559,'shipment','pending',1069267032,1,'Spree::Order','pending','2013-05-23 18:08:46.401571','2013-05-23 18:08:46.401571');
INSERT INTO "spree_state_changes" VALUES(560,'payment','balance_due',1069267032,1,'Spree::Order','balance_due','2013-05-23 18:08:46.466695','2013-05-23 18:08:46.466695');
INSERT INTO "spree_state_changes" VALUES(561,'shipment','pending',1069267032,1,'Spree::Order','pending','2013-05-23 18:08:46.474300','2013-05-23 18:08:46.474300');
INSERT INTO "spree_state_changes" VALUES(562,'payment','balance_due',1069267032,1,'Spree::Order','balance_due','2013-05-23 18:08:46.485505','2013-05-23 18:08:46.485505');
INSERT INTO "spree_state_changes" VALUES(563,'shipment','pending',1069267032,1,'Spree::Order','pending','2013-05-23 18:08:46.491223','2013-05-23 18:08:46.491223');
INSERT INTO "spree_state_changes" VALUES(564,'payment','balance_due',1069267032,1,'Spree::Order','balance_due','2013-05-23 18:08:46.500238','2013-05-23 18:08:46.500238');
INSERT INTO "spree_state_changes" VALUES(565,'shipment','pending',1069267032,1,'Spree::Order','pending','2013-05-23 18:08:46.505966','2013-05-23 18:08:46.505966');
INSERT INTO "spree_state_changes" VALUES(566,'order','cart',1069267032,1,'Spree::Order','complete','2013-05-23 18:08:46.759178','2013-05-23 18:08:46.759178');
INSERT INTO "spree_state_changes" VALUES(567,'payment','balance_due',1069267032,1,'Spree::Order','balance_due','2013-05-23 18:08:46.927850','2013-05-23 18:08:46.927850');
INSERT INTO "spree_state_changes" VALUES(568,'shipment','pending',1069267032,1,'Spree::Order','pending','2013-05-23 18:08:46.935532','2013-05-23 18:08:46.935532');
INSERT INTO "spree_state_changes" VALUES(569,'payment','balance_due',1069267032,1,'Spree::Order','balance_due','2013-05-23 18:08:46.947709','2013-05-23 18:08:46.947709');
INSERT INTO "spree_state_changes" VALUES(570,'shipment','pending',1069267032,1,'Spree::Order','pending','2013-05-23 18:08:46.956132','2013-05-23 18:08:46.956132');
INSERT INTO "spree_state_changes" VALUES(571,'payment','balance_due',1069267032,1,'Spree::Order','balance_due','2013-05-23 18:08:46.992828','2013-05-23 18:08:46.992828');
INSERT INTO "spree_state_changes" VALUES(572,'shipment','pending',1069267032,1,'Spree::Order','pending','2013-05-23 18:08:46.998724','2013-05-23 18:08:46.998724');
INSERT INTO "spree_state_changes" VALUES(573,'payment','balance_due',1069267032,1,'Spree::Order','balance_due','2013-05-23 18:08:47.012087','2013-05-23 18:08:47.012087');
INSERT INTO "spree_state_changes" VALUES(574,'shipment','pending',1069267032,1,'Spree::Order','pending','2013-05-23 18:08:47.018823','2013-05-23 18:08:47.018823');
INSERT INTO "spree_state_changes" VALUES(575,'payment','balance_due',1069267032,1,'Spree::Order','balance_due','2013-05-23 18:20:26.132009','2013-05-23 18:20:26.132009');
INSERT INTO "spree_state_changes" VALUES(576,'shipment','pending',1069267032,1,'Spree::Order','pending','2013-05-23 18:20:26.141703','2013-05-23 18:20:26.141703');
INSERT INTO "spree_state_changes" VALUES(577,'payment','balance_due',1069267032,1,'Spree::Order','paid','2013-05-23 18:20:26.194555','2013-05-23 18:20:26.194555');
INSERT INTO "spree_state_changes" VALUES(578,'shipment','pending',1069267032,1,'Spree::Order','ready','2013-05-23 18:20:26.200844','2013-05-23 18:20:26.200844');
INSERT INTO "spree_state_changes" VALUES(579,'payment','paid',1069267032,1,'Spree::Order','paid','2013-05-23 18:22:39.385990','2013-05-23 18:22:39.385990');
INSERT INTO "spree_state_changes" VALUES(580,'shipment','ready',1069267032,1,'Spree::Order','shipped','2013-05-23 18:22:39.395166','2013-05-23 18:22:39.395166');
INSERT INTO "spree_state_changes" VALUES(581,'payment','paid',1069267032,1,'Spree::Order','paid','2013-05-23 18:22:39.408604','2013-05-23 18:22:39.408604');
INSERT INTO "spree_state_changes" VALUES(582,'shipment','ready',1069267032,1,'Spree::Order','shipped','2013-05-23 18:22:39.415989','2013-05-23 18:22:39.415989');
INSERT INTO "spree_state_changes" VALUES(583,'payment','paid',1069267031,1,'Spree::Order','paid','2013-06-27 16:46:48.707581','2013-06-27 16:46:48.707581');
INSERT INTO "spree_state_changes" VALUES(584,'shipment','shipped',1069267031,1,'Spree::Order','shipped','2013-06-27 16:46:48.723965','2013-06-27 16:46:48.723965');
INSERT INTO "spree_state_changes" VALUES(585,'payment','paid',1069267031,1,'Spree::Order','paid','2013-06-27 16:46:48.760698','2013-06-27 16:46:48.760698');
INSERT INTO "spree_state_changes" VALUES(586,'shipment','shipped',1069267031,1,'Spree::Order','shipped','2013-06-27 16:46:48.768683','2013-06-27 16:46:48.768683');
INSERT INTO "spree_state_changes" VALUES(587,'payment','paid',1069267031,1,'Spree::Order','paid','2013-06-27 16:46:48.945398','2013-06-27 16:46:48.945398');
INSERT INTO "spree_state_changes" VALUES(588,'shipment','shipped',1069267031,1,'Spree::Order','shipped','2013-06-27 16:46:48.950848','2013-06-27 16:46:48.950848');
INSERT INTO "spree_state_changes" VALUES(589,'payment','paid',1069267031,1,'Spree::Order','paid','2013-06-27 16:46:48.964661','2013-06-27 16:46:48.964661');
INSERT INTO "spree_state_changes" VALUES(590,'shipment','shipped',1069267031,1,'Spree::Order','shipped','2013-06-27 16:46:48.969848','2013-06-27 16:46:48.969848');
INSERT INTO "spree_state_changes" VALUES(591,'payment',NULL,1069267033,1,'Spree::Order','balance_due','2013-06-27 19:31:13.119481','2013-06-27 19:31:13.119481');
INSERT INTO "spree_state_changes" VALUES(592,'shipment',NULL,1069267033,1,'Spree::Order',NULL,'2013-06-27 19:31:13.139359','2013-06-27 19:31:13.139359');
INSERT INTO "spree_state_changes" VALUES(593,'payment','balance_due',1069267033,1,'Spree::Order','paid','2013-06-27 19:32:32.407652','2013-06-27 19:32:32.407652');
INSERT INTO "spree_state_changes" VALUES(594,'shipment',NULL,1069267033,1,'Spree::Order',NULL,'2013-06-27 19:32:32.411939','2013-06-27 19:32:32.411939');
INSERT INTO "spree_state_changes" VALUES(595,'payment','balance_due',1069267033,1,'Spree::Order','paid','2013-06-27 19:32:32.440272','2013-06-27 19:32:32.440272');
INSERT INTO "spree_state_changes" VALUES(596,'shipment',NULL,1069267033,1,'Spree::Order',NULL,'2013-06-27 19:32:32.444192','2013-06-27 19:32:32.444192');
CREATE TABLE "spree_states" ("id" INTEGER PRIMARY KEY AUTOINCREMENT NOT NULL, "name" varchar(255), "abbr" varchar(255), "country_id" integer);
INSERT INTO "spree_states" VALUES(6764998,'District of Columbia','DC',214);
INSERT INTO "spree_states" VALUES(17199670,'Utah','UT',214);
INSERT INTO "spree_states" VALUES(37199952,'Louisiana','LA',214);
INSERT INTO "spree_states" VALUES(41111624,'Virginia','VA',214);
INSERT INTO "spree_states" VALUES(51943165,'North Dakota','ND',214);
INSERT INTO "spree_states" VALUES(66390489,'Wyoming','WY',214);
INSERT INTO "spree_states" VALUES(69729944,'New Mexico','NM',214);
INSERT INTO "spree_states" VALUES(69870734,'Connecticut','CT',214);
INSERT INTO "spree_states" VALUES(91367981,'West Virginia','WV',214);
INSERT INTO "spree_states" VALUES(103680699,'Wisconsin','WI',214);
INSERT INTO "spree_states" VALUES(177087202,'North Carolina','NC',214);
INSERT INTO "spree_states" VALUES(179539703,'Nevada','NV',214);
INSERT INTO "spree_states" VALUES(199950338,'Hawaii','HI',214);
INSERT INTO "spree_states" VALUES(248548169,'Oklahoma','OK',214);
INSERT INTO "spree_states" VALUES(267271847,'Florida','FL',214);
INSERT INTO "spree_states" VALUES(276110813,'California','CA',214);
INSERT INTO "spree_states" VALUES(298914262,'Oregon','OR',214);
INSERT INTO "spree_states" VALUES(308473843,'Kentucky','KY',214);
INSERT INTO "spree_states" VALUES(385551075,'Massachusetts','MA',214);
INSERT INTO "spree_states" VALUES(403740659,'Alaska','AK',214);
INSERT INTO "spree_states" VALUES(414569975,'Washington','WA',214);
INSERT INTO "spree_states" VALUES(426832442,'New Hampshire','NH',214);
INSERT INTO "spree_states" VALUES(471470972,'Arkansas','AR',214);
INSERT INTO "spree_states" VALUES(471711976,'Pennsylvania','PA',214);
INSERT INTO "spree_states" VALUES(474001862,'Rhode Island','RI',214);
INSERT INTO "spree_states" VALUES(480368357,'Maryland','MD',214);
INSERT INTO "spree_states" VALUES(485193526,'Ohio','OH',214);
INSERT INTO "spree_states" VALUES(525212995,'Texas','TX',214);
INSERT INTO "spree_states" VALUES(532363768,'Mississippi','MS',214);
INSERT INTO "spree_states" VALUES(536031023,'Colorado','CO',214);
INSERT INTO "spree_states" VALUES(597434151,'South Carolina','SC',214);
INSERT INTO "spree_states" VALUES(615306087,'South Dakota','SD',214);
INSERT INTO "spree_states" VALUES(625629523,'Illinois','IL',214);
INSERT INTO "spree_states" VALUES(653576146,'Missouri','MO',214);
INSERT INTO "spree_states" VALUES(673350891,'Nebraska','NE',214);
INSERT INTO "spree_states" VALUES(721598219,'Delaware','DE',214);
INSERT INTO "spree_states" VALUES(726305632,'Tennessee','TN',214);
INSERT INTO "spree_states" VALUES(750950030,'New Jersey','NJ',214);
INSERT INTO "spree_states" VALUES(769938586,'Indiana','IN',214);
INSERT INTO "spree_states" VALUES(825306985,'Iowa','IA',214);
INSERT INTO "spree_states" VALUES(876916760,'Georgia','GA',214);
INSERT INTO "spree_states" VALUES(889445952,'New York','NY',214);
INSERT INTO "spree_states" VALUES(931624400,'Michigan','MI',214);
INSERT INTO "spree_states" VALUES(948208802,'Arizona','AZ',214);
INSERT INTO "spree_states" VALUES(969722173,'Kansas','KS',214);
INSERT INTO "spree_states" VALUES(982433740,'Idaho','ID',214);
INSERT INTO "spree_states" VALUES(989115415,'Vermont','VT',214);
INSERT INTO "spree_states" VALUES(999156632,'Montana','MT',214);
INSERT INTO "spree_states" VALUES(1032288924,'Minnesota','MN',214);
INSERT INTO "spree_states" VALUES(1055056709,'Maine','ME',214);
INSERT INTO "spree_states" VALUES(1061493585,'Alabama','AL',214);
CREATE TABLE "spree_tax_categories" ("id" INTEGER PRIMARY KEY AUTOINCREMENT NOT NULL, "name" varchar(255), "description" varchar(255), "is_default" boolean DEFAULT 'f', "deleted_at" datetime, "created_at" datetime NOT NULL, "updated_at" datetime NOT NULL);
INSERT INTO "spree_tax_categories" VALUES(25484906,'Clothing',NULL,'f',NULL,'2013-05-06 20:21:42','2013-05-06 20:21:42');
INSERT INTO "spree_tax_categories" VALUES(698318840,'Food',NULL,'f',NULL,'2013-05-06 20:21:42','2013-05-06 20:21:42');
CREATE TABLE "spree_tax_rates" ("id" INTEGER PRIMARY KEY AUTOINCREMENT NOT NULL, "amount" decimal(8,5), "zone_id" integer, "tax_category_id" integer, "included_in_price" boolean DEFAULT 'f', "created_at" datetime NOT NULL, "updated_at" datetime NOT NULL, "name" varchar(255), "show_rate_in_label" boolean DEFAULT 't');
INSERT INTO "spree_tax_rates" VALUES(967941380,0.05,2,25484906,'f','2013-05-06 20:21:42','2013-05-06 20:21:42',NULL,'t');
CREATE TABLE "spree_taxonomies" ("id" INTEGER PRIMARY KEY AUTOINCREMENT NOT NULL, "name" varchar(255) NOT NULL, "created_at" datetime NOT NULL, "updated_at" datetime NOT NULL, "position" integer DEFAULT 0);
INSERT INTO "spree_taxonomies" VALUES(475199832,'Bijoux','2013-05-06 20:21:42','2013-05-20 12:22:42.159195',0);
INSERT INTO "spree_taxonomies" VALUES(854451430,'Catgories','2013-05-06 20:21:42','2013-05-20 12:06:39.990605',1);
INSERT INTO "spree_taxonomies" VALUES(854451432,'Accessoires','2013-05-20 12:11:43.496003','2013-05-20 12:22:57.635939',3);
INSERT INTO "spree_taxonomies" VALUES(854451433,'Divers','2013-05-23 18:43:34.769887','2013-05-23 18:43:34.769887',2);
CREATE TABLE "spree_taxons" ("id" INTEGER PRIMARY KEY AUTOINCREMENT NOT NULL, "parent_id" integer, "position" integer DEFAULT 0, "name" varchar(255) NOT NULL, "permalink" varchar(255), "taxonomy_id" integer, "lft" integer, "rgt" integer, "icon_file_name" varchar(255), "icon_content_type" varchar(255), "icon_file_size" integer, "icon_updated_at" datetime, "description" text, "created_at" datetime NOT NULL, "updated_at" datetime NOT NULL);
INSERT INTO "spree_taxons" VALUES(1000,NULL,0,'Catgories','categories',854451430,1,24,NULL,NULL,NULL,NULL,NULL,'2013-05-06 20:21:42','2013-05-06 20:21:42');
INSERT INTO "spree_taxons" VALUES(1001,1000,0,'Bijoux','categories/clothing',854451430,2,11,NULL,NULL,NULL,NULL,NULL,'2013-05-06 20:21:42','2013-05-20 12:17:44.543059');
INSERT INTO "spree_taxons" VALUES(1002,1000,1,'Accessoires','categories/bags',854451430,12,21,NULL,NULL,NULL,NULL,NULL,'2013-05-06 20:21:42','2013-05-20 12:17:51.712555');
INSERT INTO "spree_taxons" VALUES(1003,1000,2,'Dco','categories/mugs',854451430,22,23,NULL,NULL,NULL,NULL,NULL,'2013-05-06 20:21:42','2013-05-20 12:18:03.288235');
INSERT INTO "spree_taxons" VALUES(2000,1001,0,'Colliers','categories/clothing/shirts',854451430,5,6,NULL,NULL,NULL,NULL,NULL,'2013-05-06 20:21:42','2013-05-20 12:18:16.562174');
INSERT INTO "spree_taxons" VALUES(20000,NULL,0,'Bijoux','brands',475199832,25,36,NULL,NULL,NULL,NULL,NULL,'2013-05-06 20:21:42','2013-05-06 20:21:42');
INSERT INTO "spree_taxons" VALUES(31989848,20000,1,'Colliers','brands/ruby-on-rails',475199832,28,29,NULL,NULL,NULL,NULL,NULL,'2013-05-06 20:21:42','2013-05-20 12:23:23.495260');
INSERT INTO "spree_taxons" VALUES(207281424,20000,0,'Bracelets','brands/ruby',475199832,30,31,NULL,NULL,NULL,NULL,NULL,'2013-05-06 20:21:42','2013-05-20 12:23:28.200250');
INSERT INTO "spree_taxons" VALUES(307170551,20000,2,'Boucles d''oreilles','brands/apache',475199832,32,33,NULL,NULL,NULL,NULL,NULL,'2013-05-06 20:21:42','2013-05-20 12:23:34.700928');
INSERT INTO "spree_taxons" VALUES(558398358,20000,3,'Montres','brands/spree',475199832,34,35,NULL,NULL,NULL,NULL,NULL,'2013-05-06 20:21:42','2013-05-20 12:23:44.613881');
INSERT INTO "spree_taxons" VALUES(558398360,NULL,0,'Accessoires','type',854451432,37,46,NULL,NULL,NULL,NULL,NULL,'2013-05-20 12:11:43.502071','2013-05-20 12:11:43.502071');
INSERT INTO "spree_taxons" VALUES(558398361,558398360,0,'Sacs','type/collier',854451432,38,39,NULL,NULL,NULL,NULL,NULL,'2013-05-20 12:12:01.573648','2013-05-20 12:23:57.740025');
INSERT INTO "spree_taxons" VALUES(558398363,1001,0,'Bracelets','categories/clothing/bracelets',854451430,3,4,NULL,NULL,NULL,NULL,NULL,'2013-05-20 12:18:27.359148','2013-05-20 12:18:29.339309');
INSERT INTO "spree_taxons" VALUES(558398364,1001,2,'Boucles d''oreilles','categories/clothing/boucles-doreille',854451430,7,8,NULL,NULL,NULL,NULL,NULL,'2013-05-20 12:18:57.261163','2013-05-20 12:19:08.371170');
INSERT INTO "spree_taxons" VALUES(558398365,1001,3,'Montres','categories/clothing/montres',854451430,9,10,NULL,NULL,NULL,NULL,NULL,'2013-05-20 12:19:02.115619','2013-05-20 12:19:02.115619');
INSERT INTO "spree_taxons" VALUES(558398366,1002,0,'Sacs','categories/bags/sacs',854451430,13,14,NULL,NULL,NULL,NULL,NULL,'2013-05-20 12:19:47.517952','2013-05-20 12:19:47.517952');
INSERT INTO "spree_taxons" VALUES(558398367,1002,1,'Trousses','categories/bags/trousses',854451430,15,16,NULL,NULL,NULL,NULL,NULL,'2013-05-20 12:19:52.605806','2013-05-20 12:19:52.605806');
INSERT INTO "spree_taxons" VALUES(558398368,1002,2,'Porte-cls','categories/bags/porte-cles',854451430,17,18,NULL,NULL,NULL,NULL,NULL,'2013-05-20 12:20:00.584453','2013-05-20 12:20:00.584453');
INSERT INTO "spree_taxons" VALUES(558398369,1002,3,'charpes et foulards','categories/bags/echarpes-et-foulards',854451430,19,20,NULL,NULL,NULL,NULL,NULL,'2013-05-20 12:20:16.188993','2013-05-20 12:20:16.188993');
INSERT INTO "spree_taxons" VALUES(558398370,558398360,2,'Trousses','type/trousses',854451432,40,41,NULL,NULL,NULL,NULL,NULL,'2013-05-20 12:24:02.318694','2013-05-20 12:24:09.015307');
INSERT INTO "spree_taxons" VALUES(558398371,558398360,2,'charpes et foulards','type/echarpes-et-foulards',854451432,44,45,NULL,NULL,NULL,NULL,NULL,'2013-05-20 12:24:19.998845','2013-05-20 12:24:19.998845');
INSERT INTO "spree_taxons" VALUES(558398372,558398360,2,'Porte-cls','type/porte-cles',854451432,42,43,NULL,NULL,NULL,NULL,NULL,'2013-05-20 12:24:40.532246','2013-05-20 12:24:43.109288');
INSERT INTO "spree_taxons" VALUES(558398373,NULL,0,'Divers','divers',854451433,47,48,NULL,NULL,NULL,NULL,NULL,'2013-05-23 18:43:34.778351','2013-05-23 18:43:34.778351');
INSERT INTO "spree_taxons" VALUES(558398374,20000,0,'Percings','brands/percings',475199832,26,27,NULL,NULL,NULL,NULL,NULL,'2013-05-23 18:44:17.167958','2013-05-23 18:44:45.701643');
CREATE TABLE "spree_tokenized_permissions" ("id" INTEGER PRIMARY KEY AUTOINCREMENT NOT NULL, "permissable_id" integer, "permissable_type" varchar(255), "token" varchar(255), "created_at" datetime NOT NULL, "updated_at" datetime NOT NULL);
INSERT INTO "spree_tokenized_permissions" VALUES(1,1069267030,'Spree::Order','2ea65bf57d885335','2013-05-06 20:23:13.241065','2013-05-06 20:23:13.241065');
INSERT INTO "spree_tokenized_permissions" VALUES(2,1069267031,'Spree::Order','17033a40b9ffe23e','2013-05-23 14:09:14.896787','2013-05-23 14:09:14.896787');
INSERT INTO "spree_tokenized_permissions" VALUES(3,1069267032,'Spree::Order','decd2c052cf8eecb','2013-05-23 14:27:21.068549','2013-05-23 14:27:21.068549');
INSERT INTO "spree_tokenized_permissions" VALUES(4,1069267033,'Spree::Order','ca7cb7c9f18f65f2','2013-05-23 18:08:46.859881','2013-05-23 18:08:46.859881');
INSERT INTO "spree_tokenized_permissions" VALUES(5,1069267034,'Spree::Order','da1fc3635cc8a15a','2013-07-26 09:54:02.611734','2013-07-26 09:54:02.611734');
CREATE TABLE "spree_trackers" ("id" INTEGER PRIMARY KEY AUTOINCREMENT NOT NULL, "environment" varchar(255), "analytics_id" varchar(255), "active" boolean DEFAULT 't', "created_at" datetime NOT NULL, "updated_at" datetime NOT NULL);
CREATE TABLE "spree_zone_members" ("id" INTEGER PRIMARY KEY AUTOINCREMENT NOT NULL, "zoneable_id" integer, "zoneable_type" varchar(255), "zone_id" integer, "created_at" datetime NOT NULL, "updated_at" datetime NOT NULL);
INSERT INTO "spree_zone_members" VALUES(4914820,13,'Spree::Country',1,'2009-06-04 13:22:26.000000','2009-06-04 13:22:26.000000');
INSERT INTO "spree_zone_members" VALUES(5807739,96,'Spree::Country',1,'2009-06-04 13:22:26.000000','2009-06-04 13:22:26.000000');
INSERT INTO "spree_zone_members" VALUES(35022990,188,'Spree::Country',1,'2009-06-04 13:22:26.000000','2009-06-04 13:22:26.000000');
INSERT INTO "spree_zone_members" VALUES(91991191,163,'Spree::Country',1,'2009-06-04 13:22:26.000000','2009-06-04 13:22:26.000000');
INSERT INTO "spree_zone_members" VALUES(120011419,52,'Spree::Country',1,'2009-06-04 13:22:26.000000','2009-06-04 13:22:26.000000');
INSERT INTO "spree_zone_members" VALUES(120937060,117,'Spree::Country',1,'2009-06-04 13:22:26.000000','2009-06-04 13:22:26.000000');
INSERT INTO "spree_zone_members" VALUES(195044517,214,'Spree::Country',2,'2009-06-04 17:22:41.000000','2009-06-04 17:22:41.000000');
INSERT INTO "spree_zone_members" VALUES(244414130,68,'Spree::Country',1,'2009-06-04 13:22:26.000000','2009-06-04 13:22:26.000000');
INSERT INTO "spree_zone_members" VALUES(394938353,162,'Spree::Country',1,'2009-06-04 13:22:26.000000','2009-06-04 13:22:26.000000');
INSERT INTO "spree_zone_members" VALUES(423866172,20,'Spree::Country',1,'2009-06-04 13:22:26.000000','2009-06-04 13:22:26.000000');
INSERT INTO "spree_zone_members" VALUES(424792003,90,'Spree::Country',1,'2009-06-04 13:22:26.000000','2009-06-04 13:22:26.000000');
INSERT INTO "spree_zone_members" VALUES(477297967,184,'Spree::Country',1,'2009-06-04 13:22:26.000000','2009-06-04 13:22:26.000000');
INSERT INTO "spree_zone_members" VALUES(506358563,53,'Spree::Country',1,'2009-06-04 13:22:26.000000','2009-06-04 13:22:26.000000');
INSERT INTO "spree_zone_members" VALUES(507251676,116,'Spree::Country',1,'2009-06-04 13:22:26.000000','2009-06-04 13:22:26.000000');
INSERT INTO "spree_zone_members" VALUES(546142054,142,'Spree::Country',1,'2009-06-04 13:22:26.000000','2009-06-04 13:22:26.000000');
INSERT INTO "spree_zone_members" VALUES(690576312,62,'Spree::Country',1,'2009-06-04 13:22:26.000000','2009-06-04 13:22:26.000000');
INSERT INTO "spree_zone_members" VALUES(691747661,110,'Spree::Country',1,'2009-06-04 13:22:26.000000','2009-06-04 13:22:26.000000');
INSERT INTO "spree_zone_members" VALUES(729140670,183,'Spree::Country',1,'2009-06-04 13:22:26.000000','2009-06-04 13:22:26.000000');
INSERT INTO "spree_zone_members" VALUES(739772837,213,'Spree::Country',1,'2009-06-04 13:22:26.000000','2009-06-04 13:22:26.000000');
INSERT INTO "spree_zone_members" VALUES(776249265,30,'Spree::Country',1,'2009-06-04 13:22:26.000000','2009-06-04 13:22:26.000000');
INSERT INTO "spree_zone_members" VALUES(777453396,74,'Spree::Country',1,'2009-06-04 13:22:26.000000','2009-06-04 13:22:26.000000');
INSERT INTO "spree_zone_members" VALUES(807406092,51,'Spree::Country',1,'2009-06-04 13:22:26.000000','2009-06-04 13:22:26.000000');
INSERT INTO "spree_zone_members" VALUES(808610553,125,'Spree::Country',1,'2009-06-04 13:22:26.000000','2009-06-04 13:22:26.000000');
INSERT INTO "spree_zone_members" VALUES(847027202,167,'Spree::Country',1,'2009-06-04 13:22:26.000000','2009-06-04 13:22:26.000000');
INSERT INTO "spree_zone_members" VALUES(890329113,194,'Spree::Country',1,'2009-06-04 13:22:26.000000','2009-06-04 13:22:26.000000');
INSERT INTO "spree_zone_members" VALUES(929017584,98,'Spree::Country',1,'2009-06-04 13:22:26.000000','2009-06-04 13:22:26.000000');
INSERT INTO "spree_zone_members" VALUES(966149671,67,'Spree::Country',1,'2009-06-04 13:22:26.000000','2009-06-04 13:22:26.000000');
INSERT INTO "spree_zone_members" VALUES(1017582644,35,'Spree::Country',2,'2009-06-04 17:22:41.000000','2009-06-04 17:22:41.000000');
INSERT INTO "spree_zone_members" VALUES(1017582645,68,'Spree::Country',1,'2013-05-23 14:13:21.462146','2013-05-23 14:13:21.462146');
INSERT INTO "spree_zone_members" VALUES(1017582646,68,'Spree::Country',3,'2013-05-23 14:24:52.199110','2013-05-23 14:24:52.199110');
CREATE TABLE "spree_zones" ("id" INTEGER PRIMARY KEY AUTOINCREMENT NOT NULL, "name" varchar(255), "description" varchar(255), "default_tax" boolean DEFAULT 'f', "zone_members_count" integer DEFAULT 0, "created_at" datetime NOT NULL, "updated_at" datetime NOT NULL);
INSERT INTO "spree_zones" VALUES(1,'EU_VAT','Countries that make up the EU VAT zone.','f',1,'2009-06-04 17:22:26.000000','2009-06-04 17:22:26.000000');
INSERT INTO "spree_zones" VALUES(2,'North America','USA + Canada','f',0,'2009-06-04 17:22:41.000000','2009-06-04 17:22:41.000000');
INSERT INTO "spree_zones" VALUES(3,'France','','f',1,'2013-05-23 14:24:28.526446','2013-05-23 14:24:28.526446');
CREATE TABLE "spree_preferences" ("id" INTEGER PRIMARY KEY AUTOINCREMENT NOT NULL, "value" text, "key" varchar(255), "value_type" varchar(255), "created_at" datetime NOT NULL, "updated_at" datetime NOT NULL);
INSERT INTO "spree_preferences" VALUES(1,'5.0','spree/calculator/flat_rate/amount/909221584','decimal','2013-05-06 20:21:56.641539','2013-05-06 20:21:56.641539');
INSERT INTO "spree_preferences" VALUES(2,'USD','spree/calculator/flat_rate/currency/909221584','string','2013-05-06 20:21:56.647184','2013-05-06 20:21:56.647184');
INSERT INTO "spree_preferences" VALUES(3,'5.0','spree/calculator/flat_rate/amount/144256889','decimal','2013-05-06 20:21:56.655072','2013-05-06 20:21:56.655072');
INSERT INTO "spree_preferences" VALUES(4,'EUR','spree/calculator/flat_rate/currency/144256889','string','2013-05-06 20:21:56.659128','2013-05-06 20:21:56.659128');
INSERT INTO "spree_preferences" VALUES(5,'15.0','spree/calculator/flat_rate/amount/273448578','decimal','2013-05-06 20:21:56.665448','2013-05-06 20:21:56.665448');
INSERT INTO "spree_preferences" VALUES(6,'USD','spree/calculator/flat_rate/currency/273448578','string','2013-05-06 20:21:56.669917','2013-05-06 20:21:56.669917');
INSERT INTO "spree_preferences" VALUES(7,'10.0','spree/calculator/flat_rate/amount/319692212','decimal','2013-05-06 20:21:56.675961','2013-05-06 20:21:56.675961');
INSERT INTO "spree_preferences" VALUES(8,'USD','spree/calculator/flat_rate/currency/319692212','string','2013-05-06 20:21:56.679940','2013-05-06 20:21:56.679940');
INSERT INTO "spree_preferences" VALUES(9,'5.0','spree/calculator/flat_rate/amount/909221585','decimal','2013-05-23 14:11:47.124240','2013-05-23 14:23:32.172457');
INSERT INTO "spree_preferences" VALUES(10,'EUR','spree/calculator/flat_rate/currency/909221585','string','2013-05-23 14:11:47.130942','2013-05-23 14:23:32.175782');
INSERT INTO "spree_preferences" VALUES(11,'5.0','spree/calculator/flat_rate/amount/909221586','decimal','2013-05-23 14:26:27.933539','2013-05-23 14:26:27.933539');
INSERT INTO "spree_preferences" VALUES(12,'EUR','spree/calculator/flat_rate/currency/909221586','string','2013-05-23 14:26:27.936090','2013-05-23 14:26:27.936090');
INSERT INTO "spree_preferences" VALUES(13,'93954','spree/dash_configuration/app_id','string','2013-07-26 09:40:51.577231','2013-07-26 09:40:51.577231');
INSERT INTO "spree_preferences" VALUES(14,'ed503455570b9a73280f5e885ff004fc','spree/dash_configuration/app_token','string','2013-07-26 09:40:51.584211','2013-07-26 09:40:51.584211');
INSERT INTO "spree_preferences" VALUES(15,'135602','spree/dash_configuration/site_id','string','2013-07-26 09:40:51.589972','2013-07-26 09:40:51.589972');
INSERT INTO "spree_preferences" VALUES(16,'3fffe1087642c2ada8ea0279c74b002e','spree/dash_configuration/token','string','2013-07-26 09:40:51.594980','2013-07-26 09:40:51.594980');
INSERT INTO "spree_preferences" VALUES(17,'Isenghien','spree/app_configuration/site_name','string','2013-07-26 11:05:18.480793','2013-07-26 11:05:18.480793');
INSERT INTO "spree_preferences" VALUES(18,'f','spree/app_configuration/allow_ssl_in_production','boolean','2013-07-26 11:05:18.590265','2013-07-26 11:05:18.590265');
CREATE TABLE "spree_products" ("id" INTEGER PRIMARY KEY AUTOINCREMENT NOT NULL, "name" varchar(255) DEFAULT '' NOT NULL, "description" text, "available_on" datetime, "deleted_at" datetime, "permalink" varchar(255), "meta_description" varchar(255), "meta_keywords" varchar(255), "tax_category_id" integer, "shipping_category_id" integer, "count_on_hand" integer DEFAULT 0, "created_at" datetime NOT NULL, "updated_at" datetime NOT NULL, "on_demand" boolean DEFAULT 'f');
INSERT INTO "spree_products" VALUES(1060500593,'Bracelet cuir  Cadenas ','Lorem ipsum dolor sit amet, consectetur adipiscing elit. Quisque commodo felis sit amet turpis bibendum id porta orci rhoncus. Nulla ullamcorper placerat hendrerit. Fusce turpis tortor, hendrerit a dictum in, mattis id erat. Donec metus sapien, suscipit ac malesuada vitae, suscipit vel nunc. Maecenas ac est quis magna placerat dignissim. Mauris nunc ante, tincidunt quis pharetra eu, euismod a tortor. Fusce id augue nibh, nec viverra orci. Nunc ut massa a justo ultrices bibendum at eget nisl. Proin a faucibus nulla. Nullam ac lectus at ipsum pulvinar pharetra eu in nunc. Nulla facilisi. Fusce vitae tellus sit amet nulla interdum. ','2013-05-22 00:00:00.000000',NULL,'bracelet-cuir-<<-cadenas->>','','',NULL,727197546,10,'2013-05-22 18:31:07.862759','2013-05-23 18:08:46.459083','f');
INSERT INTO "spree_products" VALUES(1060500594,'Collier Babouchka','','2013-05-22 00:00:00.000000',NULL,'collier-babouchka','','',NULL,NULL,0,'2013-05-23 13:06:23.695233','2013-05-23 13:06:38.671234','f');
INSERT INTO "spree_products" VALUES(1060500595,'Montre Gomme','','2013-05-22 00:00:00.000000',NULL,'montre-gomme','','',25484906,NULL,9,'2013-05-23 14:00:45.591691','2013-05-23 14:30:21.364215','f');
INSERT INTO "spree_products" VALUES(1060500596,'Sac cuir sauvage',NULL,'2013-05-22 00:00:00.000000',NULL,'sac-cuir-sauvage',NULL,NULL,NULL,NULL,0,'2013-05-23 14:03:05.174179','2013-05-23 14:03:05.186029','f');
INSERT INTO "spree_products" VALUES(1060500597,'Onion Rings','','2013-05-22 00:00:00.000000',NULL,'onion-rings','','',NULL,NULL,10,'2013-05-23 18:31:07.004657','2013-05-23 18:37:53.580493','f');
CREATE TABLE "spree_variants" ("id" INTEGER PRIMARY KEY AUTOINCREMENT NOT NULL, "sku" varchar(255) DEFAULT '' NOT NULL, "weight" decimal(8,2), "height" decimal(8,2), "width" decimal(8,2), "depth" decimal(8,2), "deleted_at" datetime, "is_master" boolean DEFAULT 'f', "product_id" integer, "count_on_hand" integer DEFAULT 0, "cost_price" decimal(8,2), "position" integer, "lock_version" integer DEFAULT 0, "on_demand" boolean DEFAULT 'f', "cost_currency" varchar(255));
INSERT INTO "spree_variants" VALUES(1013589413,'BC-0001',NULL,NULL,NULL,NULL,NULL,'t',1060500593,10,NULL,NULL,2,'f','EUR');
INSERT INTO "spree_variants" VALUES(1013589414,'',NULL,NULL,NULL,NULL,NULL,'f',1060500593,8,NULL,NULL,3,'f','EUR');
INSERT INTO "spree_variants" VALUES(1013589415,'',NULL,NULL,NULL,NULL,NULL,'f',1060500593,10,NULL,NULL,1,'f','EUR');
INSERT INTO "spree_variants" VALUES(1013589416,'',NULL,NULL,NULL,NULL,NULL,'f',1060500593,9,NULL,NULL,2,'f','EUR');
INSERT INTO "spree_variants" VALUES(1013589417,'CB-0001',NULL,NULL,NULL,NULL,NULL,'t',1060500594,0,NULL,NULL,1,'f','EUR');
INSERT INTO "spree_variants" VALUES(1013589418,'MG-001',NULL,NULL,NULL,NULL,NULL,'t',1060500595,9,NULL,NULL,3,'f','EUR');
INSERT INTO "spree_variants" VALUES(1013589419,'SC-001',NULL,NULL,NULL,NULL,NULL,'t',1060500596,0,NULL,NULL,1,'f','EUR');
INSERT INTO "spree_variants" VALUES(1013589420,'',NULL,NULL,NULL,NULL,NULL,'t',1060500597,10,NULL,NULL,2,'f','EUR');
INSERT INTO "spree_variants" VALUES(1013589421,'',NULL,NULL,NULL,NULL,NULL,'f',1060500597,10,NULL,NULL,1,'f','EUR');
CREATE TABLE "spree_prices" ("id" INTEGER PRIMARY KEY AUTOINCREMENT NOT NULL, "variant_id" integer NOT NULL, "amount" decimal(8,2), "currency" varchar(255));
INSERT INTO "spree_prices" VALUES(1068543134,1013589413,16,'EUR');
INSERT INTO "spree_prices" VALUES(1068543135,1013589414,16,'EUR');
INSERT INTO "spree_prices" VALUES(1068543136,1013589415,16,'EUR');
INSERT INTO "spree_prices" VALUES(1068543137,1013589416,16,'EUR');
INSERT INTO "spree_prices" VALUES(1068543138,1013589417,14,'EUR');
INSERT INTO "spree_prices" VALUES(1068543139,1013589418,30,'EUR');
INSERT INTO "spree_prices" VALUES(1068543140,1013589419,30,'EUR');
INSERT INTO "spree_prices" VALUES(1068543141,1013589420,10,'EUR');
INSERT INTO "spree_prices" VALUES(1068543142,1013589421,10,'EUR');
INSERT INTO "spree_prices" VALUES(1068543143,1013589413,NULL,'USD');
INSERT INTO "spree_prices" VALUES(1068543144,1013589417,NULL,'USD');
INSERT INTO "spree_prices" VALUES(1068543145,1013589418,NULL,'USD');
INSERT INTO "spree_prices" VALUES(1068543146,1013589420,NULL,'USD');
INSERT INTO "spree_prices" VALUES(1068543147,1013589419,NULL,'USD');
CREATE TABLE "spree_payment_methods" ("id" INTEGER PRIMARY KEY AUTOINCREMENT NOT NULL, "type" varchar(255), "name" varchar(255), "description" text, "active" boolean DEFAULT 't', "environment" varchar(255) DEFAULT 'development', "deleted_at" datetime, "created_at" datetime NOT NULL, "updated_at" datetime NOT NULL, "display_on" varchar(255));
INSERT INTO "spree_payment_methods" VALUES(193416319,'Spree::Gateway::Bogus','Credit Card','Bogus payment gateway for development.','t','development',NULL,'2013-05-06 20:21:41','2013-05-06 20:21:41',NULL);
INSERT INTO "spree_payment_methods" VALUES(535962117,'Spree::Gateway::Bogus','Credit Card','Bogus payment gateway for test.','t','test',NULL,'2013-05-06 20:21:41','2013-05-06 20:21:41',NULL);
INSERT INTO "spree_payment_methods" VALUES(732545999,'Spree::PaymentMethod::Check','Check','Pay by check.','t','development',NULL,'2013-05-06 20:21:41','2013-05-06 20:21:41',NULL);
INSERT INTO "spree_payment_methods" VALUES(842616223,'Spree::Gateway::Bogus','Credit Card','Bogus payment gateway for production.','t','production',NULL,'2013-05-06 20:21:41','2013-05-06 20:21:41',NULL);
INSERT INTO "spree_payment_methods" VALUES(931422120,'Spree::Gateway::Bogus','Credit Card','Bogus payment gateway for staging.','t','staging',NULL,'2013-05-06 20:21:41','2013-05-06 20:21:41',NULL);
CREATE TABLE "spree_products_promotion_rules" ("product_id" integer, "promotion_rule_id" integer);
CREATE TABLE "spree_promotion_action_line_items" ("id" INTEGER PRIMARY KEY AUTOINCREMENT NOT NULL, "promotion_action_id" integer, "variant_id" integer, "quantity" integer DEFAULT 1);
CREATE TABLE "spree_promotion_actions" ("id" INTEGER PRIMARY KEY AUTOINCREMENT NOT NULL, "activator_id" integer, "position" integer, "type" varchar(255));
CREATE TABLE "spree_promotion_rules" ("id" INTEGER PRIMARY KEY AUTOINCREMENT NOT NULL, "activator_id" integer, "user_id" integer, "product_group_id" integer, "type" varchar(255), "created_at" datetime NOT NULL, "updated_at" datetime NOT NULL);
CREATE TABLE "spree_promotion_rules_users" ("user_id" integer, "promotion_rule_id" integer);
CREATE TABLE "spree_skrill_transactions" ("id" INTEGER PRIMARY KEY AUTOINCREMENT NOT NULL, "email" varchar(255), "amount" float, "currency" varchar(255), "transaction_id" integer, "customer_id" integer, "payment_type" varchar(255), "created_at" datetime NOT NULL, "updated_at" datetime NOT NULL);
CREATE TABLE "spree_users" ("id" INTEGER PRIMARY KEY AUTOINCREMENT NOT NULL, "encrypted_password" varchar(128), "password_salt" varchar(128), "email" varchar(255), "remember_token" varchar(255), "persistence_token" varchar(255), "reset_password_token" varchar(255), "perishable_token" varchar(255), "sign_in_count" integer DEFAULT 0 NOT NULL, "failed_attempts" integer DEFAULT 0 NOT NULL, "last_request_at" datetime, "current_sign_in_at" datetime, "last_sign_in_at" datetime, "current_sign_in_ip" varchar(255), "last_sign_in_ip" varchar(255), "login" varchar(255), "ship_address_id" integer, "bill_address_id" integer, "authentication_token" varchar(255), "unlock_token" varchar(255), "locked_at" datetime, "reset_password_sent_at" datetime, "created_at" datetime NOT NULL, "updated_at" datetime NOT NULL, "spree_api_key" varchar(48), "remember_created_at" datetime);
INSERT INTO "spree_users" VALUES(1,'a394ab31d2936c00388cf116aab1d1dfada13474648f8c89038cfcc80a427309405bf463f9c665d3efb060b7d55ebb125445f0dd91269ab941f8066fd0362933','QsBo8sSkXjX6zvywohXM','ploufrom@gmail.com',NULL,NULL,NULL,NULL,6,0,NULL,'2013-07-26 09:40:49.710655','2013-06-27 15:56:08.907540','127.0.0.1','127.0.0.1','ploufrom@gmail.com',NULL,NULL,NULL,NULL,NULL,NULL,'2013-05-06 20:21:19.347825','2013-07-26 09:40:49.719887',NULL,NULL);
DELETE FROM sqlite_sequence;
INSERT INTO "sqlite_sequence" VALUES('spree_countries',998);
INSERT INTO "sqlite_sequence" VALUES('spree_roles',930089099);
INSERT INTO "sqlite_sequence" VALUES('spree_states',1061493585);
INSERT INTO "sqlite_sequence" VALUES('spree_zone_members',1017582646);
INSERT INTO "sqlite_sequence" VALUES('spree_zones',3);
INSERT INTO "sqlite_sequence" VALUES('spree_users',1);
INSERT INTO "sqlite_sequence" VALUES('spree_addresses',1072978402);
INSERT INTO "sqlite_sequence" VALUES('spree_adjustments',1073043777);
INSERT INTO "sqlite_sequence" VALUES('spree_assets',1047);
INSERT INTO "sqlite_sequence" VALUES('spree_calculators',909221587);
INSERT INTO "sqlite_sequence" VALUES('spree_line_items',1070870204);
INSERT INTO "sqlite_sequence" VALUES('spree_option_types',935339118);
INSERT INTO "sqlite_sequence" VALUES('spree_option_values',979459989);
INSERT INTO "sqlite_sequence" VALUES('spree_orders',1069267034);
INSERT INTO "sqlite_sequence" VALUES('spree_payment_methods',931422120);
INSERT INTO "sqlite_sequence" VALUES('spree_prices',1068543147);
INSERT INTO "sqlite_sequence" VALUES('spree_product_option_types',770483858);
INSERT INTO "sqlite_sequence" VALUES('spree_product_properties',1073273136);
INSERT INTO "sqlite_sequence" VALUES('spree_products',1060500597);
INSERT INTO "sqlite_sequence" VALUES('spree_properties',905834902);
INSERT INTO "sqlite_sequence" VALUES('spree_prototypes',571598465);
INSERT INTO "sqlite_sequence" VALUES('spree_shipments',1053930495);
INSERT INTO "sqlite_sequence" VALUES('spree_shipping_categories',727197546);
INSERT INTO "sqlite_sequence" VALUES('spree_shipping_methods',909221587);
INSERT INTO "sqlite_sequence" VALUES('spree_tax_categories',698318840);
INSERT INTO "sqlite_sequence" VALUES('spree_tax_rates',967941380);
INSERT INTO "sqlite_sequence" VALUES('spree_taxonomies',854451433);
INSERT INTO "sqlite_sequence" VALUES('spree_taxons',558398374);
INSERT INTO "sqlite_sequence" VALUES('spree_variants',1013589421);
INSERT INTO "sqlite_sequence" VALUES('spree_inventory_units',446);
INSERT INTO "sqlite_sequence" VALUES('spree_credit_cards',1);
INSERT INTO "sqlite_sequence" VALUES('spree_state_changes',596);
INSERT INTO "sqlite_sequence" VALUES('spree_payments',102);
INSERT INTO "sqlite_sequence" VALUES('spree_preferences',18);
INSERT INTO "sqlite_sequence" VALUES('spree_tokenized_permissions',5);
INSERT INTO "sqlite_sequence" VALUES('spree_log_entries',2);
CREATE UNIQUE INDEX "unique_schema_migrations" ON "schema_migrations" ("version");
CREATE INDEX "index_addresses_on_firstname" ON "spree_addresses" ("firstname");
CREATE INDEX "index_addresses_on_lastname" ON "spree_addresses" ("lastname");
CREATE INDEX "index_adjustments_on_order_id" ON "spree_adjustments" ("adjustable_id");
CREATE INDEX "index_assets_on_viewable_id" ON "spree_assets" ("viewable_id");
CREATE INDEX "index_assets_on_viewable_type_and_type" ON "spree_assets" ("viewable_type", "type");
CREATE INDEX "index_spree_configurations_on_name_and_type" ON "spree_configurations" ("name", "type");
CREATE INDEX "index_inventory_units_on_order_id" ON "spree_inventory_units" ("order_id");
CREATE INDEX "index_inventory_units_on_shipment_id" ON "spree_inventory_units" ("shipment_id");
CREATE INDEX "index_inventory_units_on_variant_id" ON "spree_inventory_units" ("variant_id");
CREATE INDEX "index_spree_line_items_on_order_id" ON "spree_line_items" ("order_id");
CREATE INDEX "index_spree_line_items_on_variant_id" ON "spree_line_items" ("variant_id");
CREATE INDEX "index_option_values_variants_on_variant_id_and_option_value_id" ON "spree_option_values_variants" ("variant_id", "option_value_id");
CREATE INDEX "index_spree_option_values_variants_on_variant_id" ON "spree_option_values_variants" ("variant_id");
CREATE INDEX "index_spree_orders_on_number" ON "spree_orders" ("number");
CREATE INDEX "index_product_properties_on_product_id" ON "spree_product_properties" ("product_id");
CREATE INDEX "index_spree_products_taxons_on_product_id" ON "spree_products_taxons" ("product_id");
CREATE INDEX "index_spree_products_taxons_on_taxon_id" ON "spree_products_taxons" ("taxon_id");
CREATE INDEX "index_spree_roles_users_on_role_id" ON "spree_roles_users" ("role_id");
CREATE INDEX "index_spree_roles_users_on_user_id" ON "spree_roles_users" ("user_id");
CREATE INDEX "index_shipments_on_number" ON "spree_shipments" ("number");
CREATE INDEX "index_taxons_on_parent_id" ON "spree_taxons" ("parent_id");
CREATE INDEX "index_taxons_on_permalink" ON "spree_taxons" ("permalink");
CREATE INDEX "index_taxons_on_taxonomy_id" ON "spree_taxons" ("taxonomy_id");
CREATE INDEX "index_tokenized_name_and_type" ON "spree_tokenized_permissions" ("permissable_id", "permissable_type");
CREATE UNIQUE INDEX "index_spree_preferences_on_key" ON "spree_preferences" ("key");
CREATE INDEX "index_spree_products_on_available_on" ON "spree_products" ("available_on");
CREATE INDEX "index_spree_products_on_deleted_at" ON "spree_products" ("deleted_at");
CREATE INDEX "index_spree_products_on_name" ON "spree_products" ("name");
CREATE INDEX "index_spree_products_on_permalink" ON "spree_products" ("permalink");
CREATE INDEX "index_spree_variants_on_product_id" ON "spree_variants" ("product_id");
CREATE INDEX "index_products_promotion_rules_on_product_id" ON "spree_products_promotion_rules" ("product_id");
CREATE INDEX "index_products_promotion_rules_on_promotion_rule_id" ON "spree_products_promotion_rules" ("promotion_rule_id");
CREATE INDEX "index_promotion_rules_on_product_group_id" ON "spree_promotion_rules" ("product_group_id");
CREATE INDEX "index_promotion_rules_on_user_id" ON "spree_promotion_rules" ("user_id");
CREATE INDEX "index_promotion_rules_users_on_promotion_rule_id" ON "spree_promotion_rules_users" ("promotion_rule_id");
CREATE INDEX "index_promotion_rules_users_on_user_id" ON "spree_promotion_rules_users" ("user_id");
CREATE UNIQUE INDEX "email_idx_unique" ON "spree_users" ("email");
COMMIT;
